date,level,series_id
2023-08-14,1.0,etf:510300.SS
2023-08-15,0.9975552612814504,etf:510300.SS
2023-08-16,0.9902974432107567,etf:510300.SS
2023-08-17,0.9935316288071712,etf:510300.SS
2023-08-18,0.981435265356015,etf:510300.SS
2023-08-21,0.9673780177243557,etf:510300.SS
2023-08-22,0.9747886319649587,etf:510300.SS
2023-08-23,0.9589232963227055,etf:510300.SS
2023-08-24,0.9657991239686259,etf:510300.SS
2023-08-25,0.9627941326270756,etf:510300.SS
2023-08-28,0.974126515228685,etf:510300.SS
2023-08-29,0.9837526739329734,etf:510300.SS
2023-08-30,0.9832433533666091,etf:510300.SS
2023-08-31,0.9772843027401448,etf:510300.SS
2023-09-01,0.9841346643577468,etf:510300.SS
2023-09-04,0.9989813588672711,etf:510300.SS
2023-09-05,0.991570744626668,etf:510300.SS
2023-09-06,0.9894061322196191,etf:510300.SS
2023-09-07,0.9755780788428238,etf:510300.SS
2023-09-08,0.9707904655189977,etf:510300.SS
2023-09-11,0.9779209534481003,etf:510300.SS
2023-09-12,0.9761128654375064,etf:510300.SS
2023-09-13,0.9698991545278599,etf:510300.SS
2023-09-14,0.9690842416216767,etf:510300.SS
2023-09-15,0.9627686665987573,etf:510300.SS
2023-09-18,0.967658144035856,etf:510300.SS
2023-09-19,0.9657991239686257,etf:510300.SS
2023-09-20,0.9621065498624832,etf:510300.SS
2023-09-21,0.9534990322909237,etf:510300.SS
2023-09-22,0.9706631353774062,etf:510300.SS
2023-09-25,0.9643220943261686,etf:510300.SS
2023-09-26,0.9587195680961593,etf:510300.SS
2023-09-27,0.9606804522766625,etf:510300.SS
2023-09-28,0.9578282571050215,etf:510300.SS
2023-10-09,0.9563766934908827,etf:510300.SS
2023-10-10,0.9492207395334619,etf:510300.SS
2023-10-11,0.9518692064785572,etf:510300.SS
2023-10-12,0.9608841805032085,etf:510300.SS
2023-10-13,0.9507996332891919,etf:510300.SS
2023-10-16,0.9413008047264945,etf:510300.SS
2023-10-17,0.944560456351227,etf:510300.SS
2023-10-18,0.9370989100539876,etf:510300.SS
2023-10-19,0.9171335438525003,etf:510300.SS
2023-10-20,0.9111490271977178,etf:510300.SS
2023-10-23,0.9016501986350204,etf:510300.SS
2023-10-24,0.9049862483447076,etf:510300.SS
2023-10-25,0.910028521951716,etf:510300.SS
2023-10-26,0.912524192726902,etf:510300.SS
2023-10-27,0.9251044107161044,etf:510300.SS
2023-10-30,0.9305541407762042,etf:510300.SS
2023-10-31,0.9276255475196085,etf:510300.SS
2023-11-01,0.9272435570948351,etf:510300.SS
2023-11-02,0.922888866252419,etf:510300.SS
2023-11-03,0.9306050728328408,etf:510300.SS
2023-11-06,0.9430324946521339,etf:510300.SS
2023-11-07,0.9397219109707649,etf:510300.SS
2023-11-08,0.9374299684221247,etf:510300.SS
2023-11-09,0.9378883569318528,etf:510300.SS
2023-11-10,0.9310379953142507,etf:510300.SS
2023-11-13,0.9291535092187021,etf:510300.SS
2023-11-14,0.9297901599266577,etf:510300.SS
2023-11-15,0.9363094631761227,etf:510300.SS
2023-11-16,0.9272944891514717,etf:510300.SS
2023-11-17,0.9261485178771516,etf:510300.SS
2023-11-20,0.928262198227564,etf:510300.SS
2023-11-21,0.929510033615157,etf:510300.SS
2023-11-22,0.9200876031374144,etf:510300.SS
2023-11-23,0.9245186920647853,etf:510300.SS
2023-11-24,0.9183813792400936,etf:510300.SS
2023-11-27,0.9115819496791279,etf:510300.SS
2023-11-28,0.9132627075481305,etf:510300.SS
2023-11-29,0.9054701028827542,etf:510300.SS
2023-11-30,0.907507385148212,etf:510300.SS
2023-12-01,0.9040440052969336,etf:510300.SS
2023-12-04,0.8980849546704694,etf:510300.SS
2023-12-05,0.8809717836406232,etf:510300.SS
2023-12-06,0.8823214831414891,etf:510300.SS
2023-12-07,0.8802078027910765,etf:510300.SS
2023-12-08,0.8828562697361718,etf:510300.SS
2023-12-11,0.8878730773148618,etf:510300.SS
2023-12-12,0.8898339614953651,etf:510300.SS
2023-12-13,0.8749872669858408,etf:510300.SS
2023-12-14,0.8704033818885605,etf:510300.SS
2023-12-15,0.8677039828868288,etf:510300.SS
2023-12-18,0.8644952633187326,etf:510300.SS
2023-12-19,0.8656921666496892,etf:510300.SS
2023-12-20,0.8570337170214932,etf:510300.SS
2023-12-21,0.8656667006213711,etf:510300.SS
2023-12-22,0.8672965264337372,etf:510300.SS
2023-12-25,0.8699449933788325,etf:510300.SS
2023-12-26,0.8640623408373227,etf:510300.SS
2023-12-27,0.8670418661505549,etf:510300.SS
2023-12-28,0.8872873586635425,etf:510300.SS
2023-12-29,0.8915656514210041,etf:510300.SS
2023-12-31,0.8915401853926859,etf:510300.SS
2024-01-02,0.8799276764795759,etf:510300.SS
2024-01-03,0.8778139961291634,etf:510300.SS
2024-01-04,0.8696648670673319,etf:510300.SS
2024-01-05,0.865004583885097,etf:510300.SS
2024-01-08,0.8537995314250787,etf:510300.SS
2024-01-09,0.8554548232657633,etf:510300.SS
2024-01-10,0.8514821228481204,etf:510300.SS
2024-01-11,0.8562952022002647,etf:510300.SS
2024-01-12,0.8533156768870326,etf:510300.SS
2024-01-15,0.8523988998675766,etf:510300.SS
2024-01-16,0.8574921055312212,etf:510300.SS
2024-01-17,0.8390547010288274,etf:510300.SS
2024-01-18,0.8504380156870733,etf:510300.SS
2024-01-19,0.8492418637616305,etf:510300.SS
2024-01-22,0.8360061826735791,etf:510300.SS
2024-01-23,0.8393866120280914,etf:510300.SS
2024-01-24,0.8510620949525216,etf:510300.SS
2024-01-25,0.8681722681468984,etf:510300.SS
2024-01-26,0.865883977506921,etf:510300.SS
2024-01-29,0.8581609965969972,etf:510300.SS
2024-01-30,0.8429230611989657,etf:510300.SS
2024-01-31,0.8352520868944958,etf:510300.SS
2024-02-01,0.8357721529490363,etf:510300.SS
2024-02-02,0.825838891307316,etf:510300.SS
2024-02-05,0.8311695683663545,etf:510300.SS
2024-02-06,0.8599292211824348,etf:510300.SS
2024-02-07,0.868146264844172,etf:510300.SS
2024-02-08,0.8737109716277536,etf:510300.SS
2024-02-19,0.8835662233612929,etf:510300.SS
2024-02-20,0.885412457854911,etf:510300.SS
2024-02-21,0.8973999804120656,etf:510300.SS
2024-02-22,0.9050709547165355,etf:510300.SS
2024-02-23,0.9058510537983461,etf:510300.SS
2024-02-26,0.8963598483029851,etf:510300.SS
2024-02-27,0.9070472057237889,etf:510300.SS
2024-02-28,0.8955797492211748,etf:510300.SS
2024-02-29,0.9124818959937354,etf:510300.SS
2024-03-01,0.918124612685498,etf:510300.SS
2024-03-04,0.9188267018591275,etf:510300.SS
2024-03-05,0.9251715077245195,etf:510300.SS
2024-03-06,0.9214530354345561,etf:510300.SS
2024-03-07,0.9159143319537016,etf:510300.SS
2024-03-08,0.9198148273627542,etf:510300.SS
2024-03-11,0.9312562805626415,etf:510300.SS
2024-03-12,0.933388551386257,etf:510300.SS
2024-03-13,0.9268617224017759,etf:510300.SS
2024-03-14,0.9242093855236202,etf:510300.SS
2024-03-15,0.9261856365308734,etf:510300.SS
2024-03-18,0.934818733036243,etf:510300.SS
2024-03-19,0.9281098809326727,etf:510300.SS
2024-03-20,0.930086131939926,etf:510300.SS
2024-03-21,0.9289679899226643,etf:510300.SS
2024-03-22,0.9195807976382114,etf:510300.SS
2024-03-25,0.9145881635146242,etf:510300.SS
2024-03-26,0.9192427547027602,etf:510300.SS
2024-03-27,0.9086594104928646,etf:510300.SS
2024-03-28,0.9133140016810006,etf:510300.SS
2024-03-29,0.9176045466309584,etf:510300.SS
2024-04-01,0.9326344556071737,etf:510300.SS
2024-04-02,0.9287339601981213,etf:510300.SS
2024-04-03,0.9254315407517901,etf:510300.SS
2024-04-08,0.9172405003927799,etf:510300.SS
2024-04-09,0.9164343980082424,etf:510300.SS
2024-04-10,0.9089714501255887,etf:510300.SS
2024-04-11,0.9088414336119536,etf:510300.SS
2024-04-12,0.901456495637481,etf:510300.SS
2024-04-15,0.920360896720022,etf:510300.SS
2024-04-16,0.9105576515919367,etf:510300.SS
2024-04-17,0.9244694185508905,etf:510300.SS
2024-04-18,0.9255355539626982,etf:510300.SS
2024-04-19,0.9184106490154956,etf:510300.SS
2024-04-22,0.9157843154400669,etf:510300.SS
2024-04-23,0.909413506271948,etf:510300.SS
2024-04-24,0.9133920115891815,etf:510300.SS
2024-04-25,0.915628295623705,etf:510300.SS
2024-04-26,0.929670079096294,etf:510300.SS
2024-04-29,0.9399413836734655,etf:510300.SS
2024-04-30,0.9355468255125996,etf:510300.SS
2024-05-06,0.9492765693524643,etf:510300.SS
2024-05-07,0.9495626056824615,etf:510300.SS
2024-05-08,0.9420736544970808,etf:510300.SS
2024-05-09,0.9509667840297202,etf:510300.SS
2024-05-10,0.9515128533869877,etf:510300.SS
2024-05-13,0.9510707972406285,etf:510300.SS
2024-05-14,0.9491985594442832,etf:510300.SS
2024-05-15,0.9419436379834456,etf:510300.SS
2024-05-16,0.9456101036679551,etf:510300.SS
2024-05-17,0.9554133487960403,etf:510300.SS
2024-05-20,0.9587677748478256,etf:510300.SS
2024-05-21,0.9551533157687703,etf:510300.SS
2024-05-22,0.9574156031060207,etf:510300.SS
2024-05-23,0.9463381961443116,etf:510300.SS
2024-05-24,0.936040888264413,etf:510300.SS
2024-05-27,0.9448560078888717,etf:510300.SS
2024-05-28,0.9380431425743934,etf:510300.SS
2024-05-29,0.9393173044080171,etf:510300.SS
2024-05-30,0.9345066934035191,etf:510300.SS
2024-05-31,0.9307622178108288,etf:510300.SS
2024-06-03,0.9330505084508063,etf:510300.SS
2024-06-04,0.9401494100952817,etf:510300.SS
2024-06-05,0.9351567759716946,etf:510300.SS
2024-06-06,0.9347927297335163,etf:510300.SS
2024-06-07,0.9306322012971937,etf:510300.SS
2024-06-11,0.9227271972681808,etf:510300.SS
2024-06-12,0.923221260019994,etf:510300.SS
2024-06-13,0.9190867348863985,etf:510300.SS
2024-06-14,0.9238973458908966,etf:510300.SS
2024-06-17,0.9224411609381837,etf:510300.SS
2024-06-18,0.9249114746972503,etf:510300.SS
2024-06-19,0.9219731014890974,etf:510300.SS
2024-06-20,0.9155242824127973,etf:510300.SS
2024-06-21,0.913704051221906,etf:510300.SS
2024-06-24,0.908971450125589,etf:510300.SS
2024-06-25,0.9040048193047289,etf:510300.SS
2024-06-26,0.910401631775575,etf:510300.SS
2024-06-27,0.904186842423818,etf:510300.SS
2024-06-28,0.9068391793019738,etf:510300.SS
2024-06-30,0.9068131759992467,etf:510300.SS
2024-07-01,0.9111297242519315,etf:510300.SS
2024-07-02,0.9094655128774025,etf:510300.SS
2024-07-03,0.9074372552646952,etf:510300.SS
2024-07-04,0.9029386838929213,etf:510300.SS
2024-07-05,0.899246214905685,etf:510300.SS
2024-07-08,0.8921213099584825,etf:510300.SS
2024-07-09,0.9029126805901944,etf:510300.SS
2024-07-10,0.9010664460965762,etf:510300.SS
2024-07-11,0.9130799719564577,etf:510300.SS
2024-07-12,0.9154982791100703,etf:510300.SS
2024-07-15,0.916616421127332,etf:510300.SS
2024-07-16,0.9233252732309024,etf:510300.SS
2024-07-17,0.9244954218536181,etf:510300.SS
2024-07-18,0.9297740923072025,etf:510300.SS
2024-07-19,0.9351567759716948,etf:510300.SS
2024-07-22,0.9288379734090298,etf:510300.SS
2024-07-23,0.9093875029692214,etf:510300.SS
2024-07-24,0.9039008060938211,etf:510300.SS
2024-07-25,0.8989081719702339,etf:510300.SS
2024-07-26,0.9026526475629243,etf:510300.SS
2024-07-29,0.8979200464666074,etf:510300.SS
2024-07-30,0.892459352893934,etf:510300.SS
2024-07-31,0.9115197737928371,etf:510300.SS
2024-08-01,0.9055910207710773,etf:510300.SS
2024-08-02,0.8963598483029864,etf:510300.SS
2024-08-05,0.8854644644603665,etf:510300.SS
2024-08-06,0.8852824413412774,etf:510300.SS
2024-08-07,0.8848663884976451,etf:510300.SS
2024-08-08,0.8853604512494584,etf:510300.SS
2024-08-09,0.8826561077658487,etf:510300.SS
2024-08-12,0.8810959096022277,etf:510300.SS
2024-08-13,0.8833321936367512,etf:510300.SS
2024-08-14,0.8768833745604511,etf:510300.SS
2024-08-15,0.8856724908821827,etf:510300.SS
2024-08-16,0.8869986593212603,etf:510300.SS
2024-08-19,0.8899890391348673,etf:510300.SS
2024-08-20,0.8836442332694753,etf:510300.SS
2024-08-21,0.8807578666667765,etf:510300.SS
2024-08-22,0.8785475859349801,etf:510300.SS
2024-08-23,0.8824740846467595,etf:510300.SS
2024-08-26,0.8819280152894922,etf:510300.SS
2024-08-27,0.876935381165905,etf:510300.SS
2024-08-28,0.8725408230050393,etf:510300.SS
2024-08-29,0.8701485191541537,etf:510300.SS
2024-08-30,0.8817199888676762,etf:510300.SS
2024-09-02,0.8668721030105497,etf:510300.SS
2024-09-03,0.8690823837423463,etf:510300.SS
2024-09-04,0.8634656703533108,etf:510300.SS
2024-09-05,0.8649738619114777,etf:510300.SS
2024-09-06,0.8579789734779103,etf:510300.SS
2024-09-09,0.8478896920198279,etf:510300.SS
2024-09-10,0.8486177844961844,etf:510300.SS
2024-09-11,0.8462254806452989,etf:510300.SS
2024-09-12,0.8426370248689705,etf:510300.SS
2024-09-13,0.8392305922117314,etf:510300.SS
2024-09-18,0.8422729786307923,etf:510300.SS
2024-09-19,0.8490078340370896,etf:510300.SS
2024-09-20,0.8503600057788944,etf:510300.SS
2024-09-23,0.8534543988034092,etf:510300.SS
2024-09-24,0.8903010787675916,etf:510300.SS
2024-09-25,0.903536759855643,etf:510300.SS
2024-09-26,0.9416315983507222,etf:510300.SS
2024-09-27,0.9835489223466728,etf:510300.SS
2024-09-30,1.0665774679540365,etf:510300.SS
2024-10-08,1.129063404407057,etf:510300.SS
2024-10-09,1.0498573443005648,etf:510300.SS
2024-10-10,1.0611947842895442,etf:510300.SS
2024-10-11,1.0317850489052884,etf:510300.SS
2024-10-14,1.0512095160423696,etf:510300.SS
2024-10-15,1.02348999533537,etf:510300.SS
2024-10-16,1.0169371630481618,etf:510300.SS
2024-10-17,1.0054176999400934,etf:510300.SS
2024-10-18,1.042368393115184,etf:510300.SS
2024-10-21,1.0449687233878855,etf:510300.SS
2024-10-22,1.050975486317826,etf:510300.SS
2024-10-23,1.0551100114514216,etf:510300.SS
2024-10-24,1.0433825219215374,etf:510300.SS
2024-10-25,1.0507154532905558,etf:510300.SS
2024-10-28,1.052691704297809,etf:510300.SS
2024-10-29,1.0422383766015482,etf:510300.SS
2024-10-30,1.0329551975280034,etf:510300.SS
2024-10-31,1.0334232569770898,etf:510300.SS
2024-11-01,1.0332932404634547,etf:510300.SS
2024-11-04,1.047647063568768,etf:510300.SS
2024-11-05,1.0740404158366896,etf:510300.SS
2024-11-06,1.0686837354749243,etf:510300.SS
2024-11-07,1.1009278308564248,etf:510300.SS
2024-11-08,1.089954437105624,etf:510300.SS
2024-11-11,1.0970013321446455,etf:510300.SS
2024-11-12,1.0849357996793096,etf:510300.SS
2024-11-13,1.091774668296515,etf:510300.SS
2024-11-14,1.0728962705167011,etf:510300.SS
2024-11-15,1.05425190246143,etf:510300.SS
2024-11-18,1.049337278246024,etf:510300.SS
2024-11-19,1.0562801600741374,etf:510300.SS
2024-11-20,1.0586204573195688,etf:510300.SS
2024-11-21,1.0595565762177412,etf:510300.SS
2024-11-22,1.0268964279926085,etf:510300.SS
2024-11-25,1.0221638268962916,etf:510300.SS
2024-11-26,1.0201095659808574,etf:510300.SS
2024-11-27,1.0378178151379558,etf:510300.SS
2024-11-28,1.0288726789998621,etf:510300.SS
2024-11-29,1.0406001685297466,etf:510300.SS
2024-12-02,1.0487912088887565,etf:510300.SS
2024-12-03,1.0499353542087453,etf:510300.SS
2024-12-04,1.0442666342142557,etf:510300.SS
2024-12-05,1.0418743303633702,etf:510300.SS
2024-12-06,1.0555260642950537,etf:510300.SS
2024-12-09,1.0537838430123436,etf:510300.SS
2024-12-10,1.0614808206195403,etf:510300.SS
2024-12-11,1.0596345861259222,etf:510300.SS
2024-12-12,1.0701659237303638,etf:510300.SS
2024-12-13,1.0448647101769768,etf:510300.SS
2024-12-16,1.039013967063398,etf:510300.SS
2024-12-17,1.0417443138497346,etf:510300.SS
2024-12-18,1.0470229843033192,etf:510300.SS
2024-12-19,1.0479851065042185,etf:510300.SS
2024-12-20,1.0441626210033472,etf:510300.SS
2024-12-23,1.045696815864241,etf:510300.SS
2024-12-24,1.0589845035577463,etf:510300.SS
2024-12-25,1.0595045696122865,etf:510300.SS
2024-12-26,1.0599466257586458,etf:510300.SS
2024-12-27,1.0583084176868438,etf:510300.SS
2024-12-30,1.0632230419022501,etf:510300.SS
2024-12-31,1.0461908786160543,etf:510300.SS
2025-01-02,1.015715007819991,etf:510300.SS
2025-01-03,1.0037014819601093,etf:510300.SS
2025-01-06,1.0020112672828534,etf:510300.SS
2025-01-07,1.00944821186278,etf:510300.SS
2025-01-08,1.0079400203046132,etf:510300.SS
2025-01-09,1.0054437032428196,etf:510300.SS
2025-01-10,0.9931961476583949,etf:510300.SS
2025-01-13,0.9904658008720582,etf:510300.SS
2025-01-14,1.0164951069018018,etf:510300.SS
2025-01-15,1.0099942812200478,etf:510300.SS
2025-01-16,1.0110864199345824,etf:510300.SS
2025-01-17,1.0143108294727325,etf:510300.SS
2025-01-20,1.0189654206608685,etf:510300.SS
2025-01-21,1.019719516439952,etf:510300.SS
2025-01-22,1.01041033406368,etf:510300.SS
2025-01-23,1.0125946114927493,etf:510300.SS
2025-01-24,1.0209936782735758,etf:510300.SS
2025-01-27,1.0168331498372531,etf:510300.SS
2025-02-05,1.0109564034209473,etf:510300.SS
2025-02-06,1.0236200118490042,etf:510300.SS
2025-02-07,1.0368556929370556,etf:510300.SS
2025-02-10,1.039117980274306,etf:510300.SS
2025-02-11,1.034333372572535,etf:510300.SS
2025-02-12,1.0440586077924392,etf:510300.SS
2025-02-13,1.0402101189888409,etf:510300.SS
2025-02-14,1.0491552551269345,etf:510300.SS
2025-02-17,1.051339532556004,etf:510300.SS
2025-02-18,1.0421343633906401,etf:510300.SS
2025-02-19,1.0493632815487508,etf:510300.SS
2025-02-20,1.046372901735144,etf:510300.SS
2025-02-21,1.0595825795204683,etf:510300.SS
2025-02-24,1.057242282275037,etf:510300.SS
2025-02-25,1.0455407960478795,etf:510300.SS
2025-02-26,1.0546419520023351,etf:510300.SS
2025-02-27,1.0568262294314044,etf:510300.SS
2025-02-28,1.0361276004606994,etf:510300.SS
2025-03-03,1.0359455773416104,etf:510300.SS
2025-03-04,1.0350874683516187,etf:510300.SS
2025-03-05,1.0396900529343007,etf:510300.SS
2025-03-06,1.0540438760396138,etf:510300.SS
2025-03-07,1.0507674598960097,etf:510300.SS
2025-03-10,1.0466589380651412,etf:510300.SS
2025-03-11,1.0499613575114723,etf:510300.SS
2025-03-12,1.046242885221509,etf:510300.SS
2025-03-13,1.0420303501797323,etf:510300.SS
2025-03-14,1.0673315637331193,etf:510300.SS
2025-03-17,1.0647052301576907,etf:510300.SS
2025-03-18,1.0675915967603895,etf:510300.SS
2025-03-19,1.068215676025838,etf:510300.SS
2025-03-20,1.0588544870441121,etf:510300.SS
2025-03-21,1.0428104492615429,etf:510300.SS
2025-03-24,1.0481151230178545,etf:510300.SS
2025-03-25,1.047465040449679,etf:510300.SS
2025-03-26,1.0440326044897128,etf:510300.SS
2025-03-27,1.047491043752406,etf:510300.SS
2025-03-28,1.0429144624724511,etf:510300.SS
2025-03-31,1.0354775178925244,etf:510300.SS
2025-04-01,1.0356595410116136,etf:510300.SS
2025-04-02,1.034775428718895,etf:510300.SS
2025-04-03,1.028742662486227,etf:510300.SS
2025-04-07,0.9560634313642159,etf:510300.SS
2025-04-08,0.9724455120822363,etf:510300.SS
2025-04-09,0.9820147274857783,etf:510300.SS
2025-04-10,0.9948863623356516,etf:510300.SS
2025-04-11,0.9989948841665203,etf:510300.SS
2025-04-14,1.0012571715037708,etf:510300.SS
2025-04-15,1.0018032408610382,etf:510300.SS
2025-04-16,1.0049496404910074,etf:510300.SS
2025-04-17,1.0048976338855535,etf:510300.SS
2025-04-18,1.0052356768210047,etf:510300.SS
2025-04-21,1.0085120929646088,etf:510300.SS
2025-04-22,1.008876139202787,etf:510300.SS
2025-04-23,1.0096302349818704,etf:510300.SS
2025-04-24,1.008980152413695,etf:510300.SS
2025-04-25,1.0098122581009596,etf:510300.SS
2025-04-28,1.0083560731482468,etf:510300.SS
2025-04-29,1.0066138518655368,etf:510300.SS
2025-04-30,1.0056517296646372,etf:510300.SS
2025-05-06,1.0157150078199926,etf:510300.SS
2025-05-07,1.0217997806581145,etf:510300.SS
2025-05-08,1.0274945039553312,etf:510300.SS
2025-05-09,1.02593430579171,etf:510300.SS
2025-05-12,1.0377658085325026,etf:510300.SS
2025-05-13,1.0393520099988507,etf:510300.SS
2025-05-14,1.0519636118214535,etf:510300.SS
2025-05-15,1.0426024228397275,etf:510300.SS
2025-05-16,1.0377658085325023,etf:510300.SS
2025-05-19,1.0346194089025333,etf:510300.SS
2025-05-20,1.040392142107931,etf:510300.SS
2025-05-21,1.045488789442426,etf:510300.SS
2025-05-22,1.0448647101769777,etf:510300.SS
2025-05-23,1.0365696566070595,etf:510300.SS
2025-05-26,1.0307189134934809,etf:510300.SS
2025-05-27,1.0252322166180803,etf:510300.SS
2025-05-28,1.0244521175362697,etf:510300.SS
2025-05-29,1.0305108870716646,etf:510300.SS
2025-05-30,1.0257522826726206,etf:510300.SS
2025-06-03,1.0288466756971355,etf:510300.SS
2025-06-04,1.0332672371607283,etf:510300.SS
2025-06-05,1.035789557525249,etf:510300.SS
2025-06-06,1.035503521195252,etf:510300.SS
2025-06-09,1.0385719109170397,etf:510300.SS
2025-06-10,1.0332152305552742,etf:510300.SS
2025-06-11,1.0413802676115576,etf:510300.SS
2025-06-12,1.0419263369688248,etf:510300.SS
2025-06-13,1.0349834551407113,etf:510300.SS
2025-06-16,1.037531778807959,etf:510300.SS
2025-06-17,1.0367516797261485,etf:510300.SS
2025-06-18,1.0381298547706805,etf:510300.SS
2025-06-19,1.0296478369013609,etf:510300.SS
2025-06-20,1.0315622735364425,etf:510300.SS
2025-06-23,1.034726411863869,etf:510300.SS
2025-06-24,1.0471436605941897,etf:510300.SS
2025-06-25,1.063017531026741,etf:510300.SS
2025-06-26,1.0603585912557942,etf:510300.SS
2025-06-27,1.0546152813505496,etf:510300.SS
2025-06-30,1.059427962335963,etf:510300.SS
2025-07-01,1.0611828625847877,etf:510300.SS
2025-07-02,1.0614221671641728,etf:510300.SS
2025-07-03,1.0681226953869583,etf:510300.SS
2025-07-04,1.0719515686571215,etf:510300.SS
2025-07-07,1.0678568014098635,etf:510300.SS
2025-07-08,1.076844017835663,etf:510300.SS
2025-07-09,1.0750625281891288,etf:510300.SS
2025-07-10,1.0806197123104073,etf:510300.SS
2025-07-11,1.08349136726303,etf:510300.SS
2025-07-14,1.0846878901599557,etf:510300.SS
2025-07-15,1.0852196781141452,etf:510300.SS
2025-07-16,1.082534148945489,etf:510300.SS
2025-07-17,1.0905641470537477,etf:510300.SS
2025-07-18,1.098328251184912,etf:510300.SS
2025-07-21,1.1057201037481434,etf:510300.SS
2025-07-22,1.1148668565601998,etf:510300.SS
2025-07-23,1.115212518730423,etf:510300.SS
2025-07-24,1.123215927440972,etf:510300.SS
2025-07-25,1.11784486910366,etf:510300.SS
2025-07-28,1.120424040681478,etf:510300.SS
2025-07-29,1.1249974170875061,etf:510300.SS
2025-07-30,1.124758112508121,etf:510300.SS
2025-07-31,1.1045235808512173,etf:510300.SS
2025-08-01,1.0989398073322294,etf:510300.SS
2025-08-04,1.1032207003634535,etf:510300.SS
2025-08-05,1.112074969800706,etf:510300.SS
2025-08-06,1.114813677764781,etf:510300.SS
2025-08-07,1.1151061611395852,etf:510300.SS
2025-08-08,1.1128726517319898,etf:510300.SS
2025-08-11,1.1176321539219842,etf:510300.SS
2025-08-12,1.1234818214180669,etf:510300.SS
2025-08-13,1.132389269650738,etf:510300.SS
2025-08-14,1.1317245347080014,etf:510300.SS
2025-08-15,1.1397279434185508,etf:510300.SS
2025-08-18,1.149778735752729,etf:510300.SS
2025-08-19,1.1454978427215048,etf:510300.SS
2025-08-20,1.1587127733831095,etf:510300.SS
2025-08-21,1.1632595603914282,etf:510300.SS
2025-08-22,1.1879877002612316,etf:510300.SS
2025-08-25,1.2128753765172915,etf:510300.SS
2025-08-26,1.2083817683043918,etf:510300.SS
2025-08-27,1.1905136930436309,etf:510300.SS
2025-08-28,1.211519317234109,etf:510300.SS
2025-08-29,1.2209319640232599,etf:510300.SS
2025-09-01,1.2282706377910726,etf:510300.SS
2025-09-02,1.2192036531721449,etf:510300.SS
2025-09-03,1.210827992893663,etf:510300.SS
2025-09-04,1.1851692241040284,etf:510300.SS
2025-09-05,1.2111204762684673,etf:510300.SS
2025-09-08,1.2130880916989677,etf:510300.SS
2025-09-09,1.2046060738296482,etf:510300.SS
2025-09-10,1.207158656009757,etf:510300.SS
2025-09-11,1.2351041130024056,etf:510300.SS
2025-09-12,1.2281908695979447,etf:510300.SS
2025-09-15,1.2311157033459859,etf:510300.SS
2025-09-16,1.2287492469498436,etf:510300.SS
2025-09-17,1.2364335828878794,etf:510300.SS
2025-09-18,1.2220753081247677,etf:510300.SS
2025-09-19,1.2231122946354367,etf:510300.SS
2025-09-22,1.2286960681544248,etf:510300.SS
2025-09-23,1.2278452074277217,etf:510300.SS
2025-09-24,1.2405815289305562,etf:510300.SS
2025-09-25,1.248159507277754,etf:510300.SS
2025-09-26,1.2364867616832982,etf:510300.SS
2025-09-29,1.255471591647857,etf:510300.SS
2025-09-30,1.26129466974623,etf:510300.SS
2025-10-09,1.2799072481428562,etf:510300.SS
2025-10-10,1.2547802673074109,etf:510300.SS
2025-10-13,1.2486115270388147,etf:510300.SS
2025-10-14,1.2336416961283854,etf:510300.SS
2025-10-15,1.2521479169341738,etf:510300.SS
2025-10-16,1.255764075022661,etf:510300.SS
2025-10-17,1.2277122604391744,etf:510300.SS
2025-10-20,1.2343330204688314,etf:510300.SS
2025-10-21,1.2532912610356808,etf:510300.SS
2025-10-22,1.249196493788423,etf:510300.SS
2025-10-23,1.2528924200700386,etf:510300.SS
2025-10-24,1.2686865223094617,etf:510300.SS
2025-10-27,1.2837361214130196,etf:510300.SS
2025-10-28,1.2774344341558759,etf:510300.SS
2025-10-29,1.292616980247981,etf:510300.SS
2025-10-30,1.2823002939367083,etf:510300.SS
2025-10-31,1.2635015897561157,etf:510300.SS
2025-11-03,1.2669582114583464,etf:510300.SS
2025-11-04,1.257465796476067,etf:510300.SS
2025-11-05,1.2598588422699188,etf:510300.SS
2025-11-06,1.2779130433146464,etf:510300.SS
2025-11-07,1.273951223055936,etf:510300.SS
2025-11-10,1.2784714206665453,etf:510300.SS
2025-11-11,1.2668252644697993,etf:510300.SS
2025-11-12,1.2652033112095218,etf:510300.SS
2025-11-13,1.2804390360970457,etf:510300.SS
2025-11-14,1.2603906302241084,etf:510300.SS
2025-11-17,1.2521213275364647,etf:510300.SS
2025-11-18,1.2442508658144626,etf:510300.SS
2025-11-19,1.2497016923449031,etf:510300.SS
2025-11-20,1.243532952076307,etf:510300.SS
2025-11-21,1.2133008068806443,etf:510300.SS
2025-11-24,1.2118383900066236,etf:510300.SS
2025-11-25,1.2233515992148225,etf:510300.SS
2025-11-26,1.2307700411757636,etf:510300.SS
2025-11-27,1.2301850744261553,etf:510300.SS
2025-11-28,1.2332694445604535,etf:510300.SS
2025-12-01,1.2467768585968622,etf:510300.SS
2025-12-02,1.2407410653168134,etf:510300.SS
2025-12-03,1.2344127886619607,etf:510300.SS
2025-12-04,1.2386405028977658,etf:510300.SS
2025-12-05,1.2490103680044575,etf:510300.SS
2025-12-08,1.2592472861226018,etf:510300.SS
2025-12-09,1.2529455988654583,etf:510300.SS
2025-12-10,1.251217288014343,etf:510300.SS
2025-12-11,1.2405017607374282,etf:510300.SS
2025-12-12,1.2486115270388154,etf:510300.SS
2025-12-15,1.2413260320664217,etf:510300.SS
2025-12-16,1.2264891481445397,etf:510300.SS
2025-12-17,1.249090136197586,etf:510300.SS
2025-12-18,1.242017356406868,etf:510300.SS
2025-12-19,1.2469363949831194,etf:510300.SS
2025-12-22,1.258688908770703,etf:510300.SS
2025-12-23,1.2611883121553928,etf:510300.SS
2025-12-24,1.264857649039299,etf:510300.SS
2025-12-25,1.267410231219408,etf:510300.SS
2025-12-26,1.2714252302735374,etf:510300.SS
2025-12-29,1.2665061916972862,etf:510300.SS
2025-12-30,1.2697766876155505,etf:510300.SS
2025-12-31,1.2639536095171773,etf:510300.SS
2026-01-05,1.2879106568534062,etf:510300.SS
2026-01-06,1.3077995263400868,etf:510300.SS
2026-01-07,1.3039440636722142,etf:510300.SS
2026-01-08,1.2933083045884277,etf:510300.SS
2026-01-09,1.2991845614822197,etf:510300.SS
2026-01-12,1.3077197581469582,etf:510300.SS
2026-01-13,1.2998758858226658,etf:510300.SS
2026-01-14,1.2948770790532862,etf:510300.SS
2026-01-15,1.2974562506311043,etf:510300.SS
2026-01-16,1.2928562848273666,etf:510300.SS
2026-01-19,1.293521019770103,etf:510300.SS
2026-01-20,1.2891290824428647,etf:510300.SS
2026-01-21,1.290356642565385,etf:510300.SS
2026-01-22,1.29046575902072,etf:510300.SS
2026-01-23,1.2850917735954657,etf:510300.SS
2026-01-26,1.2862374963764844,etf:510300.SS
2026-01-27,1.2858283096689778,etf:510300.SS
2026-01-28,1.2891018033290311,etf:510300.SS
2026-01-29,1.2989222843091912,etf:510300.SS
2026-01-30,1.2859647052381467,etf:510300.SS
2026-02-02,1.2584673584936978,etf:510300.SS
2026-02-03,1.273225359077772,etf:510300.SS
2026-02-04,1.283700538789943,etf:510300.SS
2026-02-05,1.2761442242579861,etf:510300.SS
2026-02-06,1.269406283141043,etf:510300.SS
2026-02-09,1.2900565723132131,etf:510300.SS
2026-02-10,1.2915023653464033,etf:510300.SS
2026-02-11,1.2886653375076904,etf:510300.SS
2026-02-12,1.2904112007930524,etf:510300.SS
2026-02-13,1.2741528489481202,etf:510300.SS
2026-02-24,1.2869467533361623,etf:510300.SS
2026-02-25,1.2947485798926228,etf:510300.SS
2026-02-26,1.2922116223060816,etf:510300.SS
2026-02-27,1.2878742432065107,etf:510300.SS
2026-03-02,1.2926753672412556,etf:510300.SS
2026-03-03,1.2728161723702651,etf:510300.SS
2026-03-04,1.2582218464691939,etf:510300.SS
2026-03-05,1.2704428894667266,etf:510300.SS
2026-03-06,1.2740437324927856,etf:510300.SS
2026-03-09,1.2617408521537516,etf:510300.SS
2026-03-10,1.277944645771016,etf:510300.SS
2026-03-11,1.2859919843519805,etf:510300.SS
2026-03-12,1.2812999767725706,etf:510300.SS
2026-03-13,1.2763624571686565,etf:510300.SS
2026-03-16,1.2770171559006671,etf:510300.SS
2026-03-17,1.2677968154248498,etf:510300.SS
2026-03-18,1.273361754646941,etf:510300.SS
2026-03-19,1.2528751401577733,etf:510300.SS
2026-03-20,1.2485377610582025,etf:510300.SS
2026-03-23,1.2076463694213686,etf:510300.SS
2026-03-24,1.2231136269651208,etf:510300.SS
2026-03-25,1.240326747794235,etf:510300.SS
2026-03-26,1.2239865586078018,etf:510300.SS
2026-03-27,1.230860895293914,etf:510300.SS
2026-03-30,1.227887471886032,etf:510300.SS
2026-03-31,1.2165120814173465,etf:510300.SS
2026-04-01,1.2372442079310177,etf:510300.SS
2026-04-02,1.2242047915184717,etf:510300.SS
2026-04-03,1.2138932864893035,etf:510300.SS
2026-04-07,1.2138660073754697,etf:510300.SS
2026-04-08,1.2563123085008292,etf:510300.SS
2026-04-09,1.2482376908060306,etf:510300.SS
2026-04-10,1.2675513034003458,etf:510300.SS
2026-04-13,1.2701155401007207,etf:510300.SS
2026-04-14,1.2851463318231326,etf:510300.SS
2026-04-15,1.2809453482927309,etf:510300.SS
2026-04-16,1.2949940919171268,etf:510300.SS
2026-04-17,1.2928390419242581,etf:510300.SS
2026-04-20,1.3006954267083863,etf:510300.SS
2026-04-21,1.3036415710024347,etf:510300.SS
2026-04-22,1.313189260844257,etf:510300.SS
2026-04-23,1.3095338595905308,etf:510300.SS
2026-04-24,1.3050873640356249,etf:510300.SS
2026-04-27,1.3054147134016303,etf:510300.SS
2026-04-28,1.3019229868309066,etf:510300.SS
2026-04-29,1.316408196276643,etf:510300.SS
2026-04-30,1.3156989393169647,etf:510300.SS
2026-05-06,1.3348761563421108,etf:510300.SS
2026-05-07,1.3412867480930488,etf:510300.SS
2026-05-08,1.3334576424227544,etf:510300.SS
2026-05-11,1.3553627708312783,etf:510300.SS
2026-05-12,1.354298885391761,etf:510300.SS
2026-05-13,1.368565861926827,etf:510300.SS
2026-05-14,1.345815080989456,etf:510300.SS
2026-05-15,1.330511498128706,etf:510300.SS
2026-05-18,1.32339164941809,etf:510300.SS
2026-05-19,1.3286837975018428,etf:510300.SS
2026-05-20,1.32830188990817,etf:510300.SS
2026-05-21,1.3101340000948736,etf:510300.SS
2026-05-22,1.3268560968749796,etf:510300.SS
2026-05-25,1.3476973398439864,etf:510300.SS
2026-05-26,1.3550627005791063,etf:510300.SS
2026-05-27,1.3446966373222706,etf:510300.SS
2026-05-28,1.3464425006076326,etf:510300.SS
2026-05-29,1.3406866075887052,etf:510300.SS
2026-06-01,1.3277290285176606,etf:510300.SS
2026-06-02,1.3469608037704743,etf:510300.SS
2026-06-03,1.3536169075459161,etf:510300.SS
2026-06-04,1.3444238461839328,etf:510300.SS
2026-06-05,1.320909250059216,etf:510300.SS
2026-06-08,1.2927299254689228,etf:510300.SS
2026-06-09,1.316735545642648,etf:510300.SS
2026-06-10,1.3036415710024343,etf:510300.SS
2026-06-11,1.296658117860987,etf:510300.SS
2026-06-12,1.3114979557865623,etf:510300.SS
2026-06-15,1.342323354418732,etf:510300.SS
2026-06-16,1.340004629742861,etf:510300.SS
2026-06-17,1.3525530221063988,etf:510300.SS
2026-06-18,1.3556901201972833,etf:510300.SS
2026-06-22,1.3879067536349756,etf:510300.SS
2026-06-23,1.3494977613570158,etf:510300.SS
2026-06-24,1.3559629113356213,etf:510300.SS
2026-06-25,1.3768314334184617,etf:510300.SS
2026-06-26,1.3370039272211454,etf:510300.SS
2026-06-29,1.353535070204415,etf:510300.SS
2026-06-30,1.3682385125608214,etf:510300.SS
2026-07-01,1.3626462942248967,etf:510300.SS
2026-07-02,1.3230370209382505,etf:510300.SS
2026-07-03,1.331602662682057,etf:510300.SS
2026-07-06,1.3315753835682234,etf:510300.SS
2026-07-07,1.3178812684236665,etf:510300.SS
2026-07-08,1.3080335083296726,etf:510300.SS
2026-07-09,1.3410412360685444,etf:510300.SS
2026-07-10,1.3167628247564815,etf:510300.SS
2026-07-13,1.2936574153392715,etf:510300.SS
2026-07-14,1.3211002038560526,etf:510300.SS
2026-07-15,1.3185632462695112,etf:510300.SS
2026-07-16,1.2953487203969658,etf:510300.SS
2026-07-17,1.2501199496605613,etf:510300.SS
2026-07-20,1.2688061426366994,etf:510300.SS
2026-07-21,1.3075424842806644,etf:510300.SS
2026-07-22,1.3017593121479036,etf:510300.SS
2026-07-23,1.3047872937834528,etf:510300.SS
2026-07-24,1.283345910310103,etf:510300.SS
2026-07-27,1.2980220735526757,etf:510300.SS
2026-07-28,1.2617681312675841,etf:510300.SS
2026-07-29,1.2703337730113904,etf:510300.SS
2026-07-30,1.2567214952083352,etf:510300.SS
2026-07-31,1.2677422571971817,etf:510300.SS
2026-08-03,1.255521214199649,etf:510300.SS
2026-08-04,1.271424937564742,etf:510300.SS
2026-08-05,1.287028590677663,etf:510300.SS
2026-08-06,1.2851463318231324,etf:510300.SS
2026-08-07,1.2972855374791639,etf:510300.SS
2026-08-10,1.2993860292443646,etf:510300.SS
2026-08-11,1.2891563615566977,etf:510300.SS
2026-08-12,1.2964944431779841,etf:510300.SS
2023-08-14,3855.91,benchmark:000300
2023-08-15,3846.54,benchmark:000300
2023-08-16,3818.33,benchmark:000300
2023-08-17,3831.1,benchmark:000300
2023-08-18,3784.0,benchmark:000300
2023-08-21,3729.56,benchmark:000300
2023-08-22,3758.23,benchmark:000300
2023-08-23,3696.63,benchmark:000300
2023-08-24,3723.43,benchmark:000300
2023-08-25,3709.15,benchmark:000300
2023-08-28,3752.62,benchmark:000300
2023-08-29,3790.11,benchmark:000300
2023-08-30,3788.51,benchmark:000300
2023-08-31,3765.27,benchmark:000300
2023-09-01,3791.49,benchmark:000300
2023-09-04,3848.95,benchmark:000300
2023-09-05,3820.32,benchmark:000300
2023-09-06,3812.03,benchmark:000300
2023-09-07,3758.47,benchmark:000300
2023-09-08,3739.99,benchmark:000300
2023-09-11,3767.54,benchmark:000300
2023-09-12,3760.6,benchmark:000300
2023-09-13,3736.65,benchmark:000300
2023-09-14,3733.51,benchmark:000300
2023-09-15,3708.78,benchmark:000300
2023-09-18,3727.71,benchmark:000300
2023-09-19,3720.5,benchmark:000300
2023-09-20,3705.69,benchmark:000300
2023-09-21,3672.44,benchmark:000300
2023-09-22,3738.93,benchmark:000300
2023-09-25,3714.6,benchmark:000300
2023-09-26,3692.89,benchmark:000300
2023-09-27,3700.5,benchmark:000300
2023-09-28,3689.52,benchmark:000300
2023-10-09,3684.73,benchmark:000300
2023-10-10,3657.13,benchmark:000300
2023-10-11,3667.55,benchmark:000300
2023-10-12,3702.38,benchmark:000300
2023-10-13,3663.41,benchmark:000300
2023-10-16,3626.6,benchmark:000300
2023-10-17,3639.4,benchmark:000300
2023-10-18,3610.58,benchmark:000300
2023-10-19,3533.54,benchmark:000300
2023-10-20,3510.59,benchmark:000300
2023-10-23,3474.24,benchmark:000300
2023-10-24,3487.13,benchmark:000300
2023-10-25,3504.46,benchmark:000300
2023-10-26,3514.14,benchmark:000300
2023-10-27,3562.39,benchmark:000300
2023-10-30,3583.77,benchmark:000300
2023-10-31,3572.51,benchmark:000300
2023-11-01,3571.03,benchmark:000300
2023-11-02,3554.19,benchmark:000300
2023-11-03,3584.14,benchmark:000300
2023-11-06,3632.61,benchmark:000300
2023-11-07,3619.76,benchmark:000300
2023-11-08,3611.07,benchmark:000300
2023-11-09,3612.83,benchmark:000300
2023-11-10,3586.49,benchmark:000300
2023-11-13,3579.41,benchmark:000300
2023-11-14,3582.06,benchmark:000300
2023-11-15,3607.25,benchmark:000300
2023-11-16,3572.36,benchmark:000300
2023-11-17,3568.07,benchmark:000300
2023-11-20,3576.32,benchmark:000300
2023-11-21,3581.07,benchmark:000300
2023-11-22,3544.42,benchmark:000300
2023-11-23,3561.52,benchmark:000300
2023-11-24,3538.01,benchmark:000300
2023-11-27,3511.94,benchmark:000300
2023-11-28,3518.52,benchmark:000300
2023-11-29,3488.31,benchmark:000300
2023-11-30,3496.2,benchmark:000300
2023-12-01,3482.88,benchmark:000300
2023-12-04,3460.14,benchmark:000300
2023-12-05,3394.26,benchmark:000300
2023-12-06,3399.6,benchmark:000300
2023-12-07,3391.28,benchmark:000300
2023-12-08,3399.46,benchmark:000300
2023-12-11,3419.45,benchmark:000300
2023-12-12,3426.8,benchmark:000300
2023-12-13,3369.61,benchmark:000300
2023-12-14,3351.96,benchmark:000300
2023-12-15,3341.55,benchmark:000300
2023-12-18,3329.37,benchmark:000300
2023-12-19,3334.04,benchmark:000300
2023-12-20,3297.5,benchmark:000300
2023-12-21,3330.87,benchmark:000300
2023-12-22,3337.23,benchmark:000300
2023-12-25,3347.45,benchmark:000300
2023-12-26,3324.79,benchmark:000300
2023-12-27,3336.36,benchmark:000300
2023-12-28,3414.54,benchmark:000300
2023-12-29,3431.11,benchmark:000300
2024-01-02,3386.35,benchmark:000300
2024-01-03,3378.3,benchmark:000300
2024-01-04,3347.05,benchmark:000300
2024-01-05,3329.11,benchmark:000300
2024-01-08,3286.06,benchmark:000300
2024-01-09,3292.5,benchmark:000300
2024-01-10,3277.13,benchmark:000300
2024-01-11,3295.67,benchmark:000300
2024-01-12,3284.17,benchmark:000300
2024-01-15,3280.92,benchmark:000300
2024-01-16,3300.88,benchmark:000300
2024-01-17,3229.08,benchmark:000300
2024-01-18,3274.73,benchmark:000300
2024-01-19,3269.78,benchmark:000300
2024-01-22,3218.9,benchmark:000300
2024-01-23,3231.93,benchmark:000300
2024-01-24,3277.11,benchmark:000300
2024-01-25,3342.92,benchmark:000300
2024-01-26,3333.82,benchmark:000300
2024-01-29,3303.96,benchmark:000300
2024-01-30,3245.04,benchmark:000300
2024-01-31,3215.35,benchmark:000300
2024-02-01,3217.71,benchmark:000300
2024-02-02,3179.63,benchmark:000300
2024-02-05,3200.42,benchmark:000300
2024-02-06,3311.69,benchmark:000300
2024-02-07,3343.63,benchmark:000300
2024-02-08,3364.93,benchmark:000300
2024-02-19,3403.81,benchmark:000300
2024-02-20,3410.85,benchmark:000300
2024-02-21,3456.87,benchmark:000300
2024-02-22,3486.67,benchmark:000300
2024-02-23,3489.74,benchmark:000300
2024-02-26,3453.36,benchmark:000300
2024-02-27,3494.79,benchmark:000300
2024-02-28,3450.26,benchmark:000300
2024-02-29,3516.08,benchmark:000300
2024-03-01,3537.8,benchmark:000300
2024-03-04,3540.87,benchmark:000300
2024-03-05,3565.51,benchmark:000300
2024-03-06,3551.05,benchmark:000300
2024-03-07,3529.72,benchmark:000300
2024-03-08,3544.91,benchmark:000300
2024-03-11,3589.26,benchmark:000300
2024-03-12,3597.49,benchmark:000300
2024-03-13,3572.36,benchmark:000300
2024-03-14,3562.22,benchmark:000300
2024-03-15,3569.99,benchmark:000300
2024-03-18,3603.53,benchmark:000300
2024-03-19,3577.63,benchmark:000300
2024-03-20,3585.38,benchmark:000300
2024-03-21,3581.09,benchmark:000300
2024-03-22,3545.0,benchmark:000300
2024-03-25,3525.76,benchmark:000300
2024-03-26,3543.75,benchmark:000300
2024-03-27,3502.79,benchmark:000300
2024-03-28,3520.96,benchmark:000300
2024-03-29,3537.48,benchmark:000300
2024-04-01,3595.65,benchmark:000300
2024-04-02,3580.68,benchmark:000300
2024-04-03,3567.8,benchmark:000300
2024-04-08,3536.41,benchmark:000300
2024-04-09,3533.49,benchmark:000300
2024-04-10,3504.71,benchmark:000300
2024-04-11,3504.24,benchmark:000300
2024-04-12,3475.84,benchmark:000300
2024-04-15,3549.08,benchmark:000300
2024-04-16,3511.11,benchmark:000300
2024-04-17,3565.4,benchmark:000300
2024-04-18,3569.8,benchmark:000300
2024-04-19,3541.66,benchmark:000300
2024-04-22,3530.9,benchmark:000300
2024-04-23,3506.22,benchmark:000300
2024-04-24,3521.62,benchmark:000300
2024-04-25,3530.28,benchmark:000300
2024-04-26,3584.27,benchmark:000300
2024-04-29,3623.91,benchmark:000300
2024-04-30,3604.39,benchmark:000300
2024-05-06,3657.88,benchmark:000300
2024-05-07,3659.01,benchmark:000300
2024-05-08,3630.22,benchmark:000300
2024-05-09,3664.56,benchmark:000300
2024-05-10,3666.28,benchmark:000300
2024-05-13,3664.69,benchmark:000300
2024-05-14,3657.05,benchmark:000300
2024-05-15,3626.06,benchmark:000300
2024-05-16,3640.36,benchmark:000300
2024-05-17,3677.97,benchmark:000300
2024-05-20,3690.96,benchmark:000300
2024-05-21,3676.16,benchmark:000300
2024-05-22,3684.45,benchmark:000300
2024-05-23,3641.79,benchmark:000300
2024-05-24,3601.48,benchmark:000300
2024-05-27,3635.71,benchmark:000300
2024-05-28,3609.17,benchmark:000300
2024-05-29,3613.52,benchmark:000300
2024-05-30,3594.31,benchmark:000300
2024-05-31,3579.92,benchmark:000300
2024-06-03,3588.75,benchmark:000300
2024-06-04,3615.67,benchmark:000300
2024-06-05,3594.79,benchmark:000300
2024-06-06,3592.25,benchmark:000300
2024-06-07,3574.11,benchmark:000300
2024-06-11,3542.88,benchmark:000300
2024-06-12,3544.12,benchmark:000300
2024-06-13,3526.13,benchmark:000300
2024-06-14,3541.53,benchmark:000300
2024-06-17,3536.2,benchmark:000300
2024-06-18,3545.59,benchmark:000300
2024-06-19,3528.75,benchmark:000300
2024-06-20,3503.28,benchmark:000300
2024-06-21,3495.62,benchmark:000300
2024-06-24,3476.81,benchmark:000300
2024-06-25,3457.9,benchmark:000300
2024-06-26,3480.26,benchmark:000300
2024-06-27,3454.12,benchmark:000300
2024-06-28,3461.66,benchmark:000300
2024-07-01,3478.18,benchmark:000300
2024-07-02,3471.79,benchmark:000300
2024-07-03,3463.41,benchmark:000300
2024-07-04,3445.81,benchmark:000300
2024-07-05,3431.06,benchmark:000300
2024-07-08,3401.76,benchmark:000300
2024-07-09,3439.81,benchmark:000300
2024-07-10,3428.97,benchmark:000300
2024-07-11,3468.17,benchmark:000300
2024-07-12,3472.4,benchmark:000300
2024-07-15,3476.25,benchmark:000300
2024-07-16,3498.28,benchmark:000300
2024-07-17,3501.58,benchmark:000300
2024-07-18,3520.93,benchmark:000300
2024-07-19,3539.02,benchmark:000300
2024-07-22,3514.92,benchmark:000300
2024-07-23,3439.88,benchmark:000300
2024-07-24,3418.17,benchmark:000300
2024-07-25,3399.27,benchmark:000300
2024-07-26,3409.29,benchmark:000300
2024-07-29,3390.74,benchmark:000300
2024-07-30,3369.38,benchmark:000300
2024-07-31,3442.08,benchmark:000300
2024-08-01,3419.27,benchmark:000300
2024-08-02,3384.39,benchmark:000300
2024-08-05,3343.32,benchmark:000300
2024-08-06,3342.98,benchmark:000300
2024-08-07,3341.49,benchmark:000300
2024-08-08,3342.94,benchmark:000300
2024-08-09,3331.63,benchmark:000300
2024-08-12,3325.86,benchmark:000300
2024-08-13,3334.39,benchmark:000300
2024-08-14,3309.24,benchmark:000300
2024-08-15,3341.95,benchmark:000300
2024-08-16,3345.63,benchmark:000300
2024-08-19,3356.97,benchmark:000300
2024-08-20,3332.7,benchmark:000300
2024-08-21,3321.64,benchmark:000300
2024-08-22,3313.14,benchmark:000300
2024-08-23,3327.19,benchmark:000300
2024-08-26,3324.22,benchmark:000300
2024-08-27,3305.33,benchmark:000300
2024-08-28,3286.5,benchmark:000300
2024-08-29,3277.68,benchmark:000300
2024-08-30,3321.43,benchmark:000300
2024-09-02,3265.01,benchmark:000300
2024-09-03,3273.43,benchmark:000300
2024-09-04,3252.16,benchmark:000300
2024-09-05,3257.76,benchmark:000300
2024-09-06,3231.35,benchmark:000300
2024-09-09,3192.95,benchmark:000300
2024-09-10,3195.76,benchmark:000300
2024-09-11,3186.13,benchmark:000300
2024-09-12,3172.47,benchmark:000300
2024-09-13,3159.25,benchmark:000300
2024-09-18,3171.01,benchmark:000300
2024-09-19,3196.04,benchmark:000300
2024-09-20,3201.05,benchmark:000300
2024-09-23,3212.76,benchmark:000300
2024-09-24,3351.91,benchmark:000300
2024-09-25,3401.53,benchmark:000300
2024-09-26,3545.32,benchmark:000300
2024-09-27,3703.68,benchmark:000300
2024-09-30,4017.85,benchmark:000300
2024-10-08,4256.1,benchmark:000300
2024-10-09,3955.98,benchmark:000300
2024-10-10,3997.79,benchmark:000300
2024-10-11,3887.17,benchmark:000300
2024-10-14,3961.34,benchmark:000300
2024-10-15,3855.99,benchmark:000300
2024-10-16,3831.59,benchmark:000300
2024-10-17,3788.22,benchmark:000300
2024-10-18,3925.23,benchmark:000300
2024-10-21,3935.2,benchmark:000300
2024-10-22,3957.78,benchmark:000300
2024-10-23,3973.21,benchmark:000300
2024-10-24,3928.83,benchmark:000300
2024-10-25,3956.42,benchmark:000300
2024-10-28,3964.16,benchmark:000300
2024-10-29,3924.65,benchmark:000300
2024-10-30,3889.45,benchmark:000300
2024-10-31,3891.04,benchmark:000300
2024-11-01,3890.02,benchmark:000300
2024-11-04,3944.76,benchmark:000300
2024-11-05,4044.57,benchmark:000300
2024-11-06,4024.28,benchmark:000300
2024-11-07,4145.7,benchmark:000300
2024-11-08,4104.05,benchmark:000300
2024-11-11,4131.13,benchmark:000300
2024-11-12,4085.74,benchmark:000300
2024-11-13,4110.89,benchmark:000300
2024-11-14,4039.62,benchmark:000300
2024-11-15,3968.83,benchmark:000300
2024-11-18,3950.38,benchmark:000300
2024-11-19,3976.89,benchmark:000300
2024-11-20,3985.77,benchmark:000300
2024-11-21,3989.3,benchmark:000300
2024-11-22,3865.7,benchmark:000300
2024-11-25,3848.09,benchmark:000300
2024-11-26,3840.18,benchmark:000300
2024-11-27,3907.04,benchmark:000300
2024-11-28,3872.55,benchmark:000300
2024-11-29,3916.58,benchmark:000300
2024-12-02,3947.63,benchmark:000300
2024-12-03,3951.89,benchmark:000300
2024-12-04,3930.56,benchmark:000300
2024-12-05,3921.59,benchmark:000300
2024-12-06,3973.14,benchmark:000300
2024-12-09,3966.57,benchmark:000300
2024-12-10,3995.64,benchmark:000300
2024-12-11,3988.83,benchmark:000300
2024-12-12,4028.5,benchmark:000300
2024-12-13,3933.18,benchmark:000300
2024-12-16,3911.84,benchmark:000300
2024-12-17,3922.03,benchmark:000300
2024-12-18,3941.89,benchmark:000300
2024-12-19,3945.46,benchmark:000300
2024-12-20,3927.74,benchmark:000300
2024-12-23,3933.57,benchmark:000300
2024-12-24,3983.69,benchmark:000300
2024-12-25,3985.63,benchmark:000300
2024-12-26,3987.48,benchmark:000300
2024-12-27,3981.03,benchmark:000300
2024-12-30,3999.05,benchmark:000300
2024-12-31,3934.91,benchmark:000300
2025-01-02,3820.4,benchmark:000300
2025-01-03,3775.16,benchmark:000300
2025-01-06,3768.97,benchmark:000300
2025-01-07,3796.11,benchmark:000300
2025-01-08,3789.22,benchmark:000300
2025-01-09,3779.88,benchmark:000300
2025-01-10,3732.48,benchmark:000300
2025-01-13,3722.51,benchmark:000300
2025-01-14,3820.54,benchmark:000300
2025-01-15,3796.03,benchmark:000300
2025-01-16,3800.38,benchmark:000300
2025-01-17,3812.34,benchmark:000300
2025-01-20,3829.68,benchmark:000300
2025-01-21,3832.61,benchmark:000300
2025-01-22,3797.02,benchmark:000300
2025-01-23,3803.74,benchmark:000300
2025-01-24,3832.86,benchmark:000300
2025-01-27,3817.08,benchmark:000300
2025-02-05,3795.08,benchmark:000300
2025-02-06,3842.83,benchmark:000300
2025-02-07,3892.7,benchmark:000300
2025-02-10,3901.06,benchmark:000300
2025-02-11,3883.14,benchmark:000300
2025-02-12,3919.86,benchmark:000300
2025-02-13,3905.14,benchmark:000300
2025-02-14,3939.01,benchmark:000300
2025-02-17,3947.4,benchmark:000300
2025-02-18,3912.78,benchmark:000300
2025-02-19,3940.16,benchmark:000300
2025-02-20,3928.9,benchmark:000300
2025-02-21,3978.44,benchmark:000300
2025-02-24,3969.72,benchmark:000300
2025-02-25,3925.65,benchmark:000300
2025-02-26,3959.94,benchmark:000300
2025-02-27,3968.12,benchmark:000300
2025-02-28,3890.05,benchmark:000300
2025-03-03,3888.47,benchmark:000300
2025-03-04,3885.22,benchmark:000300
2025-03-05,3902.57,benchmark:000300
2025-03-06,3956.24,benchmark:000300
2025-03-07,3944.01,benchmark:000300
2025-03-10,3928.8,benchmark:000300
2025-03-11,3941.42,benchmark:000300
2025-03-12,3927.23,benchmark:000300
2025-03-13,3911.58,benchmark:000300
2025-03-14,4006.56,benchmark:000300
2025-03-17,3996.79,benchmark:000300
2025-03-18,4007.72,benchmark:000300
2025-03-19,4010.17,benchmark:000300
2025-03-20,3974.99,benchmark:000300
2025-03-21,3914.7,benchmark:000300
2025-03-24,3934.85,benchmark:000300
2025-03-25,3932.3,benchmark:000300
2025-03-26,3919.36,benchmark:000300
2025-03-27,3932.41,benchmark:000300
2025-03-28,3915.17,benchmark:000300
2025-03-31,3887.31,benchmark:000300
2025-04-01,3887.68,benchmark:000300
2025-04-02,3884.39,benchmark:000300
2025-04-03,3861.5,benchmark:000300
2025-04-07,3589.44,benchmark:000300
2025-04-08,3650.76,benchmark:000300
2025-04-09,3686.79,benchmark:000300
2025-04-10,3735.12,benchmark:000300
2025-04-11,3750.52,benchmark:000300
2025-04-14,3759.14,benchmark:000300
2025-04-15,3761.23,benchmark:000300
2025-04-16,3772.82,benchmark:000300
2025-04-17,3772.22,benchmark:000300
2025-04-18,3772.52,benchmark:000300
2025-04-21,3784.88,benchmark:000300
2025-04-22,3783.95,benchmark:000300
2025-04-23,3786.88,benchmark:000300
2025-04-24,3784.36,benchmark:000300
2025-04-25,3786.99,benchmark:000300
2025-04-28,3781.62,benchmark:000300
2025-04-29,3775.08,benchmark:000300
2025-04-30,3770.57,benchmark:000300
2025-05-06,3808.54,benchmark:000300
2025-05-07,3831.63,benchmark:000300
2025-05-08,3852.9,benchmark:000300
2025-05-09,3846.16,benchmark:000300
2025-05-12,3890.61,benchmark:000300
2025-05-13,3896.26,benchmark:000300
2025-05-14,3943.21,benchmark:000300
2025-05-15,3907.2,benchmark:000300
2025-05-16,3889.09,benchmark:000300
2025-05-19,3877.15,benchmark:000300
2025-05-20,3898.17,benchmark:000300
2025-05-21,3916.38,benchmark:000300
2025-05-22,3913.87,benchmark:000300
2025-05-23,3882.27,benchmark:000300
2025-05-26,3860.11,benchmark:000300
2025-05-27,3839.4,benchmark:000300
2025-05-28,3836.24,benchmark:000300
2025-05-29,3858.7,benchmark:000300
2025-05-30,3840.23,benchmark:000300
2025-06-03,3852.01,benchmark:000300
2025-06-04,3868.74,benchmark:000300
2025-06-05,3877.56,benchmark:000300
2025-06-06,3873.98,benchmark:000300
2025-06-09,3885.25,benchmark:000300
2025-06-10,3865.47,benchmark:000300
2025-06-11,3894.63,benchmark:000300
2025-06-12,3892.2,benchmark:000300
2025-06-13,3864.18,benchmark:000300
2025-06-16,3873.8,benchmark:000300
2025-06-17,3870.38,benchmark:000300
2025-06-18,3874.97,benchmark:000300
2025-06-19,3843.09,benchmark:000300
2025-06-20,3846.64,benchmark:000300
2025-06-23,3857.9,benchmark:000300
2025-06-24,3904.03,benchmark:000300
2025-06-25,3960.07,benchmark:000300
2025-06-26,3946.02,benchmark:000300
2025-06-27,3921.76,benchmark:000300
2025-06-30,3936.08,benchmark:000300
2025-07-01,3942.76,benchmark:000300
2025-07-02,3943.68,benchmark:000300
2025-07-03,3968.07,benchmark:000300
2025-07-04,3982.2,benchmark:000300
2025-07-07,3965.17,benchmark:000300
2025-07-08,3998.45,benchmark:000300
2025-07-09,3991.4,benchmark:000300
2025-07-10,4010.02,benchmark:000300
2025-07-11,4014.81,benchmark:000300
2025-07-14,4017.67,benchmark:000300
2025-07-15,4019.06,benchmark:000300
2025-07-16,4007.2,benchmark:000300
2025-07-17,4034.49,benchmark:000300
2025-07-18,4058.55,benchmark:000300
2025-07-21,4085.61,benchmark:000300
2025-07-22,4118.96,benchmark:000300
2025-07-23,4119.77,benchmark:000300
2025-07-24,4149.04,benchmark:000300
2025-07-25,4127.16,benchmark:000300
2025-07-28,4135.82,benchmark:000300
2025-07-29,4152.02,benchmark:000300
2025-07-30,4151.24,benchmark:000300
2025-07-31,4075.59,benchmark:000300
2025-08-01,4054.93,benchmark:000300
2025-08-04,4070.7,benchmark:000300
2025-08-05,4103.45,benchmark:000300
2025-08-06,4113.49,benchmark:000300
2025-08-07,4114.67,benchmark:000300
2025-08-08,4104.97,benchmark:000300
2025-08-11,4122.51,benchmark:000300
2025-08-12,4143.83,benchmark:000300
2025-08-13,4176.58,benchmark:000300
2025-08-14,4173.31,benchmark:000300
2025-08-15,4202.35,benchmark:000300
2025-08-18,4239.41,benchmark:000300
2025-08-19,4223.37,benchmark:000300
2025-08-20,4271.4,benchmark:000300
2025-08-21,4288.07,benchmark:000300
2025-08-22,4378.0,benchmark:000300
2025-08-25,4469.22,benchmark:000300
2025-08-26,4452.59,benchmark:000300
2025-08-27,4386.13,benchmark:000300
2025-08-28,4463.78,benchmark:000300
2025-08-29,4496.76,benchmark:000300
2025-09-01,4523.71,benchmark:000300
2025-09-02,4490.45,benchmark:000300
2025-09-03,4459.83,benchmark:000300
2025-09-04,4365.21,benchmark:000300
2025-09-05,4460.32,benchmark:000300
2025-09-08,4467.57,benchmark:000300
2025-09-09,4436.26,benchmark:000300
2025-09-10,4445.36,benchmark:000300
2025-09-11,4548.03,benchmark:000300
2025-09-12,4522.0,benchmark:000300
2025-09-15,4533.06,benchmark:000300
2025-09-16,4523.34,benchmark:000300
2025-09-17,4551.02,benchmark:000300
2025-09-18,4498.11,benchmark:000300
2025-09-19,4501.92,benchmark:000300
2025-09-22,4522.61,benchmark:000300
2025-09-23,4519.78,benchmark:000300
2025-09-24,4566.07,benchmark:000300
2025-09-25,4593.49,benchmark:000300
2025-09-26,4550.05,benchmark:000300
2025-09-29,4620.05,benchmark:000300
2025-09-30,4640.69,benchmark:000300
2025-10-09,4709.48,benchmark:000300
2025-10-10,4616.83,benchmark:000300
2025-10-13,4593.98,benchmark:000300
2025-10-14,4539.06,benchmark:000300
2025-10-15,4606.29,benchmark:000300
2025-10-16,4618.42,benchmark:000300
2025-10-17,4514.23,benchmark:000300
2025-10-20,4538.22,benchmark:000300
2025-10-21,4607.87,benchmark:000300
2025-10-22,4592.57,benchmark:000300
2025-10-23,4606.34,benchmark:000300
2025-10-24,4660.68,benchmark:000300
2025-10-27,4716.02,benchmark:000300
2025-10-28,4691.97,benchmark:000300
2025-10-29,4747.84,benchmark:000300
2025-10-30,4709.91,benchmark:000300
2025-10-31,4640.67,benchmark:000300
2025-11-03,4653.4,benchmark:000300
2025-11-04,4618.7,benchmark:000300
2025-11-05,4627.26,benchmark:000300
2025-11-06,4693.4,benchmark:000300
2025-11-07,4678.79,benchmark:000300
2025-11-10,4695.05,benchmark:000300
2025-11-11,4652.17,benchmark:000300
2025-11-12,4645.91,benchmark:000300
2025-11-13,4702.07,benchmark:000300
2025-11-14,4628.14,benchmark:000300
2025-11-17,4598.05,benchmark:000300
2025-11-18,4568.19,benchmark:000300
2025-11-19,4588.29,benchmark:000300
2025-11-20,4564.95,benchmark:000300
2025-11-21,4453.61,benchmark:000300
2025-11-24,4448.05,benchmark:000300
2025-11-25,4490.4,benchmark:000300
2025-11-26,4517.63,benchmark:000300
2025-11-27,4515.4,benchmark:000300
2025-11-28,4526.66,benchmark:000300
2025-12-01,4576.49,benchmark:000300
2025-12-02,4554.33,benchmark:000300
2025-12-03,4531.05,benchmark:000300
2025-12-04,4546.57,benchmark:000300
2025-12-05,4584.54,benchmark:000300
2025-12-08,4621.75,benchmark:000300
2025-12-09,4598.22,benchmark:000300
2025-12-10,4591.83,benchmark:000300
2025-12-11,4552.18,benchmark:000300
2025-12-12,4580.95,benchmark:000300
2025-12-15,4552.06,benchmark:000300
2025-12-16,4497.55,benchmark:000300
2025-12-17,4579.88,benchmark:000300
2025-12-18,4552.79,benchmark:000300
2025-12-19,4568.18,benchmark:000300
2025-12-22,4611.62,benchmark:000300
2025-12-23,4620.73,benchmark:000300
2025-12-24,4634.06,benchmark:000300
2025-12-25,4642.54,benchmark:000300
2025-12-26,4657.24,benchmark:000300
2025-12-29,4639.37,benchmark:000300
2025-12-30,4651.28,benchmark:000300
2025-12-31,4629.94,benchmark:000300
2026-01-05,4717.75,benchmark:000300
2026-01-06,4790.69,benchmark:000300
2026-01-07,4776.67,benchmark:000300
2026-01-08,4737.65,benchmark:000300
2026-01-09,4758.92,benchmark:000300
2026-01-12,4789.92,benchmark:000300
2026-01-13,4761.03,benchmark:000300
2026-01-14,4741.93,benchmark:000300
2026-01-15,4751.43,benchmark:000300
2026-01-16,4731.87,benchmark:000300
2026-01-19,4734.46,benchmark:000300
2026-01-20,4718.88,benchmark:000300
2026-01-21,4723.07,benchmark:000300
2026-01-22,4723.71,benchmark:000300
2026-01-23,4702.5,benchmark:000300
2026-01-26,4706.96,benchmark:000300
2026-01-27,4705.69,benchmark:000300
2026-01-28,4717.99,benchmark:000300
2026-01-29,4753.87,benchmark:000300
2026-01-30,4706.34,benchmark:000300
2026-02-02,4605.98,benchmark:000300
2026-02-03,4660.11,benchmark:000300
2026-02-04,4698.68,benchmark:000300
2026-02-05,4670.42,benchmark:000300
2026-02-06,4643.6,benchmark:000300
2026-02-09,4719.06,benchmark:000300
2026-02-10,4724.3,benchmark:000300
2026-02-11,4713.82,benchmark:000300
2026-02-12,4719.58,benchmark:000300
2026-02-13,4660.41,benchmark:000300
2026-02-24,4707.54,benchmark:000300
2026-02-25,4735.89,benchmark:000300
2026-02-26,4726.87,benchmark:000300
2026-02-27,4710.65,benchmark:000300
2026-03-02,4728.67,benchmark:000300
2026-03-03,4655.9,benchmark:000300
2026-03-04,4602.62,benchmark:000300
2026-03-05,4647.69,benchmark:000300
2026-03-06,4660.44,benchmark:000300
2026-03-09,4615.46,benchmark:000300
2026-03-10,4674.76,benchmark:000300
2026-03-11,4704.5,benchmark:000300
2026-03-12,4687.56,benchmark:000300
2026-03-13,4669.14,benchmark:000300
2026-03-16,4671.56,benchmark:000300
2026-03-17,4637.44,benchmark:000300
2026-03-18,4658.33,benchmark:000300
2026-03-19,4583.25,benchmark:000300
2026-03-20,4567.02,benchmark:000300
2026-03-23,4418.0,benchmark:000300
2026-03-24,4474.72,benchmark:000300
2026-03-25,4537.47,benchmark:000300
2026-03-26,4477.53,benchmark:000300
2026-03-27,4502.57,benchmark:000300
2026-03-30,4491.95,benchmark:000300
2026-03-31,4450.05,benchmark:000300
2026-04-01,4526.07,benchmark:000300
2026-04-02,4478.91,benchmark:000300
2026-04-03,4440.79,benchmark:000300
2026-04-07,4440.62,benchmark:000300
2026-04-08,4595.56,benchmark:000300
2026-04-09,4566.22,benchmark:000300
2026-04-10,4636.57,benchmark:000300
2026-04-13,4646.15,benchmark:000300
2026-04-14,4701.28,benchmark:000300
2026-04-15,4685.25,benchmark:000300
2026-04-16,4736.61,benchmark:000300
2026-04-17,4728.67,benchmark:000300
2026-04-20,4757.44,benchmark:000300
2026-04-21,4768.0,benchmark:000300
2026-04-22,4799.63,benchmark:000300
2026-04-23,4786.33,benchmark:000300
2026-04-24,4769.37,benchmark:000300
2026-04-27,4770.95,benchmark:000300
2026-04-28,4758.21,benchmark:000300
2026-04-29,4810.35,benchmark:000300
2026-04-30,4807.31,benchmark:000300
2026-05-06,4877.09,benchmark:000300
2026-05-07,4900.51,benchmark:000300
2026-05-08,4871.91,benchmark:000300
2026-05-11,4951.84,benchmark:000300
2026-05-12,4948.05,benchmark:000300
2026-05-13,4998.34,benchmark:000300
2026-05-14,4914.6,benchmark:000300
2026-05-15,4859.59,benchmark:000300
2026-05-18,4833.52,benchmark:000300
2026-05-19,4852.88,benchmark:000300
2026-05-20,4850.7,benchmark:000300
2026-05-21,4783.1,benchmark:000300
2026-05-22,4845.1,benchmark:000300
2026-05-25,4921.6,benchmark:000300
2026-05-26,4947.85,benchmark:000300
2026-05-27,4908.17,benchmark:000300
2026-05-28,4914.21,benchmark:000300
2026-05-29,4892.12,benchmark:000300
2026-06-01,4844.26,benchmark:000300
2026-06-02,4914.56,benchmark:000300
2026-06-03,4938.81,benchmark:000300
2026-06-04,4904.75,benchmark:000300
2026-06-05,4816.92,benchmark:000300
2026-06-08,4713.64,benchmark:000300
2026-06-09,4801.81,benchmark:000300
2026-06-10,4748.59,benchmark:000300
2026-06-11,4722.41,benchmark:000300
2026-06-12,4777.32,benchmark:000300
2026-06-15,4891.71,benchmark:000300
2026-06-16,4884.23,benchmark:000300
2026-06-17,4931.39,benchmark:000300
2026-06-18,4941.6,benchmark:000300
2026-06-22,5059.66,benchmark:000300
2026-06-23,4919.39,benchmark:000300
2026-06-24,4943.02,benchmark:000300
2026-06-25,5020.1,benchmark:000300
2026-06-26,4868.22,benchmark:000300
2026-06-29,4926.92,benchmark:000300
2026-06-30,4979.43,benchmark:000300
2026-07-01,4958.98,benchmark:000300
2026-07-02,4812.3,benchmark:000300
2026-07-03,4842.17,benchmark:000300
2026-07-06,4842.0,benchmark:000300
2026-07-07,4792.26,benchmark:000300
2026-07-08,4755.53,benchmark:000300
2026-07-09,4876.31,benchmark:000300
2026-07-10,4780.79,benchmark:000300
2026-07-13,4695.38,benchmark:000300
2026-07-14,4796.5,benchmark:000300
2026-07-15,4786.78,benchmark:000300
2026-07-16,4698.43,benchmark:000300
2026-07-17,4529.1,benchmark:000300
2026-07-20,4598.32,benchmark:000300
2026-07-21,4739.23,benchmark:000300
2026-07-22,4717.24,benchmark:000300
2026-07-23,4728.0,benchmark:000300
2026-07-24,4649.19,benchmark:000300
2026-07-27,4702.43,benchmark:000300
2026-07-28,4569.52,benchmark:000300
2026-07-29,4600.26,benchmark:000300
2026-07-30,4549.72,benchmark:000300
2026-07-31,4588.2,benchmark:000300
2026-08-03,4543.18,benchmark:000300
2026-08-04,4600.93,benchmark:000300
2026-08-05,4658.15,benchmark:000300
2026-08-06,4651.31,benchmark:000300
2026-08-07,4694.44,benchmark:000300
2026-08-10,4702.02,benchmark:000300
2026-08-11,4663.79,benchmark:000300
2026-08-12,4690.92,benchmark:000300
2023-08-14,5343.11,benchmark:H00300
2023-08-15,5330.13,benchmark:H00300
2023-08-16,5291.05,benchmark:H00300
2023-08-17,5308.74,benchmark:H00300
2023-08-18,5243.7,benchmark:H00300
2023-08-21,5168.28,benchmark:H00300
2023-08-22,5208.23,benchmark:H00300
2023-08-23,5122.87,benchmark:H00300
2023-08-24,5160.18,benchmark:H00300
2023-08-25,5144.11,benchmark:H00300
2023-08-28,5205.28,benchmark:H00300
2023-08-29,5257.4,benchmark:H00300
2023-08-30,5255.18,benchmark:H00300
2023-08-31,5223.55,benchmark:H00300
2023-09-01,5260.5,benchmark:H00300
2023-09-04,5340.23,benchmark:H00300
2023-09-05,5300.5,benchmark:H00300
2023-09-06,5289.0,benchmark:H00300
2023-09-07,5214.69,benchmark:H00300
2023-09-08,5189.05,benchmark:H00300
2023-09-11,5227.49,benchmark:H00300
2023-09-12,5217.87,benchmark:H00300
2023-09-13,5184.63,benchmark:H00300
2023-09-14,5180.27,benchmark:H00300
2023-09-15,5146.7,benchmark:H00300
2023-09-18,5173.01,benchmark:H00300
2023-09-19,5163.01,benchmark:H00300
2023-09-20,5143.12,benchmark:H00300
2023-09-21,5097.01,benchmark:H00300
2023-09-22,5189.29,benchmark:H00300
2023-09-25,5155.53,benchmark:H00300
2023-09-26,5125.42,benchmark:H00300
2023-09-27,5136.13,benchmark:H00300
2023-09-28,5121.09,benchmark:H00300
2023-10-09,5114.44,benchmark:H00300
2023-10-10,5076.13,benchmark:H00300
2023-10-11,5090.6,benchmark:H00300
2023-10-12,5138.99,benchmark:H00300
2023-10-13,5084.93,benchmark:H00300
2023-10-16,5034.11,benchmark:H00300
2023-10-17,5051.88,benchmark:H00300
2023-10-18,5011.9,benchmark:H00300
2023-10-19,4904.97,benchmark:H00300
2023-10-20,4873.11,benchmark:H00300
2023-10-23,4822.74,benchmark:H00300
2023-10-24,4840.75,benchmark:H00300
2023-10-25,4867.63,benchmark:H00300
2023-10-26,4881.08,benchmark:H00300
2023-10-27,4948.43,benchmark:H00300
2023-10-30,4978.14,benchmark:H00300
2023-10-31,4962.49,benchmark:H00300
2023-11-01,4960.43,benchmark:H00300
2023-11-02,4937.04,benchmark:H00300
2023-11-03,4978.64,benchmark:H00300
2023-11-06,5045.97,benchmark:H00300
2023-11-07,5028.12,benchmark:H00300
2023-11-08,5016.18,benchmark:H00300
2023-11-09,5018.62,benchmark:H00300
2023-11-10,4982.03,benchmark:H00300
2023-11-13,4972.2,benchmark:H00300
2023-11-14,4975.87,benchmark:H00300
2023-11-15,5010.86,benchmark:H00300
2023-11-16,4962.55,benchmark:H00300
2023-11-17,4956.59,benchmark:H00300
2023-11-20,4968.05,benchmark:H00300
2023-11-21,4974.64,benchmark:H00300
2023-11-22,4924.31,benchmark:H00300
2023-11-23,4948.07,benchmark:H00300
2023-11-24,4915.41,benchmark:H00300
2023-11-27,4879.23,benchmark:H00300
2023-11-28,4888.38,benchmark:H00300
2023-11-29,4846.67,benchmark:H00300
2023-11-30,4857.64,benchmark:H00300
2023-12-01,4839.13,benchmark:H00300
2023-12-04,4807.53,benchmark:H00300
2023-12-05,4715.99,benchmark:H00300
2023-12-06,4723.41,benchmark:H00300
2023-12-07,4711.86,benchmark:H00300
2023-12-08,4723.65,benchmark:H00300
2023-12-11,4751.44,benchmark:H00300
2023-12-12,4761.65,benchmark:H00300
2023-12-13,4682.17,benchmark:H00300
2023-12-14,4657.65,benchmark:H00300
2023-12-15,4643.19,benchmark:H00300
2023-12-18,4626.25,benchmark:H00300
2023-12-19,4632.75,benchmark:H00300
2023-12-20,4586.12,benchmark:H00300
2023-12-21,4632.53,benchmark:H00300
2023-12-22,4641.37,benchmark:H00300
2023-12-25,4655.82,benchmark:H00300
2023-12-26,4624.3,benchmark:H00300
2023-12-27,4640.39,benchmark:H00300
2023-12-28,4749.13,benchmark:H00300
2023-12-29,4772.18,benchmark:H00300
2024-01-02,4709.92,benchmark:H00300
2024-01-03,4698.72,benchmark:H00300
2024-01-04,4655.26,benchmark:H00300
2024-01-05,4630.31,benchmark:H00300
2024-01-08,4570.43,benchmark:H00300
2024-01-09,4579.39,benchmark:H00300
2024-01-10,4558.01,benchmark:H00300
2024-01-11,4583.8,benchmark:H00300
2024-01-12,4567.8,benchmark:H00300
2024-01-15,4563.28,benchmark:H00300
2024-01-16,4591.04,benchmark:H00300
2024-01-17,4491.18,benchmark:H00300
2024-01-18,4554.67,benchmark:H00300
2024-01-19,4547.78,benchmark:H00300
2024-01-22,4477.02,benchmark:H00300
2024-01-23,4495.15,benchmark:H00300
2024-01-24,4557.98,benchmark:H00300
2024-01-25,4649.51,benchmark:H00300
2024-01-26,4636.86,benchmark:H00300
2024-01-29,4595.33,benchmark:H00300
2024-01-30,4513.38,benchmark:H00300
2024-01-31,4472.09,benchmark:H00300
2024-02-01,4475.37,benchmark:H00300
2024-02-02,4422.4,benchmark:H00300
2024-02-05,4451.32,benchmark:H00300
2024-02-06,4606.08,benchmark:H00300
2024-02-07,4650.5,benchmark:H00300
2024-02-08,4680.13,benchmark:H00300
2024-02-19,4734.2,benchmark:H00300
2024-02-20,4744.0,benchmark:H00300
2024-02-21,4808.01,benchmark:H00300
2024-02-22,4849.46,benchmark:H00300
2024-02-23,4853.72,benchmark:H00300
2024-02-26,4803.12,benchmark:H00300
2024-02-27,4860.74,benchmark:H00300
2024-02-28,4798.81,benchmark:H00300
2024-02-29,4890.36,benchmark:H00300
2024-03-01,4920.57,benchmark:H00300
2024-03-04,4924.83,benchmark:H00300
2024-03-05,4959.11,benchmark:H00300
2024-03-06,4938.99,benchmark:H00300
2024-03-07,4909.33,benchmark:H00300
2024-03-08,4930.45,benchmark:H00300
2024-03-11,4992.14,benchmark:H00300
2024-03-12,5003.59,benchmark:H00300
2024-03-13,4968.64,benchmark:H00300
2024-03-14,4954.53,benchmark:H00300
2024-03-15,4965.34,benchmark:H00300
2024-03-18,5011.98,benchmark:H00300
2024-03-19,4975.96,benchmark:H00300
2024-03-20,4986.75,benchmark:H00300
2024-03-21,4980.78,benchmark:H00300
2024-03-22,4930.58,benchmark:H00300
2024-03-25,4903.82,benchmark:H00300
2024-03-26,4928.84,benchmark:H00300
2024-03-27,4871.87,benchmark:H00300
2024-03-28,4897.15,benchmark:H00300
2024-03-29,4920.26,benchmark:H00300
2024-04-01,5001.15,benchmark:H00300
2024-04-02,4980.33,benchmark:H00300
2024-04-03,4962.43,benchmark:H00300
2024-04-08,4918.76,benchmark:H00300
2024-04-09,4914.7,benchmark:H00300
2024-04-10,4874.67,benchmark:H00300
2024-04-11,4874.02,benchmark:H00300
2024-04-12,4834.52,benchmark:H00300
2024-04-15,4936.38,benchmark:H00300
2024-04-16,4883.58,benchmark:H00300
2024-04-17,4959.09,benchmark:H00300
2024-04-18,4965.6,benchmark:H00300
2024-04-19,4926.66,benchmark:H00300
2024-04-22,4912.53,benchmark:H00300
2024-04-23,4878.56,benchmark:H00300
2024-04-24,4899.98,benchmark:H00300
2024-04-25,4912.03,benchmark:H00300
2024-04-26,4987.35,benchmark:H00300
2024-04-29,5042.74,benchmark:H00300
2024-04-30,5019.19,benchmark:H00300
2024-05-06,5093.66,benchmark:H00300
2024-05-07,5095.24,benchmark:H00300
2024-05-08,5055.17,benchmark:H00300
2024-05-09,5102.99,benchmark:H00300
2024-05-10,5106.04,benchmark:H00300
2024-05-13,5103.84,benchmark:H00300
2024-05-14,5093.77,benchmark:H00300
2024-05-15,5054.72,benchmark:H00300
2024-05-16,5074.68,benchmark:H00300
2024-05-17,5127.69,benchmark:H00300
2024-05-20,5145.8,benchmark:H00300
2024-05-21,5126.58,benchmark:H00300
2024-05-22,5138.8,benchmark:H00300
2024-05-23,5079.36,benchmark:H00300
2024-05-24,5023.9,benchmark:H00300
2024-05-27,5072.07,benchmark:H00300
2024-05-28,5035.45,benchmark:H00300
2024-05-29,5042.26,benchmark:H00300
2024-05-30,5016.31,benchmark:H00300
2024-05-31,4996.33,benchmark:H00300
2024-06-03,5008.93,benchmark:H00300
2024-06-04,5047.05,benchmark:H00300
2024-06-05,5020.11,benchmark:H00300
2024-06-06,5017.83,benchmark:H00300
2024-06-07,4995.57,benchmark:H00300
2024-06-11,4952.94,benchmark:H00300
2024-06-12,4955.19,benchmark:H00300
2024-06-13,4932.59,benchmark:H00300
2024-06-14,4961.28,benchmark:H00300
2024-06-17,4954.18,benchmark:H00300
2024-06-18,4967.52,benchmark:H00300
2024-06-19,4951.52,benchmark:H00300
2024-06-20,4916.88,benchmark:H00300
2024-06-21,4907.3,benchmark:H00300
2024-06-24,4881.73,benchmark:H00300
2024-06-25,4855.18,benchmark:H00300
2024-06-26,4889.74,benchmark:H00300
2024-06-27,4856.09,benchmark:H00300
2024-06-28,4870.47,benchmark:H00300
2024-07-01,4893.82,benchmark:H00300
2024-07-02,4884.82,benchmark:H00300
2024-07-03,4873.71,benchmark:H00300
2024-07-04,4849.4,benchmark:H00300
2024-07-05,4829.91,benchmark:H00300
2024-07-08,4791.55,benchmark:H00300
2024-07-09,4850.1,benchmark:H00300
2024-07-10,4840.25,benchmark:H00300
2024-07-11,4905.59,benchmark:H00300
2024-07-12,4918.72,benchmark:H00300
2024-07-15,4925.23,benchmark:H00300
2024-07-16,4961.97,benchmark:H00300
2024-07-17,4968.26,benchmark:H00300
2024-07-18,4997.1,benchmark:H00300
2024-07-19,5026.61,benchmark:H00300
2024-07-22,4992.51,benchmark:H00300
2024-07-23,4886.88,benchmark:H00300
2024-07-24,4857.52,benchmark:H00300
2024-07-25,4831.03,benchmark:H00300
2024-07-26,4851.22,benchmark:H00300
2024-07-29,4825.6,benchmark:H00300
2024-07-30,4796.31,benchmark:H00300
2024-07-31,4899.82,benchmark:H00300
2024-08-01,4867.61,benchmark:H00300
2024-08-02,4817.96,benchmark:H00300
2024-08-05,4759.52,benchmark:H00300
2024-08-06,4759.14,benchmark:H00300
2024-08-07,4757.02,benchmark:H00300
2024-08-08,4759.69,benchmark:H00300
2024-08-09,4745.0,benchmark:H00300
2024-08-12,4736.8,benchmark:H00300
2024-08-13,4748.97,benchmark:H00300
2024-08-14,4714.14,benchmark:H00300
2024-08-15,4761.49,benchmark:H00300
2024-08-16,4768.66,benchmark:H00300
2024-08-19,4784.88,benchmark:H00300
2024-08-20,4750.72,benchmark:H00300
2024-08-21,4735.15,benchmark:H00300
2024-08-22,4723.12,benchmark:H00300
2024-08-23,4744.35,benchmark:H00300
2024-08-26,4741.39,benchmark:H00300
2024-08-27,4714.45,benchmark:H00300
2024-08-28,4690.48,benchmark:H00300
2024-08-29,4677.9,benchmark:H00300
2024-08-30,4740.34,benchmark:H00300
2024-09-02,4660.41,benchmark:H00300
2024-09-03,4672.42,benchmark:H00300
2024-09-04,4642.16,benchmark:H00300
2024-09-05,4650.47,benchmark:H00300
2024-09-06,4612.77,benchmark:H00300
2024-09-09,4558.67,benchmark:H00300
2024-09-10,4562.68,benchmark:H00300
2024-09-11,4549.86,benchmark:H00300
2024-09-12,4530.36,benchmark:H00300
2024-09-13,4512.07,benchmark:H00300
2024-09-18,4528.87,benchmark:H00300
2024-09-19,4565.32,benchmark:H00300
2024-09-20,4572.77,benchmark:H00300
2024-09-23,4589.5,benchmark:H00300
2024-09-24,4788.31,benchmark:H00300
2024-09-25,4859.48,benchmark:H00300
2024-09-26,5065.65,benchmark:H00300
2024-09-27,5291.92,benchmark:H00300
2024-09-30,5741.03,benchmark:H00300
2024-10-08,6081.45,benchmark:H00300
2024-10-09,5652.7,benchmark:H00300
2024-10-10,5714.22,benchmark:H00300
2024-10-11,5556.27,benchmark:H00300
2024-10-14,5662.29,benchmark:H00300
2024-10-15,5511.74,benchmark:H00300
2024-10-16,5476.93,benchmark:H00300
2024-10-17,5414.94,benchmark:H00300
2024-10-18,5614.78,benchmark:H00300
2024-10-21,5629.22,benchmark:H00300
2024-10-22,5661.61,benchmark:H00300
2024-10-23,5683.99,benchmark:H00300
2024-10-24,5620.82,benchmark:H00300
2024-10-25,5660.74,benchmark:H00300
2024-10-28,5671.81,benchmark:H00300
2024-10-29,5615.28,benchmark:H00300
2024-10-30,5565.4,benchmark:H00300
2024-10-31,5567.99,benchmark:H00300
2024-11-01,5567.04,benchmark:H00300
2024-11-04,5645.38,benchmark:H00300
2024-11-05,5788.22,benchmark:H00300
2024-11-06,5759.55,benchmark:H00300
2024-11-07,5934.58,benchmark:H00300
2024-11-08,5875.05,benchmark:H00300
2024-11-11,5913.93,benchmark:H00300
2024-11-12,5848.96,benchmark:H00300
2024-11-13,5885.83,benchmark:H00300
2024-11-14,5783.79,benchmark:H00300
2024-11-15,5682.56,benchmark:H00300
2024-11-18,5656.36,benchmark:H00300
2024-11-19,5694.32,benchmark:H00300
2024-11-20,5707.04,benchmark:H00300
2024-11-21,5712.27,benchmark:H00300
2024-11-22,5535.29,benchmark:H00300
2024-11-25,5510.46,benchmark:H00300
2024-11-26,5499.13,benchmark:H00300
2024-11-27,5594.88,benchmark:H00300
2024-11-28,5546.4,benchmark:H00300
2024-11-29,5609.78,benchmark:H00300
2024-12-02,5654.3,benchmark:H00300
2024-12-03,5660.4,benchmark:H00300
2024-12-04,5629.85,benchmark:H00300
2024-12-05,5617.0,benchmark:H00300
2024-12-06,5690.84,benchmark:H00300
2024-12-09,5681.43,benchmark:H00300
2024-12-10,5723.11,benchmark:H00300
2024-12-11,5713.66,benchmark:H00300
2024-12-12,5770.54,benchmark:H00300
2024-12-13,5634.17,benchmark:H00300
2024-12-16,5603.61,benchmark:H00300
2024-12-17,5618.21,benchmark:H00300
2024-12-18,5646.84,benchmark:H00300
2024-12-19,5651.96,benchmark:H00300
2024-12-20,5631.33,benchmark:H00300
2024-12-23,5639.68,benchmark:H00300
2024-12-24,5711.53,benchmark:H00300
2024-12-25,5714.38,benchmark:H00300
2024-12-26,5717.07,benchmark:H00300
2024-12-27,5708.06,benchmark:H00300
2024-12-30,5734.58,benchmark:H00300
2024-12-31,5642.6,benchmark:H00300
2025-01-02,5478.38,benchmark:H00300
2025-01-03,5413.52,benchmark:H00300
2025-01-06,5404.64,benchmark:H00300
2025-01-07,5444.91,benchmark:H00300
2025-01-08,5436.57,benchmark:H00300
2025-01-09,5423.17,benchmark:H00300
2025-01-10,5356.81,benchmark:H00300
2025-01-13,5342.51,benchmark:H00300
2025-01-14,5483.19,benchmark:H00300
2025-01-15,5448.01,benchmark:H00300
2025-01-16,5454.27,benchmark:H00300
2025-01-17,5471.55,benchmark:H00300
2025-01-20,5496.99,benchmark:H00300
2025-01-21,5501.25,benchmark:H00300
2025-01-22,5451.05,benchmark:H00300
2025-01-23,5462.78,benchmark:H00300
2025-01-24,5508.03,benchmark:H00300
2025-01-27,5485.73,benchmark:H00300
2025-02-05,5454.12,benchmark:H00300
2025-02-06,5522.74,benchmark:H00300
2025-02-07,5594.42,benchmark:H00300
2025-02-10,5606.43,benchmark:H00300
2025-02-11,5580.67,benchmark:H00300
2025-02-12,5633.45,benchmark:H00300
2025-02-13,5612.29,benchmark:H00300
2025-02-14,5660.96,benchmark:H00300
2025-02-17,5673.02,benchmark:H00300
2025-02-18,5623.27,benchmark:H00300
2025-02-19,5662.62,benchmark:H00300
2025-02-20,5646.43,benchmark:H00300
2025-02-21,5717.64,benchmark:H00300
2025-02-24,5705.1,benchmark:H00300
2025-02-25,5641.77,benchmark:H00300
2025-02-26,5691.05,benchmark:H00300
2025-02-27,5702.8,benchmark:H00300
2025-02-28,5590.6,benchmark:H00300
2025-03-03,5588.34,benchmark:H00300
2025-03-04,5583.66,benchmark:H00300
2025-03-05,5608.6,benchmark:H00300
2025-03-06,5685.72,benchmark:H00300
2025-03-07,5668.16,benchmark:H00300
2025-03-10,5646.3,benchmark:H00300
2025-03-11,5664.42,benchmark:H00300
2025-03-12,5644.04,benchmark:H00300
2025-03-13,5621.54,benchmark:H00300
2025-03-14,5758.04,benchmark:H00300
2025-03-17,5744.0,benchmark:H00300
2025-03-18,5759.72,benchmark:H00300
2025-03-19,5763.23,benchmark:H00300
2025-03-20,5712.68,benchmark:H00300
2025-03-21,5626.02,benchmark:H00300
2025-03-24,5654.99,benchmark:H00300
2025-03-25,5651.32,benchmark:H00300
2025-03-26,5632.72,benchmark:H00300
2025-03-27,5651.48,benchmark:H00300
2025-03-28,5626.88,benchmark:H00300
2025-03-31,5586.83,benchmark:H00300
2025-04-01,5587.87,benchmark:H00300
2025-04-02,5583.13,benchmark:H00300
2025-04-03,5550.24,benchmark:H00300
2025-04-07,5159.2,benchmark:H00300
2025-04-08,5247.33,benchmark:H00300
2025-04-09,5299.12,benchmark:H00300
2025-04-10,5368.58,benchmark:H00300
2025-04-11,5390.71,benchmark:H00300
2025-04-14,5403.11,benchmark:H00300
2025-04-15,5406.12,benchmark:H00300
2025-04-16,5423.53,benchmark:H00300
2025-04-17,5422.76,benchmark:H00300
2025-04-18,5424.62,benchmark:H00300
2025-04-21,5442.39,benchmark:H00300
2025-04-22,5444.34,benchmark:H00300
2025-04-23,5448.56,benchmark:H00300
2025-04-24,5444.93,benchmark:H00300
2025-04-25,5449.41,benchmark:H00300
2025-04-28,5441.68,benchmark:H00300
2025-04-29,5432.28,benchmark:H00300
2025-04-30,5427.04,benchmark:H00300
2025-05-06,5481.7,benchmark:H00300
2025-05-07,5514.93,benchmark:H00300
2025-05-08,5545.54,benchmark:H00300
2025-05-09,5537.16,benchmark:H00300
2025-05-12,5601.37,benchmark:H00300
2025-05-13,5610.0,benchmark:H00300
2025-05-14,5678.15,benchmark:H00300
2025-05-15,5627.52,benchmark:H00300
2025-05-16,5601.47,benchmark:H00300
2025-05-19,5584.44,benchmark:H00300
2025-05-20,5615.6,benchmark:H00300
2025-05-21,5643.36,benchmark:H00300
2025-05-22,5639.93,benchmark:H00300
2025-05-23,5594.98,benchmark:H00300
2025-05-26,5563.42,benchmark:H00300
2025-05-27,5533.66,benchmark:H00300
2025-05-28,5529.53,benchmark:H00300
2025-05-29,5562.33,benchmark:H00300
2025-05-30,5536.49,benchmark:H00300
2025-06-03,5553.47,benchmark:H00300
2025-06-04,5577.59,benchmark:H00300
2025-06-05,5591.12,benchmark:H00300
2025-06-06,5589.55,benchmark:H00300
2025-06-09,5606.2,benchmark:H00300
2025-06-10,5577.66,benchmark:H00300
2025-06-11,5621.83,benchmark:H00300
2025-06-12,5625.02,benchmark:H00300
2025-06-13,5587.06,benchmark:H00300
2025-06-16,5601.24,benchmark:H00300
2025-06-17,5596.8,benchmark:H00300
2025-06-18,5604.74,benchmark:H00300
2025-06-19,5559.32,benchmark:H00300
2025-06-20,5569.69,benchmark:H00300
2025-06-23,5586.72,benchmark:H00300
2025-06-24,5653.7,benchmark:H00300
2025-06-25,5739.45,benchmark:H00300
2025-06-26,5725.13,benchmark:H00300
2025-06-27,5693.88,benchmark:H00300
2025-06-30,5719.97,benchmark:H00300
2025-07-01,5729.84,benchmark:H00300
2025-07-02,5731.18,benchmark:H00300
2025-07-03,5767.32,benchmark:H00300
2025-07-04,5788.3,benchmark:H00300
2025-07-07,5766.06,benchmark:H00300
2025-07-08,5814.49,benchmark:H00300
2025-07-09,5804.94,benchmark:H00300
2025-07-10,5835.13,benchmark:H00300
2025-07-11,5850.28,benchmark:H00300
2025-07-14,5856.98,benchmark:H00300
2025-07-15,5859.99,benchmark:H00300
2025-07-16,5845.41,benchmark:H00300
2025-07-17,5888.84,benchmark:H00300
2025-07-18,5930.93,benchmark:H00300
2025-07-21,5971.02,benchmark:H00300
2025-07-22,6020.61,benchmark:H00300
2025-07-23,6022.19,benchmark:H00300
2025-07-24,6065.46,benchmark:H00300
2025-07-25,6036.08,benchmark:H00300
2025-07-28,6050.25,benchmark:H00300
2025-07-29,6074.94,benchmark:H00300
2025-07-30,6073.86,benchmark:H00300
2025-07-31,5964.36,benchmark:H00300
2025-08-01,5934.19,benchmark:H00300
2025-08-04,5957.38,benchmark:H00300
2025-08-05,6005.31,benchmark:H00300
2025-08-06,6019.99,benchmark:H00300
2025-08-07,6021.72,benchmark:H00300
2025-08-08,6009.78,benchmark:H00300
2025-08-11,6035.47,benchmark:H00300
2025-08-12,6066.67,benchmark:H00300
2025-08-13,6114.81,benchmark:H00300
2025-08-14,6110.92,benchmark:H00300
2025-08-15,6154.1,benchmark:H00300
2025-08-18,6208.37,benchmark:H00300
2025-08-19,6185.28,benchmark:H00300
2025-08-20,6256.68,benchmark:H00300
2025-08-21,6281.17,benchmark:H00300
2025-08-22,6414.12,benchmark:H00300
2025-08-25,6548.68,benchmark:H00300
2025-08-26,6524.31,benchmark:H00300
2025-08-27,6427.05,benchmark:H00300
2025-08-28,6540.84,benchmark:H00300
2025-08-29,6591.65,benchmark:H00300
2025-09-01,6631.78,benchmark:H00300
2025-09-02,6583.03,benchmark:H00300
2025-09-03,6538.13,benchmark:H00300
2025-09-04,6400.17,benchmark:H00300
2025-09-05,6540.07,benchmark:H00300
2025-09-08,6550.87,benchmark:H00300
2025-09-09,6504.96,benchmark:H00300
2025-09-10,6518.42,benchmark:H00300
2025-09-11,6669.26,benchmark:H00300
2025-09-12,6631.51,benchmark:H00300
2025-09-15,6647.73,benchmark:H00300
2025-09-16,6634.83,benchmark:H00300
2025-09-17,6676.25,benchmark:H00300
2025-09-18,6598.84,benchmark:H00300
2025-09-19,6604.49,benchmark:H00300
2025-09-22,6634.84,benchmark:H00300
2025-09-23,6630.7,benchmark:H00300
2025-09-24,6699.32,benchmark:H00300
2025-09-25,6739.93,benchmark:H00300
2025-09-26,6676.92,benchmark:H00300
2025-09-29,6779.71,benchmark:H00300
2025-09-30,6811.55,benchmark:H00300
2025-10-09,6912.51,benchmark:H00300
2025-10-10,6776.93,benchmark:H00300
2025-10-13,6743.87,benchmark:H00300
2025-10-14,6663.26,benchmark:H00300
2025-10-15,6763.28,benchmark:H00300
2025-10-16,6782.75,benchmark:H00300
2025-10-17,6631.03,benchmark:H00300
2025-10-20,6666.75,benchmark:H00300
2025-10-21,6769.11,benchmark:H00300
2025-10-22,6746.87,benchmark:H00300
2025-10-23,6767.21,benchmark:H00300
2025-10-24,6852.31,benchmark:H00300
2025-10-27,6934.01,benchmark:H00300
2025-10-28,6899.53,benchmark:H00300
2025-10-29,6981.96,benchmark:H00300
2025-10-30,6926.26,benchmark:H00300
2025-10-31,6824.43,benchmark:H00300
2025-11-03,6843.6,benchmark:H00300
2025-11-04,6792.68,benchmark:H00300
2025-11-05,6805.38,benchmark:H00300
2025-11-06,6902.66,benchmark:H00300
2025-11-07,6881.46,benchmark:H00300
2025-11-10,6906.26,benchmark:H00300
2025-11-11,6843.18,benchmark:H00300
2025-11-12,6834.4,benchmark:H00300
2025-11-13,6917.02,benchmark:H00300
2025-11-14,6808.31,benchmark:H00300
2025-11-17,6764.12,benchmark:H00300
2025-11-18,6721.39,benchmark:H00300
2025-11-19,6750.96,benchmark:H00300
2025-11-20,6717.62,benchmark:H00300
2025-11-21,6554.04,benchmark:H00300
2025-11-24,6546.06,benchmark:H00300
2025-11-25,6608.54,benchmark:H00300
2025-11-26,6648.68,benchmark:H00300
2025-11-27,6645.41,benchmark:H00300
2025-11-28,6662.16,benchmark:H00300
2025-12-01,6735.49,benchmark:H00300
2025-12-02,6702.89,benchmark:H00300
2025-12-03,6668.62,benchmark:H00300
2025-12-04,6691.47,benchmark:H00300
2025-12-05,6747.36,benchmark:H00300
2025-12-08,6802.13,benchmark:H00300
2025-12-09,6767.6,benchmark:H00300
2025-12-10,6758.18,benchmark:H00300
2025-12-11,6700.71,benchmark:H00300
2025-12-12,6743.99,benchmark:H00300
2025-12-15,6703.6,benchmark:H00300
2025-12-16,6623.39,benchmark:H00300
2025-12-17,6745.78,benchmark:H00300
2025-12-18,6707.32,benchmark:H00300
2025-12-19,6734.07,benchmark:H00300
2025-12-22,6798.12,benchmark:H00300
2025-12-23,6811.77,benchmark:H00300
2025-12-24,6831.51,benchmark:H00300
2025-12-25,6845.16,benchmark:H00300
2025-12-26,6866.84,benchmark:H00300
2025-12-29,6840.53,benchmark:H00300
2025-12-30,6858.09,benchmark:H00300
2025-12-31,6826.62,benchmark:H00300
2026-01-05,6956.12,benchmark:H00300
2026-01-06,7063.68,benchmark:H00300
2026-01-07,7043.03,benchmark:H00300
2026-01-08,6985.57,benchmark:H00300
2026-01-09,7017.31,benchmark:H00300
2026-01-12,7063.39,benchmark:H00300
2026-01-13,7020.88,benchmark:H00300
2026-01-14,6994.02,benchmark:H00300
2026-01-15,7008.2,benchmark:H00300
2026-01-16,6983.07,benchmark:H00300
2026-01-19,6986.89,benchmark:H00300
2026-01-20,6963.9,benchmark:H00300
2026-01-21,6970.08,benchmark:H00300
2026-01-22,6971.03,benchmark:H00300
2026-01-23,6941.39,benchmark:H00300
2026-01-26,6947.98,benchmark:H00300
2026-01-27,6946.1,benchmark:H00300
2026-01-28,6964.26,benchmark:H00300
2026-01-29,7017.31,benchmark:H00300
2026-01-30,6947.51,benchmark:H00300
2026-02-02,6799.36,benchmark:H00300
2026-02-03,6879.27,benchmark:H00300
2026-02-04,6936.26,benchmark:H00300
2026-02-05,6895.07,benchmark:H00300
2026-02-06,6858.16,benchmark:H00300
2026-02-09,6970.39,benchmark:H00300
2026-02-10,6978.22,benchmark:H00300
2026-02-11,6962.88,benchmark:H00300
2026-02-12,6972.31,benchmark:H00300
2026-02-13,6884.89,benchmark:H00300
2026-02-24,6954.53,benchmark:H00300
2026-02-25,6996.4,benchmark:H00300
2026-02-26,6983.09,benchmark:H00300
2026-02-27,6959.11,benchmark:H00300
2026-03-02,6985.74,benchmark:H00300
2026-03-03,6878.23,benchmark:H00300
2026-03-04,6799.53,benchmark:H00300
2026-03-05,6866.11,benchmark:H00300
2026-03-06,6884.95,benchmark:H00300
2026-03-09,6818.49,benchmark:H00300
2026-03-10,6906.1,benchmark:H00300
2026-03-11,6950.03,benchmark:H00300
2026-03-12,6925.01,benchmark:H00300
2026-03-13,6897.8,benchmark:H00300
2026-03-16,6901.38,benchmark:H00300
2026-03-17,6850.97,benchmark:H00300
2026-03-18,6881.84,benchmark:H00300
2026-03-19,6770.92,benchmark:H00300
2026-03-20,6746.93,benchmark:H00300
2026-03-23,6526.78,benchmark:H00300
2026-03-24,6610.59,benchmark:H00300
2026-03-25,6703.28,benchmark:H00300
2026-03-26,6614.74,benchmark:H00300
2026-03-27,6651.72,benchmark:H00300
2026-03-30,6636.04,benchmark:H00300
2026-03-31,6574.14,benchmark:H00300
2026-04-01,6686.44,benchmark:H00300
2026-04-02,6616.78,benchmark:H00300
2026-04-03,6560.45,benchmark:H00300
2026-04-07,6560.3,benchmark:H00300
2026-04-08,6789.2,benchmark:H00300
2026-04-09,6745.86,benchmark:H00300
2026-04-10,6850.09,benchmark:H00300
2026-04-13,6864.25,benchmark:H00300
2026-04-14,6945.7,benchmark:H00300
2026-04-15,6922.33,benchmark:H00300
2026-04-16,6998.22,benchmark:H00300
2026-04-17,6986.81,benchmark:H00300
2026-04-20,7029.32,benchmark:H00300
2026-04-21,7045.26,benchmark:H00300
2026-04-22,7096.98,benchmark:H00300
2026-04-23,7077.31,benchmark:H00300
2026-04-24,7052.45,benchmark:H00300
2026-04-27,7054.79,benchmark:H00300
2026-04-28,7036.24,benchmark:H00300
2026-04-29,7113.72,benchmark:H00300
2026-04-30,7109.91,benchmark:H00300
2026-05-06,7213.12,benchmark:H00300
2026-05-07,7247.75,benchmark:H00300
2026-05-08,7205.74,benchmark:H00300
2026-05-11,7324.27,benchmark:H00300
2026-05-12,7318.93,benchmark:H00300
2026-05-13,7396.38,benchmark:H00300
2026-05-14,7272.54,benchmark:H00300
2026-05-15,7191.91,benchmark:H00300
2026-05-18,7153.47,benchmark:H00300
2026-05-19,7182.62,benchmark:H00300
2026-05-20,7180.41,benchmark:H00300
2026-05-21,7080.48,benchmark:H00300
2026-05-22,7172.75,benchmark:H00300
2026-05-25,7286.12,benchmark:H00300
2026-05-26,7325.64,benchmark:H00300
2026-05-27,7269.07,benchmark:H00300
2026-05-28,7278.67,benchmark:H00300
2026-05-29,7247.7,benchmark:H00300
2026-06-01,7177.02,benchmark:H00300
2026-06-02,7281.35,benchmark:H00300
2026-06-03,7317.46,benchmark:H00300
2026-06-04,7267.64,benchmark:H00300
2026-06-05,7140.2,benchmark:H00300
2026-06-08,6987.79,benchmark:H00300
2026-06-09,7118.71,benchmark:H00300
2026-06-10,7046.93,benchmark:H00300
2026-06-11,7009.13,benchmark:H00300
2026-06-12,7094.65,benchmark:H00300
2026-06-15,7265.64,benchmark:H00300
2026-06-16,7254.73,benchmark:H00300
2026-06-17,7325.56,benchmark:H00300
2026-06-18,7341.66,benchmark:H00300
2026-06-22,7517.35,benchmark:H00300
2026-06-23,7309.07,benchmark:H00300
2026-06-24,7344.52,benchmark:H00300
2026-06-25,7459.49,benchmark:H00300
2026-06-26,7244.11,benchmark:H00300
2026-06-29,7336.65,benchmark:H00300
2026-06-30,7415.78,benchmark:H00300
2026-07-01,7385.59,benchmark:H00300
2026-07-02,7167.86,benchmark:H00300
2026-07-03,7213.45,benchmark:H00300
2026-07-06,7213.96,benchmark:H00300
2026-07-07,7139.92,benchmark:H00300
2026-07-08,7085.31,benchmark:H00300
2026-07-09,7266.38,benchmark:H00300
2026-07-10,7132.35,benchmark:H00300
2026-07-13,7007.52,benchmark:H00300
2026-07-14,7158.68,benchmark:H00300
2026-07-15,7144.6,benchmark:H00300
2026-07-16,7018.51,benchmark:H00300
2026-07-17,6770.28,benchmark:H00300
2026-07-20,6874.72,benchmark:H00300
2026-07-21,7085.43,benchmark:H00300
2026-07-22,7052.97,benchmark:H00300
2026-07-23,7069.24,benchmark:H00300
2026-07-24,6952.09,benchmark:H00300
2026-07-27,7031.82,benchmark:H00300
2026-07-28,6833.9,benchmark:H00300
2026-07-29,6880.4,benchmark:H00300
2026-07-30,6806.04,benchmark:H00300
2026-07-31,6866.0,benchmark:H00300
2026-08-03,6799.37,benchmark:H00300
2026-08-04,6885.8,benchmark:H00300
2026-08-05,6971.44,benchmark:H00300
2026-08-06,6961.2,benchmark:H00300
2026-08-07,7027.38,benchmark:H00300
2026-08-10,7039.72,benchmark:H00300
2026-08-11,6983.35,benchmark:H00300
2026-08-12,7023.97,benchmark:H00300
2023-08-14,1.0,etf:510500.SS
2023-08-15,0.9937435693185966,etf:510500.SS
2023-08-16,0.9859935610209432,etf:510500.SS
2023-08-17,0.9929303992830826,etf:510500.SS
2023-08-18,0.9768329516412756,etf:510500.SS
2023-08-21,0.9654651664509275,etf:510500.SS
2023-08-22,0.9704769491187891,etf:510500.SS
2023-08-23,0.9517408476882737,etf:510500.SS
2023-08-24,0.9555909588768295,etf:510500.SS
2023-08-25,0.9435095754920506,etf:510500.SS
2023-08-28,0.9541637624879683,etf:510500.SS
2023-08-29,0.9755883036277341,etf:510500.SS
2023-08-30,0.9763184971290119,etf:510500.SS
2023-08-31,0.9701948289023863,etf:510500.SS
2023-09-01,0.9721198844966642,etf:510500.SS
2023-09-04,0.9855620830429153,etf:510500.SS
2023-09-05,0.9786418400876231,etf:510500.SS
2023-09-06,0.9789737462245676,etf:510500.SS
2023-09-07,0.9641043512894553,etf:510500.SS
2023-09-08,0.9650834743934416,etf:510500.SS
2023-09-11,0.9761027581399979,etf:510500.SS
2023-09-12,0.9754887317866506,etf:510500.SS
2023-09-13,0.9659796209631916,etf:510500.SS
2023-09-14,0.9637060639251219,etf:510500.SS
2023-09-15,0.9640711606757609,etf:510500.SS
2023-09-18,0.966759600385011,etf:510500.SS
2023-09-19,0.9613495303528161,etf:510500.SS
2023-09-20,0.9551594808988018,etf:510500.SS
2023-09-21,0.9485545487736067,etf:510500.SS
2023-09-22,0.9632413953333996,etf:510500.SS
2023-09-25,0.9577981346875103,etf:510500.SS
2023-09-26,0.9545288592386073,etf:510500.SS
2023-09-27,0.9592917123037603,etf:510500.SS
2023-09-28,0.961930366092469,etf:510500.SS
2023-10-09,0.9562879617644129,etf:510500.SS
2023-10-10,0.9515914899266484,etf:510500.SS
2023-10-11,0.9515085133924124,etf:510500.SS
2023-10-12,0.958544923495635,etf:510500.SS
2023-10-13,0.9520395632115234,etf:510500.SS
2023-10-16,0.9430615022071753,etf:510500.SS
2023-10-17,0.94548441700687,etf:510500.SS
2023-10-18,0.9335523913837162,etf:510500.SS
2023-10-19,0.9233960635932152,etf:510500.SS
2023-10-20,0.9165256065584647,etf:510500.SS
2023-10-23,0.8938564174051572,etf:510500.SS
2023-10-24,0.9042450794915193,etf:510500.SS
2023-10-25,0.908227953134853,etf:510500.SS
2023-10-26,0.9119618971754784,etf:510500.SS
2023-10-27,0.9279099870556603,etf:510500.SS
2023-10-30,0.9371037870490222,etf:510500.SS
2023-10-31,0.9339506787480497,etf:510500.SS
2023-11-01,0.9308473563676188,etf:510500.SS
2023-11-02,0.9223007733412987,etf:510500.SS
2023-11-03,0.9310133094360911,etf:510500.SS
2023-11-06,0.9469779946231202,etf:510500.SS
2023-11-07,0.9480069036476481,etf:510500.SS
2023-11-08,0.9474260679079951,etf:510500.SS
2023-11-09,0.944737628198745,etf:510500.SS
2023-11-10,0.9415181386703836,etf:510500.SS
2023-11-13,0.9468784227820368,etf:510500.SS
2023-11-14,0.9510936307212314,etf:510500.SS
2023-11-15,0.9567194397424402,etf:510500.SS
2023-11-16,0.9474426632148423,etf:510500.SS
2023-11-17,0.9511102260280787,etf:510500.SS
2023-11-20,0.955889674400079,etf:510500.SS
2023-11-21,0.9526701848717176,etf:510500.SS
2023-11-22,0.9410036841581195,etf:510500.SS
2023-11-23,0.9494838859570507,etf:510500.SS
2023-11-24,0.940456039032161,etf:510500.SS
2023-11-27,0.9399249892130499,etf:510500.SS
2023-11-28,0.9440572206180086,etf:510500.SS
2023-11-29,0.937784194629758,etf:510500.SS
2023-11-30,0.9364565700819801,etf:510500.SS
2023-12-01,0.940157323508911,etf:510500.SS
2023-12-04,0.9388462942679805,etf:510500.SS
2023-12-05,0.9222675827276041,etf:510500.SS
2023-12-06,0.9258853596202988,etf:510500.SS
2023-12-07,0.9256696206312848,etf:510500.SS
2023-12-08,0.9283414650336879,etf:510500.SS
2023-12-11,0.9395598924624109,etf:510500.SS
2023-12-12,0.939792226758272,etf:510500.SS
2023-12-13,0.9298516379567852,etf:510500.SS
2023-12-14,0.9267815061900487,etf:510500.SS
2023-12-15,0.920110192837465,etf:510500.SS
2023-12-18,0.9094062199210057,etf:510500.SS
2023-12-19,0.908393906203325,etf:510500.SS
2023-12-20,0.8966776195691852,etf:510500.SS
2023-12-21,0.9015400444754217,etf:510500.SS
2023-12-22,0.8969763350924352,etf:510500.SS
2023-12-25,0.8975405755252408,etf:510500.SS
2023-12-26,0.8879318928606984,etf:510500.SS
2023-12-27,0.8924458163231432,etf:510500.SS
2023-12-28,0.9088917654087418,etf:510500.SS
2023-12-29,0.916757940854326,etf:510500.SS
2023-12-31,0.9167413455474787,etf:510500.SS
2024-01-02,0.9134222841780341,etf:510500.SS
2024-01-03,0.9119121112549368,etf:510500.SS
2024-01-04,0.9040625311162,etf:510500.SS
2024-01-05,0.8916990275150184,etf:510500.SS
2024-01-08,0.8721995419695306,etf:510500.SS
2024-01-09,0.874307145939128,etf:510500.SS
2024-01-10,0.8706727737395861,etf:510500.SS
2024-01-11,0.881725248099837,etf:510500.SS
2024-01-12,0.8787712834810312,etf:510500.SS
2024-01-15,0.8765475123635033,etf:510500.SS
2024-01-16,0.8758505094759199,etf:510500.SS
2024-01-17,0.8542434199608347,etf:510500.SS
2024-01-18,0.8543429918019181,etf:510500.SS
2024-01-19,0.846841913106973,etf:510500.SS
2024-01-22,0.8061834113312751,etf:510500.SS
2024-01-23,0.8209698297321513,etf:510500.SS
2024-01-24,0.832238043081416,etf:510500.SS
2024-01-25,0.8562680473961958,etf:510500.SS
2024-01-26,0.8484350625643062,etf:510500.SS
2024-01-29,0.8317069932623049,etf:510500.SS
2024-01-30,0.8126389856948449,etf:510500.SS
2024-01-31,0.7926914268644822,etf:510500.SS
2024-02-01,0.7895051279498152,etf:510500.SS
2024-02-02,0.7695741644262997,etf:510500.SS
2024-02-05,0.7525307842942011,etf:510500.SS
2024-02-06,0.8106143582594835,etf:510500.SS
2024-02-07,0.861727903348932,etf:510500.SS
2024-02-08,0.8687145275316133,etf:510500.SS
2024-02-19,0.8670218062331964,etf:510500.SS
2024-02-20,0.8670549968468909,etf:510500.SS
2024-02-21,0.8668392578578769,etf:510500.SS
2024-02-22,0.873012712005044,etf:510500.SS
2024-02-23,0.8765641076703499,etf:510500.SS
2024-02-26,0.8761492249991693,etf:510500.SS
2024-02-27,0.8949848982707681,etf:510500.SS
2024-02-28,0.874489694314447,etf:510500.SS
2024-02-29,0.9015566397822687,etf:510500.SS
2024-03-01,0.9070828769623942,etf:510500.SS
2024-03-04,0.9086428358060331,etf:510500.SS
2024-03-05,0.9025025722725604,etf:510500.SS
2024-03-06,0.9022204520561576,etf:510500.SS
2024-03-07,0.8900560921371427,etf:510500.SS
2024-03-08,0.9021374755219214,etf:510500.SS
2024-03-11,0.9173387765939782,etf:510500.SS
2024-03-12,0.9144014072820196,etf:510500.SS
2024-03-13,0.9129742108931584,etf:510500.SS
2024-03-14,0.9091406950114497,etf:510500.SS
2024-03-15,0.9194629758704227,etf:510500.SS
2024-03-18,0.9319924325400765,etf:510500.SS
2024-03-19,0.9235786119685342,etf:510500.SS
2024-03-20,0.9260679079956178,etf:510500.SS
2024-03-21,0.9214544126920896,etf:510500.SS
2024-03-22,0.9077798798499774,etf:510500.SS
2024-03-25,0.8926781506190039,etf:510500.SS
2024-03-26,0.8908858574795037,etf:510500.SS
2024-03-27,0.8694779116465853,etf:510500.SS
2024-03-28,0.8806133625410724,etf:510500.SS
2024-03-29,0.891118191775365,etf:510500.SS
2024-04-01,0.9105678914003111,etf:510500.SS
2024-04-02,0.9071824488034774,etf:510500.SS
2024-04-03,0.9061037538584078,etf:510500.SS
2024-04-08,0.8932423910518096,etf:510500.SS
2024-04-09,0.9005277307577406,etf:510500.SS
2024-04-10,0.8891931361810869,etf:510500.SS
2024-04-11,0.8937236549503789,etf:510500.SS
2024-04-12,0.8895914235454202,etf:510500.SS
2024-04-15,0.9000132762454768,etf:510500.SS
2024-04-16,0.8751866972020302,etf:510500.SS
2024-04-17,0.9000962527797128,etf:510500.SS
2024-04-18,0.9018387599986715,etf:510500.SS
2024-04-19,0.8959142354542126,etf:510500.SS
2024-04-22,0.8880480600086286,etf:510500.SS
2024-04-23,0.8780576852866,etf:510500.SS
2024-04-24,0.8872348899731145,etf:510500.SS
2024-04-25,0.8866374589266144,etf:510500.SS
2024-04-26,0.9058382289488521,etf:510500.SS
2024-04-29,0.9237611603438536,etf:510500.SS
2024-04-30,0.9174549437419087,etf:510500.SS
2024-05-06,0.9320588137674652,etf:510500.SS
2024-05-07,0.9317932888579097,etf:510500.SS
2024-05-08,0.9202429552922422,etf:510500.SS
2024-05-09,0.9367552856052298,etf:510500.SS
2024-05-10,0.9334860101563267,etf:510500.SS
2024-05-13,0.9283912509542289,etf:510500.SS
2024-05-14,0.9277108433734929,etf:510500.SS
2024-05-15,0.9187991635965337,etf:510500.SS
2024-05-16,0.9156128646818666,etf:510500.SS
2024-05-17,0.9268810780311314,etf:510500.SS
2024-05-20,0.9323767535510861,etf:510500.SS
2024-05-21,0.9251615721935996,etf:510500.SS
2024-05-22,0.9239983770682103,etf:510500.SS
2024-05-23,0.9062975816818533,etf:510500.SS
2024-05-24,0.8984080843096482,etf:510500.SS
2024-05-27,0.9082362402241684,etf:510500.SS
2024-05-28,0.8990318266232628,etf:510500.SS
2024-05-29,0.9015267958777208,etf:510500.SS
2024-05-30,0.8989475371214228,etf:510500.SS
2024-05-31,0.8992678372284141,etf:510500.SS
2024-06-03,0.8935024353025721,etf:510500.SS
2024-06-04,0.9051849602575678,etf:510500.SS
2024-06-05,0.8949016410331126,etf:510500.SS
2024-06-06,0.887332443767899,etf:510500.SS
2024-06-07,0.8847194692108653,etf:510500.SS
2024-06-11,0.8863546855465572,etf:510500.SS
2024-06-12,0.8893553918120539,etf:510500.SS
2024-06-13,0.8833034055799566,etf:510500.SS
2024-06-14,0.8868604225575959,etf:510500.SS
2024-06-17,0.8857646590336785,etf:510500.SS
2024-06-18,0.890080281527876,etf:510500.SS
2024-06-19,0.8799318255063646,etf:510500.SS
2024-06-20,0.867389547632603,etf:510500.SS
2024-06-21,0.868991048167559,etf:510500.SS
2024-06-24,0.8505485051650117,etf:510500.SS
2024-06-25,0.8429961658001661,etf:510500.SS
2024-06-26,0.8558250279801829,etf:510500.SS
2024-06-27,0.8403157596416605,etf:510500.SS
2024-06-28,0.8431816027042134,etf:510500.SS
2024-06-30,0.8431647448038455,etf:510500.SS
2024-07-01,0.8534312061279327,etf:510500.SS
2024-07-02,0.8443953715307064,etf:510500.SS
2024-07-03,0.8379050798890422,etf:510500.SS
2024-07-04,0.8250087861075536,etf:510500.SS
2024-07-05,0.830959624937443,etf:510500.SS
2024-07-08,0.8168832781301971,etf:510500.SS
2024-07-09,0.8331342940849098,etf:510500.SS
2024-07-10,0.8277734817678989,etf:510500.SS
2024-07-11,0.8443110820288668,etf:510500.SS
2024-07-12,0.8412598020622662,etf:510500.SS
2024-07-15,0.8351066684279611,etf:510500.SS
2024-07-16,0.8377533587857307,etf:510500.SS
2024-07-17,0.8307741880333955,etf:510500.SS
2024-07-18,0.8345503577158183,etf:510500.SS
2024-07-19,0.8336231731955807,etf:510500.SS
2024-07-22,0.8324936938709273,etf:510500.SS
2024-07-23,0.8081171699388584,etf:510500.SS
2024-07-24,0.7987273194339052,etf:510500.SS
2024-07-25,0.7982215824228663,etf:510500.SS
2024-07-26,0.8105784233925803,etf:510500.SS
2024-07-29,0.8059425007913916,etf:510500.SS
2024-07-30,0.804492721359747,etf:510500.SS
2024-07-31,0.8367587426640208,etf:510500.SS
2024-08-01,0.8310439144392828,etf:510500.SS
2024-08-02,0.8200019896982695,etf:510500.SS
2024-08-05,0.8037678316439248,etf:510500.SS
2024-08-06,0.8134442664551335,etf:510500.SS
2024-08-07,0.8136971349606529,etf:510500.SS
2024-08-08,0.8145063141783149,etf:510500.SS
2024-08-09,0.8084543279462175,etf:510500.SS
2024-08-12,0.8073754223226681,etf:510500.SS
2024-08-13,0.8103086969866931,etf:510500.SS
2024-08-14,0.7992836301460478,etf:510500.SS
2024-08-15,0.8046613003634268,etf:510500.SS
2024-08-16,0.8000422356626059,etf:510500.SS
2024-08-19,0.8021831890093366,etf:510500.SS
2024-08-20,0.7882754212057703,etf:510500.SS
2024-08-21,0.7857298782502085,etf:510500.SS
2024-08-22,0.7764748909481989,etf:510500.SS
2024-08-23,0.7771660648632852,etf:510500.SS
2024-08-26,0.7783629757894104,etf:510500.SS
2024-08-27,0.7699508835057988,etf:510500.SS
2024-08-28,0.7707600627234606,etf:510500.SS
2024-08-29,0.7807062239405567,etf:510500.SS
2024-08-30,0.7946477075448589,etf:510500.SS
2024-09-02,0.7787844232986093,etf:510500.SS
2024-09-03,0.7872470892833249,etf:510500.SS
2024-09-04,0.7847689779292348,etf:510500.SS
2024-09-05,0.7881405580028268,etf:510500.SS
2024-09-06,0.7772503543651251,etf:510500.SS
2024-09-09,0.7720412631514257,etf:510500.SS
2024-09-10,0.7721929842547374,etf:510500.SS
2024-09-11,0.7733898951808625,etf:510500.SS
2024-09-12,0.7702880415131581,etf:510500.SS
2024-09-13,0.7625334073438969,etf:510500.SS
2024-09-18,0.7644383500854762,etf:510500.SS
2024-09-19,0.7743507955018363,etf:510500.SS
2024-09-20,0.7706251995205172,etf:510500.SS
2024-09-23,0.7700351730076387,etf:510500.SS
2024-09-24,0.8034475315369338,etf:510500.SS
2024-09-25,0.8107807181969962,etf:510500.SS
2024-09-26,0.8462497405711822,etf:510500.SS
2024-09-27,0.8919852242694555,etf:510500.SS
2024-09-30,0.9846362446917591,etf:510500.SS
2024-10-08,1.0542930890121662,etf:510500.SS
2024-10-09,0.9827144440498117,etf:510500.SS
2024-10-10,0.9749935256812864,etf:510500.SS
2024-10-11,0.9372655446577938,etf:510500.SS
2024-10-14,0.960714884069625,etf:510500.SS
2024-10-15,0.9376701342666248,etf:510500.SS
2024-10-16,0.9357146178239417,etf:510500.SS
2024-10-17,0.9286848733705027,etf:510500.SS
2024-10-18,0.9667668703017225,etf:510500.SS
2024-10-21,0.9775559265372162,etf:510500.SS
2024-10-22,0.9860017346215639,etf:510500.SS
2024-10-23,0.9899127675069304,etf:510500.SS
2024-10-24,0.9813489541200071,etf:510500.SS
2024-10-25,0.9956781694327723,etf:510500.SS
2024-10-28,1.0082878789080059,etf:510500.SS
2024-10-29,0.9960827590416035,etf:510500.SS
2024-10-30,1.000364665735065,etf:510500.SS
2024-10-31,1.011187437771295,etf:510500.SS
2024-11-01,0.9992689022111478,etf:510500.SS
2024-11-04,1.015755928771012,etf:510500.SS
2024-11-05,1.047128481355784,etf:510500.SS
2024-11-06,1.0494548716065624,etf:510500.SS
2024-11-07,1.0688583149300832,etf:510500.SS
2024-11-08,1.0659418981664264,etf:510500.SS
2024-11-11,1.0843338674678697,etf:510500.SS
2024-11-12,1.0728367794169216,etf:510500.SS
2024-11-13,1.072196179202939,etf:510500.SS
2024-11-14,1.0411270688247904,etf:510500.SS
2024-11-15,1.0149298916529819,etf:510500.SS
2024-11-18,0.9992183285100439,etf:510500.SS
2024-11-19,1.016902265996033,etf:510500.SS
2024-11-20,1.026443837604298,etf:510500.SS
2024-11-21,1.0252300687778049,etf:510500.SS
2024-11-22,0.985141981702798,etf:510500.SS
2024-11-25,0.9824447176439245,etf:510500.SS
2024-11-26,0.974841804577975,etf:510500.SS
2024-11-27,0.9942789637022318,etf:510500.SS
2024-11-28,0.9863726084296589,etf:510500.SS
2024-11-29,1.0025561927828996,etf:510500.SS
2024-12-02,1.0182508980254696,etf:510500.SS
2024-12-03,1.0162448078816826,etf:510500.SS
2024-12-04,1.0070741100815128,etf:510500.SS
2024-12-05,1.011035716667983,etf:510500.SS
2024-12-06,1.0243534579586706,etf:510500.SS
2024-12-09,1.0186892034350363,etf:510500.SS
2024-12-10,1.0265955587076092,etf:510500.SS
2024-12-11,1.0359516934118267,etf:510500.SS
2024-12-12,1.0450549596105247,etf:510500.SS
2024-12-13,1.0256178004862677,etf:510500.SS
2024-12-16,1.0124012065977877,etf:510500.SS
2024-12-17,1.00147728715935,etf:510500.SS
2024-12-18,1.0083721684098454,etf:510500.SS
2024-12-19,1.0106817007602558,etf:510500.SS
2024-12-20,1.0133621069187613,etf:510500.SS
2024-12-23,0.9964873486504342,etf:510500.SS
2024-12-24,1.0095859372363385,etf:510500.SS
2024-12-25,1.0001623709306493,etf:510500.SS
2024-12-26,1.0081530157050618,etf:510500.SS
2024-12-27,1.0102939690517927,etf:510500.SS
2024-12-30,1.0102433953506889,etf:510500.SS
2024-12-31,0.9805734907030806,etf:510500.SS
2025-01-02,0.9496055277271397,etf:510500.SS
2025-01-03,0.9295277683889003,etf:510500.SS
2025-01-06,0.9293254735844848,etf:510500.SS
2025-01-07,0.9391367715986371,etf:510500.SS
2025-01-08,0.9352763124143744,etf:510500.SS
2025-01-09,0.9343491278941367,etf:510500.SS
2025-01-10,0.9195141755703327,etf:510500.SS
2025-01-13,0.9215202657141197,etf:510500.SS
2025-01-14,0.9541908766272243,etf:510500.SS
2025-01-15,0.9456439211406691,etf:510500.SS
2025-01-16,0.9494875224245638,etf:510500.SS
2025-01-17,0.9567526535221045,etf:510500.SS
2025-01-20,0.9614475731464585,etf:510500.SS
2025-01-21,0.9647888480616008,etf:510500.SS
2025-01-22,0.9602138716393288,etf:510500.SS
2025-01-23,0.9564442281453219,etf:510500.SS
2025-01-24,0.9678216975999608,etf:510500.SS
2025-01-27,0.9573866390188236,etf:510500.SS
2025-02-05,0.9615503816053859,etf:510500.SS
2025-02-06,0.9844595332030551,etf:510500.SS
2025-02-07,0.9991268733433729,etf:510500.SS
2025-02-10,1.0085509820783902,etf:510500.SS
2025-02-11,1.0033591549025533,etf:510500.SS
2025-02-12,1.0173753748029972,etf:510500.SS
2025-02-13,1.0102815911370024,etf:510500.SS
2025-02-14,1.018677615282745,etf:510500.SS
2025-02-17,1.0187461542553633,etf:510500.SS
2025-02-18,1.0003263053641933,etf:510500.SS
2025-02-19,1.017957956070253,etf:510500.SS
2025-02-20,1.0203225506255846,etf:510500.SS
2025-02-21,1.0374230242938525,etf:510500.SS
2025-02-24,1.035178372940603,etf:510500.SS
2025-02-25,1.0241778678353646,etf:510500.SS
2025-02-26,1.036223592273032,etf:510500.SS
2025-02-27,1.0322483318611704,etf:510500.SS
2025-02-28,1.0033934243888631,etf:510500.SS
2025-03-03,1.007814188122744,etf:510500.SS
2025-03-04,1.0167071198199693,etf:510500.SS
2025-03-05,1.0188832322006005,etf:510500.SS
2025-03-06,1.0356410110057765,etf:510500.SS
2025-03-07,1.0297980635900659,etf:510500.SS
2025-03-10,1.0296095814153656,etf:510500.SS
2025-03-11,1.0349384865364393,etf:510500.SS
2025-03-12,1.0342873662965653,etf:510500.SS
2025-03-13,1.0261826327844505,etf:510500.SS
2025-03-14,1.044551077446157,etf:510500.SS
2025-03-17,1.0459047221553688,etf:510500.SS
2025-03-18,1.050188407944013,etf:510500.SS
2025-03-19,1.0447395596208575,etf:510500.SS
2025-03-20,1.037594371725399,etf:510500.SS
2025-03-21,1.0224986630062167,etf:510500.SS
2025-03-24,1.0219332164821158,etf:510500.SS
2025-03-25,1.0182663814470363,etf:510500.SS
2025-03-26,1.018643345796437,etf:510500.SS
2025-03-27,1.0202197421666583,etf:510500.SS
2025-03-28,1.013108823757509,etf:510500.SS
2025-03-31,1.0030849990120814,etf:510500.SS
2025-04-01,1.009133563345647,etf:510500.SS
2025-04-02,1.0102473216506946,etf:510500.SS
2025-04-03,1.0010973688061506,etf:510500.SS
2025-04-07,0.9052627503426025,etf:510500.SS
2025-04-08,0.911722548511878,etf:510500.SS
2025-04-09,0.9312047514786318,etf:510500.SS
2025-04-10,0.9491276928183192,etf:510500.SS
2025-04-11,0.955484682528667,etf:510500.SS
2025-04-14,0.9631610474619176,etf:510500.SS
2025-04-15,0.9588773616732733,etf:510500.SS
2025-04-16,0.9510467840516317,etf:510500.SS
2025-04-17,0.9513894789147233,etf:510500.SS
2025-04-18,0.9520234644114426,etf:510500.SS
2025-04-21,0.9660054148255772,etf:510500.SS
2025-04-22,0.9629725652872172,etf:510500.SS
2025-04-23,0.9647888480616024,etf:510500.SS
2025-04-24,0.9599397157488571,etf:510500.SS
2025-04-25,0.9636065507839368,etf:510500.SS
2025-04-28,0.958654610012264,etf:510500.SS
2025-04-29,0.9598369072899299,etf:510500.SS
2025-04-30,0.9644804226848203,etf:510500.SS
2025-05-06,0.9830716190075363,etf:510500.SS
2025-05-07,0.9846822848640663,etf:510500.SS
2025-05-08,0.9888974316800921,etf:510500.SS
2025-05-09,0.9800044999828668,etf:510500.SS
2025-05-12,0.9923929192836256,etf:510500.SS
2025-05-13,0.9903024806187672,etf:510500.SS
2025-05-14,0.993472408102364,etf:510500.SS
2025-05-15,0.9792163017977562,etf:510500.SS
2025-05-16,0.9793019755135289,etf:510500.SS
2025-05-19,0.980227251643876,etf:510500.SS
2025-05-20,0.984802228066148,etf:510500.SS
2025-05-21,0.986669915069997,etf:510500.SS
2025-05-22,0.9778112528590808,etf:510500.SS
2025-05-23,0.9693809592270289,etf:510500.SS
2025-05-26,0.972499482481162,etf:510500.SS
2025-05-27,0.9695180371722656,etf:510500.SS
2025-05-28,0.9673590595347888,etf:510500.SS
2025-05-29,0.9818036480140971,etf:510500.SS
2025-05-30,0.974075878851383,etf:510500.SS
2025-06-03,0.9782224866947905,etf:510500.SS
2025-06-04,0.9860359295732776,etf:510500.SS
2025-06-05,0.991930281218452,etf:510500.SS
2025-06-06,0.9911934872628052,etf:510500.SS
2025-06-09,0.9988698521960557,etf:510500.SS
2025-06-10,0.9905080975366223,etf:510500.SS
2025-06-11,0.9968479525038157,etf:510500.SS
2025-06-12,0.9979617108088633,etf:510500.SS
2025-06-13,0.9889488359095558,etf:510500.SS
2025-06-16,0.9936094860476006,etf:510500.SS
2025-06-17,0.9910392745744141,etf:510500.SS
2025-06-18,0.9905080975366222,etf:510500.SS
2025-06-19,0.9789421459072827,etf:510500.SS
2025-06-20,0.9732876806662724,etf:510500.SS
2025-06-23,0.9794047839724562,etf:510500.SS
2025-06-24,0.9953058256199036,etf:510500.SS
2025-06-25,1.0122692213429345,etf:510500.SS
2025-06-26,1.0083967693900002,etf:510500.SS
2025-06-27,1.0132801711890544,etf:510500.SS
2025-06-30,1.0223615850609802,etf:510500.SS
2025-07-01,1.0256000515171952,etf:510500.SS
2025-07-02,1.0185062678512005,etf:510500.SS
2025-07-03,1.023663825540728,etf:510500.SS
2025-07-04,1.0221045639136614,etf:510500.SS
2025-07-07,1.0203225506255855,etf:510500.SS
2025-07-08,1.0338247282313922,etf:510500.SS
2025-07-09,1.029935141535303,etf:510500.SS
2025-07-10,1.035281181399531,etf:510500.SS
2025-07-11,1.0433173759390277,etf:510500.SS
2025-07-14,1.042255021863444,etf:510500.SS
2025-07-15,1.0419123270003525,etf:510500.SS
2025-07-16,1.0418266532845795,etf:510500.SS
2025-07-17,1.053306931198146,etf:510500.SS
2025-07-18,1.0563740502228152,etf:510500.SS
2025-07-21,1.0671175341807349,etf:510500.SS
2025-07-22,1.076181813309506,etf:510500.SS
2025-07-23,1.0734573891479282,etf:510500.SS
2025-07-24,1.0902494374394136,etf:510500.SS
2025-07-25,1.0914831389465431,etf:510500.SS
2025-07-28,1.0956811510194144,etf:510500.SS
2025-07-29,1.1013527510035794,etf:510500.SS
2025-07-30,1.09424183259443,etf:510500.SS
2025-07-31,1.0790090459300115,etf:510500.SS
2025-08-01,1.0768500682925348,etf:510500.SS
2025-08-04,1.0852289576951228,etf:510500.SS
2025-08-05,1.0924084150768905,etf:510500.SS
2025-08-06,1.1019353322708352,etf:510500.SS
2025-08-07,1.0984055751809922,etf:510500.SS
2025-08-08,1.0962808670298247,etf:510500.SS
2025-08-11,1.108189513522256,etf:510500.SS
2025-08-12,1.1128158941739916,etf:510500.SS
2025-08-13,1.1285969926193569,etf:510500.SS
2025-08-14,1.115231892958787,etf:510500.SS
2025-08-15,1.1395118240088222,etf:510500.SS
2025-08-18,1.1567322408791718,etf:510500.SS
2025-08-19,1.1545561284985406,etf:510500.SS
2025-08-20,1.1671158952308454,etf:510500.SS
2025-08-21,1.1630206916169015,etf:510500.SS
2025-08-22,1.183890808779176,etf:510500.SS
2025-08-25,1.2062345138527442,etf:510500.SS
2025-08-26,1.208462030462839,etf:510500.SS
2025-08-27,1.1910874009040981,etf:510500.SS
2025-08-28,1.2160013174508528,etf:510500.SS
2025-08-29,1.2217928606370996,etf:510500.SS
2025-09-01,1.2331360606054296,etf:510500.SS
2025-09-02,1.207365406900946,etf:510500.SS
2025-09-03,1.1913444220514167,etf:510500.SS
2025-09-04,1.1615299689624532,etf:510500.SS
2025-09-05,1.1994148860772225,etf:510500.SS
2025-09-08,1.212831389967256,etf:510500.SS
2025-09-09,1.2017966153757087,etf:510500.SS
2025-09-10,1.202516274588201,etf:510500.SS
2025-09-11,1.2359290237396259,etf:510500.SS
2025-09-12,1.2405896738776707,etf:510500.SS
2025-09-15,1.238550639442276,etf:510500.SS
2025-09-16,1.2478034007457475,etf:510500.SS
2025-09-17,1.2599005294128787,etf:510500.SS
2025-09-18,1.2491227759686498,etf:510500.SS
2025-09-19,1.2444963953169141,etf:510500.SS
2025-09-22,1.253612078675149,etf:510500.SS
2025-09-23,1.245593018878807,etf:510500.SS
2025-09-24,1.2713465378401358,etf:510500.SS
2025-09-25,1.2747220822415877,etf:510500.SS
2025-09-26,1.2574845306280833,etf:510500.SS
2025-09-29,1.276606903988591,etf:510500.SS
2025-09-30,1.287538870121211,etf:510500.SS
2025-10-09,1.3113218936197635,etf:510500.SS
2025-10-10,1.2849686586480245,etf:510500.SS
2025-10-13,1.281027667722472,etf:510500.SS
2025-10-14,1.2492598539138864,etf:510500.SS
2025-10-15,1.2667201571884,etf:510500.SS
2025-10-16,1.2556853825968526,etf:510500.SS
2025-10-17,1.2185543941808847,etf:510500.SS
2025-10-20,1.227824290227511,etf:510500.SS
2025-10-21,1.248317443040385,etf:510500.SS
2025-10-22,1.2384992352128124,etf:510500.SS
2025-10-23,1.2408124255386803,etf:510500.SS
2025-10-24,1.261151365663163,etf:510500.SS
2025-10-27,1.2823813124316836,etf:510500.SS
2025-10-28,1.2758701100329446,etf:510500.SS
2025-10-29,1.3002014453124435,etf:510500.SS
2025-10-30,1.2839748435450593,etf:510500.SS
2025-10-31,1.2745850042963511,etf:510500.SS
2025-11-03,1.2747734864710514,etf:510500.SS
2025-11-04,1.2531151711236663,etf:510500.SS
2025-11-05,1.2566277934703547,etf:510500.SS
2025-11-06,1.2769838683379922,etf:510500.SS
2025-11-07,1.2739338840564776,etf:510500.SS
2025-11-10,1.276555499759128,etf:510500.SS
2025-11-11,1.2675254901166662,etf:510500.SS
2025-11-12,1.2592151396866964,etf:510500.SS
2025-11-13,1.2786459384239863,etf:510500.SS
2025-11-14,1.2581013813816486,etf:510500.SS
2025-11-17,1.257930033950103,etf:510500.SS
2025-11-18,1.243262693809785,etf:510500.SS
2025-11-19,1.2386020436717402,etf:510500.SS
2025-11-20,1.2280984461179845,etf:510500.SS
2025-11-21,1.1857070915535615,etf:510500.SS
2025-11-24,1.194634292737096,etf:510500.SS
2025-11-25,1.2094729803089594,etf:510500.SS
2025-11-26,1.2113063978264993,etf:510500.SS
2025-11-27,1.2089589380143224,etf:510500.SS
2025-11-28,1.2227866757400658,etf:510500.SS
2025-12-01,1.2349523433798153,etf:510500.SS
2025-12-02,1.2242602636513593,etf:510500.SS
2025-12-03,1.2166867071770364,etf:510500.SS
2025-12-04,1.2199765778627152,etf:510500.SS
2025-12-05,1.234832400177733,etf:510500.SS
2025-12-08,1.247632053314202,etf:510500.SS
2025-12-09,1.2386705826443583,etf:510500.SS
2025-12-10,1.2444449910874507,etf:510500.SS
2025-12-11,1.2321422455024647,etf:510500.SS
2025-12-12,1.2490199675097227,etf:510500.SS
2025-12-15,1.2387048521306674,etf:510500.SS
2025-12-16,1.2188456848145128,etf:510500.SS
2025-12-17,1.2428000557446113,etf:510500.SS
2025-12-18,1.2365630092363455,etf:510500.SS
2025-12-19,1.2486258684171676,etf:510500.SS
2025-12-22,1.2635844991911132,etf:510500.SS
2025-12-23,1.2637729813658134,etf:510500.SS
2025-12-24,1.2806164338867623,etf:510500.SS
2025-12-25,1.2910000882384358,etf:510500.SS
2025-12-26,1.2994475166136423,etf:510500.SS
2025-12-29,1.2944099021261966,etf:510500.SS
2025-12-30,1.2994989208431058,etf:510500.SS
2025-12-31,1.3004413317166077,etf:510500.SS
2026-01-05,1.332980208967149,etf:510500.SS
2026-01-06,1.3614924215763649,etf:510500.SS
2026-01-07,1.3720131538732747,etf:510500.SS
2026-01-08,1.375371563531572,etf:510500.SS
2026-01-09,1.403798102425015,etf:510500.SS
2026-01-12,1.4375364116963767,etf:510500.SS
2026-01-13,1.4190480238325884,etf:510500.SS
2026-01-14,1.4336125555139787,etf:510500.SS
2026-01-15,1.432961435274105,etf:510500.SS
2026-01-16,1.4345892358737895,etf:510500.SS
2026-01-19,1.4444806927489782,etf:510500.SS
2026-01-20,1.4371786224903311,etf:510500.SS
2026-01-21,1.453578071061761,etf:510500.SS
2026-01-22,1.461587906995596,etf:510500.SS
2026-01-23,1.4968726152903356,etf:510500.SS
2026-01-26,1.482320262505372,etf:510500.SS
2026-01-27,1.4897431708061244,etf:510500.SS
2026-01-28,1.4989095994286814,etf:510500.SS
2026-01-29,1.4843917717986053,etf:510500.SS
2026-01-30,1.4588776823369491,etf:510500.SS
2026-02-02,1.4005992208873208,etf:510500.SS
2026-02-03,1.4438937651158954,etf:510500.SS
2026-02-04,1.4459825369865722,etf:510500.SS
2026-02-05,1.419277329681307,etf:510500.SS
2026-02-06,1.419415430300856,etf:510500.SS
2026-02-09,1.4480713088572492,etf:510500.SS
2026-02-10,1.4472599677173996,etf:510500.SS
2026-02-11,1.4508505838256704,etf:510500.SS
2026-02-12,1.468009585804619,etf:510500.SS
2026-02-13,1.4462932633805572,etf:510500.SS
2026-02-24,1.4623474604031146,etf:510500.SS
2026-02-25,1.4858245657264249,etf:510500.SS
2026-02-26,1.4909688138046207,etf:510500.SS
2026-02-27,1.5084212796001102,etf:510500.SS
2026-03-02,1.508127815783569,etf:510500.SS
2026-03-03,1.442132982216647,etf:510500.SS
2026-03-04,1.4358666666046165,etf:510500.SS
2026-03-05,1.4458962240993538,etf:510500.SS
2026-03-06,1.4549936024121366,etf:510500.SS
2026-03-09,1.4410281772602558,etf:510500.SS
2026-03-10,1.4640737181474752,etf:510500.SS
2026-03-11,1.4628653377264227,etf:510500.SS
2026-03-12,1.4548555017925875,etf:510500.SS
2026-03-13,1.434157671437699,etf:510500.SS
2026-03-16,1.424576940956495,etf:510500.SS
2026-03-17,1.3952478218798012,etf:510500.SS
2026-03-18,1.4090578838346894,etf:510500.SS
2026-03-19,1.3706486490226568,etf:510500.SS
2026-03-20,1.3507966849625048,etf:510500.SS
2026-03-23,1.294658783115884,etf:510500.SS
2026-03-24,1.3219681806316756,etf:510500.SS
2026-03-25,1.3517633892993468,etf:510500.SS
2026-03-26,1.3298917036782927,etf:510500.SS
2026-03-27,1.3467054541083692,etf:510500.SS
2026-03-30,1.349501991654234,etf:510500.SS
2026-03-31,1.325852260556488,etf:510500.SS
2026-04-01,1.3491049523730307,etf:510500.SS
2026-04-02,1.323625388066262,etf:510500.SS
2026-04-03,1.3117314722076145,etf:510500.SS
2026-04-07,1.3180150503970889,etf:510500.SS
2026-04-08,1.3835610569504768,etf:510500.SS
2026-04-09,1.3754303829745365,etf:510500.SS
2026-04-10,1.3879284890437102,etf:510500.SS
2026-04-13,1.3875487123399508,etf:510500.SS
2026-04-14,1.408540006511381,etf:510500.SS
2026-04-15,1.4010653104782975,etf:510500.SS
2026-04-16,1.4249049299279235,etf:510500.SS
2026-04-17,1.4307914688361942,etf:510500.SS
2026-04-20,1.4439282902707817,etf:510500.SS
2026-04-21,1.4405102999369468,etf:510500.SS
2026-04-22,1.4590848332662716,etf:510500.SS
2026-04-23,1.4449985700722856,etf:510500.SS
2026-04-24,1.4369542089835632,etf:510500.SS
2026-04-27,1.445740860902361,etf:510500.SS
2026-04-28,1.4290824736692769,etf:510500.SS
2026-04-29,1.4537161716813092,etf:510500.SS
2026-04-30,1.4549763398346924,etf:510500.SS
2026-05-06,1.4963547379670266,etf:510500.SS
2026-05-07,1.515291785422667,etf:510500.SS
2026-05-08,1.514618544902366,etf:510500.SS
2026-05-11,1.540080846631691,etf:510500.SS
2026-05-12,1.5309316805865776,etf:510500.SS
2026-05-13,1.5540807969384591,etf:510500.SS
2026-05-14,1.511614856427178,etf:510500.SS
2026-05-15,1.487602611203116,etf:510500.SS
2026-05-18,1.4908134506076276,etf:510500.SS
2026-05-19,1.5037776462677788,etf:510500.SS
2026-05-20,1.5089736820783055,etf:510500.SS
2026-05-21,1.4686483011700318,etf:510500.SS
2026-05-22,1.4956124471369512,etf:510500.SS
2026-05-25,1.5174150824482309,etf:510500.SS
2026-05-26,1.509698710330937,etf:510500.SS
2026-05-27,1.4877407118226647,etf:510500.SS
2026-05-28,1.49388618939259,etf:510500.SS
2026-05-29,1.458273492126422,etf:510500.SS
2026-06-01,1.443928290270782,etf:510500.SS
2026-06-02,1.4523524280632638,etf:510500.SS
2026-06-03,1.4596372357444678,etf:510500.SS
2026-06-04,1.4590675706888285,etf:510500.SS
2026-06-05,1.4406829257113838,etf:510500.SS
2026-06-08,1.3910875407158914,etf:510500.SS
2026-06-09,1.4282711325294277,etf:510500.SS
2026-06-10,1.4088334703279224,etf:510500.SS
2026-06-11,1.4039481609113809,etf:510500.SS
2026-06-12,1.4199678327790515,etf:510500.SS
2026-06-15,1.4728431074888297,etf:510500.SS
2026-06-16,1.4909170260722895,etf:510500.SS
2026-06-17,1.5121327337504868,etf:510500.SS
2026-06-18,1.5215063133023672,etf:510500.SS
2026-06-22,1.5550129761204143,etf:510500.SS
2026-06-23,1.5231807833143973,etf:510500.SS
2026-06-24,1.550731856914399,etf:510500.SS
2026-06-25,1.5675973950768065,etf:510500.SS
2026-06-26,1.5269095000422173,etf:510500.SS
2026-06-29,1.54724481627079,etf:510500.SS
2026-06-30,1.5848427099429734,etf:510500.SS
2026-07-01,1.5841176816903417,etf:510500.SS
2026-07-02,1.5265815110707883,etf:510500.SS
2026-07-03,1.5358860403128944,etf:510500.SS
2026-07-06,1.5193830162768032,etf:510500.SS
2026-07-07,1.4942141783640193,etf:510500.SS
2026-07-08,1.4743967394587547,etf:510500.SS
2026-07-09,1.5203151954587582,etf:510500.SS
2026-07-10,1.495370771052741,etf:510500.SS
2026-07-13,1.4306706307940895,etf:510500.SS
2026-07-14,1.45457930055349,etf:510500.SS
2026-07-15,1.4322760504963452,etf:510500.SS
2026-07-16,1.3984379135645157,etf:510500.SS
2026-07-17,1.3216561046719282,etf:510500.SS
2026-07-20,1.3030583130491356,etf:510500.SS
2026-07-21,1.3720002211253097,etf:510500.SS
2026-07-22,1.3638614900087191,etf:510500.SS
2026-07-23,1.3608028739951408,etf:510500.SS
2026-07-24,1.3254705855624254,etf:510500.SS
2026-07-27,1.3588516879175134,etf:510500.SS
2026-07-28,1.3104411792888078,etf:510500.SS
2026-07-29,1.3249608162268292,etf:510500.SS
2026-07-30,1.287853124246002,etf:510500.SS
2026-07-31,1.3198103881120105,etf:510500.SS
2026-08-03,1.3057477857507307,etf:510500.SS
2026-08-04,1.3396210791884633,etf:510500.SS
2026-08-05,1.374935789368227,etf:510500.SS
2026-08-06,1.3783987051996924,etf:510500.SS
2026-08-07,1.4050824931802206,etf:510500.SS
2026-08-10,1.4139419326678269,etf:510500.SS
2026-08-11,1.4030258375848836,etf:510500.SS
2026-08-12,1.4165083575987605,etf:510500.SS
2023-08-14,5916.8,benchmark:000905
2023-08-15,5879.78,benchmark:000905
2023-08-16,5833.22,benchmark:000905
2023-08-17,5874.36,benchmark:000905
2023-08-18,5777.8,benchmark:000905
2023-08-21,5710.78,benchmark:000905
2023-08-22,5741.06,benchmark:000905
2023-08-23,5629.5,benchmark:000905
2023-08-24,5652.67,benchmark:000905
2023-08-25,5581.21,benchmark:000905
2023-08-28,5644.14,benchmark:000905
2023-08-29,5770.32,benchmark:000905
2023-08-30,5775.15,benchmark:000905
2023-08-31,5739.4,benchmark:000905
2023-09-01,5750.8,benchmark:000905
2023-09-04,5829.78,benchmark:000905
2023-09-05,5788.71,benchmark:000905
2023-09-06,5790.38,benchmark:000905
2023-09-07,5702.7,benchmark:000905
2023-09-08,5708.62,benchmark:000905
2023-09-11,5774.73,benchmark:000905
2023-09-12,5770.93,benchmark:000905
2023-09-13,5715.4,benchmark:000905
2023-09-14,5702.1,benchmark:000905
2023-09-15,5704.66,benchmark:000905
2023-09-18,5719.69,benchmark:000905
2023-09-19,5687.9,benchmark:000905
2023-09-20,5651.01,benchmark:000905
2023-09-21,5611.92,benchmark:000905
2023-09-22,5698.82,benchmark:000905
2023-09-25,5666.66,benchmark:000905
2023-09-26,5646.65,benchmark:000905
2023-09-27,5674.35,benchmark:000905
2023-09-28,5690.77,benchmark:000905
2023-10-09,5658.08,benchmark:000905
2023-10-10,5630.37,benchmark:000905
2023-10-11,5629.79,benchmark:000905
2023-10-12,5671.64,benchmark:000905
2023-10-13,5633.38,benchmark:000905
2023-10-16,5580.67,benchmark:000905
2023-10-17,5595.34,benchmark:000905
2023-10-18,5524.6,benchmark:000905
2023-10-19,5464.03,benchmark:000905
2023-10-20,5423.67,benchmark:000905
2023-10-23,5290.33,benchmark:000905
2023-10-24,5352.01,benchmark:000905
2023-10-25,5376.0,benchmark:000905
2023-10-26,5398.93,benchmark:000905
2023-10-27,5492.03,benchmark:000905
2023-10-30,5546.39,benchmark:000905
2023-10-31,5528.24,benchmark:000905
2023-11-01,5509.97,benchmark:000905
2023-11-02,5459.45,benchmark:000905
2023-11-03,5510.36,benchmark:000905
2023-11-06,5605.06,benchmark:000905
2023-11-07,5611.1,benchmark:000905
2023-11-08,5608.02,benchmark:000905
2023-11-09,5592.06,benchmark:000905
2023-11-10,5573.1,benchmark:000905
2023-11-13,5605.57,benchmark:000905
2023-11-14,5630.55,benchmark:000905
2023-11-15,5664.62,benchmark:000905
2023-11-16,5609.36,benchmark:000905
2023-11-17,5631.42,benchmark:000905
2023-11-20,5659.77,benchmark:000905
2023-11-21,5641.08,benchmark:000905
2023-11-22,5572.9,benchmark:000905
2023-11-23,5622.99,benchmark:000905
2023-11-24,5570.42,benchmark:000905
2023-11-27,5566.51,benchmark:000905
2023-11-28,5591.5,benchmark:000905
2023-11-29,5553.33,benchmark:000905
2023-11-30,5545.05,benchmark:000905
2023-12-01,5566.87,benchmark:000905
2023-12-04,5559.07,benchmark:000905
2023-12-05,5460.41,benchmark:000905
2023-12-06,5481.82,benchmark:000905
2023-12-07,5481.14,benchmark:000905
2023-12-08,5497.99,benchmark:000905
2023-12-11,5564.85,benchmark:000905
2023-12-12,5566.18,benchmark:000905
2023-12-13,5507.51,benchmark:000905
2023-12-14,5489.33,benchmark:000905
2023-12-15,5449.79,benchmark:000905
2023-12-18,5385.27,benchmark:000905
2023-12-19,5379.87,benchmark:000905
2023-12-20,5309.29,benchmark:000905
2023-12-21,5338.76,benchmark:000905
2023-12-22,5311.69,benchmark:000905
2023-12-25,5315.37,benchmark:000905
2023-12-26,5258.28,benchmark:000905
2023-12-27,5285.53,benchmark:000905
2023-12-28,5382.8,benchmark:000905
2023-12-29,5429.23,benchmark:000905
2024-01-02,5409.46,benchmark:000905
2024-01-03,5401.4,benchmark:000905
2024-01-04,5355.32,benchmark:000905
2024-01-05,5281.87,benchmark:000905
2024-01-08,5167.7,benchmark:000905
2024-01-09,5180.65,benchmark:000905
2024-01-10,5158.08,benchmark:000905
2024-01-11,5223.86,benchmark:000905
2024-01-12,5206.18,benchmark:000905
2024-01-15,5193.3,benchmark:000905
2024-01-16,5190.4,benchmark:000905
2024-01-17,5061.54,benchmark:000905
2024-01-18,5066.96,benchmark:000905
2024-01-19,5018.43,benchmark:000905
2024-01-22,4780.97,benchmark:000905
2024-01-23,4865.74,benchmark:000905
2024-01-24,4933.7,benchmark:000905
2024-01-25,5073.18,benchmark:000905
2024-01-26,5027.09,benchmark:000905
2024-01-29,4927.91,benchmark:000905
2024-01-30,4814.99,benchmark:000905
2024-01-31,4696.98,benchmark:000905
2024-02-01,4678.73,benchmark:000905
2024-02-02,4563.22,benchmark:000905
2024-02-05,4460.26,benchmark:000905
2024-02-06,4805.9,benchmark:000905
2024-02-07,5109.57,benchmark:000905
2024-02-08,5150.23,benchmark:000905
2024-02-19,5141.6,benchmark:000905
2024-02-20,5140.96,benchmark:000905
2024-02-21,5139.04,benchmark:000905
2024-02-22,5176.34,benchmark:000905
2024-02-23,5197.71,benchmark:000905
2024-02-26,5195.46,benchmark:000905
2024-02-27,5307.8,benchmark:000905
2024-02-28,5184.05,benchmark:000905
2024-02-29,5346.79,benchmark:000905
2024-03-01,5379.05,benchmark:000905
2024-03-04,5388.82,benchmark:000905
2024-03-05,5351.83,benchmark:000905
2024-03-06,5350.1,benchmark:000905
2024-03-07,5277.3,benchmark:000905
2024-03-08,5349.6,benchmark:000905
2024-03-11,5441.05,benchmark:000905
2024-03-12,5423.72,benchmark:000905
2024-03-13,5415.11,benchmark:000905
2024-03-14,5392.93,benchmark:000905
2024-03-15,5454.15,benchmark:000905
2024-03-18,5528.45,benchmark:000905
2024-03-19,5478.22,benchmark:000905
2024-03-20,5493.41,benchmark:000905
2024-03-21,5465.83,benchmark:000905
2024-03-22,5384.57,benchmark:000905
2024-03-25,5294.75,benchmark:000905
2024-03-26,5284.42,benchmark:000905
2024-03-27,5156.68,benchmark:000905
2024-03-28,5223.81,benchmark:000905
2024-03-29,5286.16,benchmark:000905
2024-04-01,5401.22,benchmark:000905
2024-04-02,5381.23,benchmark:000905
2024-04-03,5374.6,benchmark:000905
2024-04-08,5298.59,benchmark:000905
2024-04-09,5342.9,benchmark:000905
2024-04-10,5275.47,benchmark:000905
2024-04-11,5301.81,benchmark:000905
2024-04-12,5277.22,benchmark:000905
2024-04-15,5339.72,benchmark:000905
2024-04-16,5191.55,benchmark:000905
2024-04-17,5339.75,benchmark:000905
2024-04-18,5349.84,benchmark:000905
2024-04-19,5314.87,benchmark:000905
2024-04-22,5267.58,benchmark:000905
2024-04-23,5208.27,benchmark:000905
2024-04-24,5263.04,benchmark:000905
2024-04-25,5259.34,benchmark:000905
2024-04-26,5372.12,benchmark:000905
2024-04-29,5478.49,benchmark:000905
2024-04-30,5441.14,benchmark:000905
2024-05-06,5528.6,benchmark:000905
2024-05-07,5527.08,benchmark:000905
2024-05-08,5458.76,benchmark:000905
2024-05-09,5556.77,benchmark:000905
2024-05-10,5535.4,benchmark:000905
2024-05-13,5505.26,benchmark:000905
2024-05-14,5500.74,benchmark:000905
2024-05-15,5446.66,benchmark:000905
2024-05-16,5424.67,benchmark:000905
2024-05-17,5491.89,benchmark:000905
2024-05-20,5523.5,benchmark:000905
2024-05-21,5478.91,benchmark:000905
2024-05-22,5468.61,benchmark:000905
2024-05-23,5362.31,benchmark:000905
2024-05-24,5313.45,benchmark:000905
2024-05-27,5371.37,benchmark:000905
2024-05-28,5316.13,benchmark:000905
2024-05-29,5328.31,benchmark:000905
2024-05-30,5308.66,benchmark:000905
2024-05-31,5308.54,benchmark:000905
2024-06-03,5274.07,benchmark:000905
2024-06-04,5341.95,benchmark:000905
2024-06-05,5277.94,benchmark:000905
2024-06-06,5228.8,benchmark:000905
2024-06-07,5208.98,benchmark:000905
2024-06-11,5217.47,benchmark:000905
2024-06-12,5232.95,benchmark:000905
2024-06-13,5194.59,benchmark:000905
2024-06-14,5213.09,benchmark:000905
2024-06-17,5207.13,benchmark:000905
2024-06-18,5230.89,benchmark:000905
2024-06-19,5168.82,benchmark:000905
2024-06-20,5094.57,benchmark:000905
2024-06-21,5102.33,benchmark:000905
2024-06-24,4992.91,benchmark:000905
2024-06-25,4948.63,benchmark:000905
2024-06-26,5020.43,benchmark:000905
2024-06-27,4928.05,benchmark:000905
2024-06-28,4942.78,benchmark:000905
2024-07-01,5003.16,benchmark:000905
2024-07-02,4949.48,benchmark:000905
2024-07-03,4910.92,benchmark:000905
2024-07-04,4834.5,benchmark:000905
2024-07-05,4866.26,benchmark:000905
2024-07-08,4783.62,benchmark:000905
2024-07-09,4876.9,benchmark:000905
2024-07-10,4844.16,benchmark:000905
2024-07-11,4939.73,benchmark:000905
2024-07-12,4919.36,benchmark:000905
2024-07-15,4883.9,benchmark:000905
2024-07-16,4898.36,benchmark:000905
2024-07-17,4856.58,benchmark:000905
2024-07-18,4877.69,benchmark:000905
2024-07-19,4872.05,benchmark:000905
2024-07-22,4865.98,benchmark:000905
2024-07-23,4722.8,benchmark:000905
2024-07-24,4668.06,benchmark:000905
2024-07-25,4665.45,benchmark:000905
2024-07-26,4736.38,benchmark:000905
2024-07-29,4708.84,benchmark:000905
2024-07-30,4699.28,benchmark:000905
2024-07-31,4886.41,benchmark:000905
2024-08-01,4852.97,benchmark:000905
2024-08-02,4788.62,benchmark:000905
2024-08-05,4693.85,benchmark:000905
2024-08-06,4750.78,benchmark:000905
2024-08-07,4751.94,benchmark:000905
2024-08-08,4755.81,benchmark:000905
2024-08-09,4720.31,benchmark:000905
2024-08-12,4714.16,benchmark:000905
2024-08-13,4731.84,benchmark:000905
2024-08-14,4667.07,benchmark:000905
2024-08-15,4698.38,benchmark:000905
2024-08-16,4670.38,benchmark:000905
2024-08-19,4682.96,benchmark:000905
2024-08-20,4602.01,benchmark:000905
2024-08-21,4587.12,benchmark:000905
2024-08-22,4533.37,benchmark:000905
2024-08-23,4537.09,benchmark:000905
2024-08-26,4544.36,benchmark:000905
2024-08-27,4495.29,benchmark:000905
2024-08-28,4500.01,benchmark:000905
2024-08-29,4557.9,benchmark:000905
2024-08-30,4639.11,benchmark:000905
2024-09-02,4546.88,benchmark:000905
2024-09-03,4596.48,benchmark:000905
2024-09-04,4582.08,benchmark:000905
2024-09-05,4601.09,benchmark:000905
2024-09-06,4537.45,benchmark:000905
2024-09-09,4507.19,benchmark:000905
2024-09-10,4507.71,benchmark:000905
2024-09-11,4514.92,benchmark:000905
2024-09-12,4496.59,benchmark:000905
2024-09-13,4450.96,benchmark:000905
2024-09-18,4462.87,benchmark:000905
2024-09-19,4520.39,benchmark:000905
2024-09-20,4498.39,benchmark:000905
2024-09-23,4494.69,benchmark:000905
2024-09-24,4689.6,benchmark:000905
2024-09-25,4731.48,benchmark:000905
2024-09-26,4938.18,benchmark:000905
2024-09-27,5201.67,benchmark:000905
2024-09-30,5743.22,benchmark:000905
2024-10-08,6155.58,benchmark:000905
2024-10-09,5735.64,benchmark:000905
2024-10-10,5690.88,benchmark:000905
2024-10-11,5470.81,benchmark:000905
2024-10-14,5608.15,benchmark:000905
2024-10-15,5472.56,benchmark:000905
2024-10-16,5461.09,benchmark:000905
2024-10-17,5418.99,benchmark:000905
2024-10-18,5640.02,benchmark:000905
2024-10-21,5704.23,benchmark:000905
2024-10-22,5753.85,benchmark:000905
2024-10-23,5776.38,benchmark:000905
2024-10-24,5726.7,benchmark:000905
2024-10-25,5809.69,benchmark:000905
2024-10-28,5883.72,benchmark:000905
2024-10-29,5812.53,benchmark:000905
2024-10-30,5837.93,benchmark:000905
2024-10-31,5901.29,benchmark:000905
2024-11-01,5831.82,benchmark:000905
2024-11-04,5928.91,benchmark:000905
2024-11-05,6111.97,benchmark:000905
2024-11-06,6125.79,benchmark:000905
2024-11-07,6239.56,benchmark:000905
2024-11-08,6222.45,benchmark:000905
2024-11-11,6330.62,benchmark:000905
2024-11-12,6263.88,benchmark:000905
2024-11-13,6259.84,benchmark:000905
2024-11-14,6078.31,benchmark:000905
2024-11-15,5924.48,benchmark:000905
2024-11-18,5833.04,benchmark:000905
2024-11-19,5936.6,benchmark:000905
2024-11-20,5992.39,benchmark:000905
2024-11-21,5985.31,benchmark:000905
2024-11-22,5750.25,benchmark:000905
2024-11-25,5735.65,benchmark:000905
2024-11-26,5690.48,benchmark:000905
2024-11-27,5804.94,benchmark:000905
2024-11-28,5757.6,benchmark:000905
2024-11-29,5851.94,benchmark:000905
2024-12-02,5943.62,benchmark:000905
2024-12-03,5932.12,benchmark:000905
2024-12-04,5879.27,benchmark:000905
2024-12-05,5901.99,benchmark:000905
2024-12-06,5979.2,benchmark:000905
2024-12-09,5947.11,benchmark:000905
2024-12-10,5992.09,benchmark:000905
2024-12-11,6047.11,benchmark:000905
2024-12-12,6100.39,benchmark:000905
2024-12-13,5988.29,benchmark:000905
2024-12-16,5912.6,benchmark:000905
2024-12-17,5848.16,benchmark:000905
2024-12-18,5888.62,benchmark:000905
2024-12-19,5901.92,benchmark:000905
2024-12-20,5917.18,benchmark:000905
2024-12-23,5818.55,benchmark:000905
2024-12-24,5895.26,benchmark:000905
2024-12-25,5840.29,benchmark:000905
2024-12-26,5887.06,benchmark:000905
2024-12-27,5899.17,benchmark:000905
2024-12-30,5898.88,benchmark:000905
2024-12-31,5725.73,benchmark:000905
2025-01-02,5545.82,benchmark:000905
2025-01-03,5427.8,benchmark:000905
2025-01-06,5427.1,benchmark:000905
2025-01-07,5484.68,benchmark:000905
2025-01-08,5461.59,benchmark:000905
2025-01-09,5456.59,benchmark:000905
2025-01-10,5369.28,benchmark:000905
2025-01-13,5381.7,benchmark:000905
2025-01-14,5572.27,benchmark:000905
2025-01-15,5522.46,benchmark:000905
2025-01-16,5545.63,benchmark:000905
2025-01-17,5587.29,benchmark:000905
2025-01-20,5614.33,benchmark:000905
2025-01-21,5633.92,benchmark:000905
2025-01-22,5607.06,benchmark:000905
2025-01-23,5584.25,benchmark:000905
2025-01-24,5649.95,benchmark:000905
2025-01-27,5589.34,benchmark:000905
2025-02-05,5614.39,benchmark:000905
2025-02-06,5747.9,benchmark:000905
2025-02-07,5833.99,benchmark:000905
2025-02-10,5888.55,benchmark:000905
2025-02-11,5858.28,benchmark:000905
2025-02-12,5940.53,benchmark:000905
2025-02-13,5898.26,benchmark:000905
2025-02-14,5947.8,benchmark:000905
2025-02-17,5948.72,benchmark:000905
2025-02-18,5840.71,benchmark:000905
2025-02-19,5943.88,benchmark:000905
2025-02-20,5957.55,benchmark:000905
2025-02-21,6057.06,benchmark:000905
2025-02-24,6044.97,benchmark:000905
2025-02-25,5979.97,benchmark:000905
2025-02-26,6051.74,benchmark:000905
2025-02-27,6028.99,benchmark:000905
2025-02-28,5859.87,benchmark:000905
2025-03-03,5885.77,benchmark:000905
2025-03-04,5937.63,benchmark:000905
2025-03-05,5950.7,benchmark:000905
2025-03-06,6047.77,benchmark:000905
2025-03-07,6013.77,benchmark:000905
2025-03-10,6013.62,benchmark:000905
2025-03-11,6044.97,benchmark:000905
2025-03-12,6040.5,benchmark:000905
2025-03-13,5993.97,benchmark:000905
2025-03-14,6099.98,benchmark:000905
2025-03-17,6108.02,benchmark:000905
2025-03-18,6133.3,benchmark:000905
2025-03-19,6101.44,benchmark:000905
2025-03-20,6059.49,benchmark:000905
2025-03-21,5971.93,benchmark:000905
2025-03-24,5969.08,benchmark:000905
2025-03-25,5946.95,benchmark:000905
2025-03-26,5948.5,benchmark:000905
2025-03-27,5957.6,benchmark:000905
2025-03-28,5916.03,benchmark:000905
2025-03-31,5857.77,benchmark:000905
2025-04-01,5892.85,benchmark:000905
2025-04-02,5899.09,benchmark:000905
2025-04-03,5845.5,benchmark:000905
2025-04-07,5287.03,benchmark:000905
2025-04-08,5326.91,benchmark:000905
2025-04-09,5439.77,benchmark:000905
2025-04-10,5544.06,benchmark:000905
2025-04-11,5581.32,benchmark:000905
2025-04-14,5627.14,benchmark:000905
2025-04-15,5602.53,benchmark:000905
2025-04-16,5556.86,benchmark:000905
2025-04-17,5557.01,benchmark:000905
2025-04-18,5560.72,benchmark:000905
2025-04-21,5642.38,benchmark:000905
2025-04-22,5624.21,benchmark:000905
2025-04-23,5634.95,benchmark:000905
2025-04-24,5605.88,benchmark:000905
2025-04-25,5627.18,benchmark:000905
2025-04-28,5598.3,benchmark:000905
2025-04-29,5604.91,benchmark:000905
2025-04-30,5631.82,benchmark:000905
2025-05-06,5740.33,benchmark:000905
2025-05-07,5750.29,benchmark:000905
2025-05-08,5773.81,benchmark:000905
2025-05-09,5721.72,benchmark:000905
2025-05-12,5793.67,benchmark:000905
2025-05-13,5781.67,benchmark:000905
2025-05-14,5799.12,benchmark:000905
2025-05-15,5715.3,benchmark:000905
2025-05-16,5715.85,benchmark:000905
2025-05-19,5720.79,benchmark:000905
2025-05-20,5747.37,benchmark:000905
2025-05-21,5757.92,benchmark:000905
2025-05-22,5703.28,benchmark:000905
2025-05-23,5653.04,benchmark:000905
2025-05-26,5669.46,benchmark:000905
2025-05-27,5652.15,benchmark:000905
2025-05-28,5637.24,benchmark:000905
2025-05-29,5719.91,benchmark:000905
2025-05-30,5671.07,benchmark:000905
2025-06-03,5694.84,benchmark:000905
2025-06-04,5739.01,benchmark:000905
2025-06-05,5769.97,benchmark:000905
2025-06-06,5762.08,benchmark:000905
2025-06-09,5805.65,benchmark:000905
2025-06-10,5757.99,benchmark:000905
2025-06-11,5792.95,benchmark:000905
2025-06-12,5799.93,benchmark:000905
2025-06-13,5740.24,benchmark:000905
2025-06-16,5767.81,benchmark:000905
2025-06-17,5750.91,benchmark:000905
2025-06-18,5745.87,benchmark:000905
2025-06-19,5676.83,benchmark:000905
2025-06-20,5639.51,benchmark:000905
2025-06-23,5674.17,benchmark:000905
2025-06-24,5765.84,benchmark:000905
2025-06-25,5862.55,benchmark:000905
2025-06-26,5838.25,benchmark:000905
2025-06-27,5863.73,benchmark:000905
2025-06-30,5915.39,benchmark:000905
2025-07-01,5934.67,benchmark:000905
2025-07-02,5892.95,benchmark:000905
2025-07-03,5922.66,benchmark:000905
2025-07-04,5911.44,benchmark:000905
2025-07-07,5900.41,benchmark:000905
2025-07-08,5977.74,benchmark:000905
2025-07-09,5953.49,benchmark:000905
2025-07-10,5983.05,benchmark:000905
2025-07-11,6027.08,benchmark:000905
2025-07-14,6020.86,benchmark:000905
2025-07-15,6018.76,benchmark:000905
2025-07-16,6017.19,benchmark:000905
2025-07-17,6082.46,benchmark:000905
2025-07-18,6099.61,benchmark:000905
2025-07-21,6161.31,benchmark:000905
2025-07-22,6213.41,benchmark:000905
2025-07-23,6196.76,benchmark:000905
2025-07-24,6293.6,benchmark:000905
2025-07-25,6299.59,benchmark:000905
2025-07-28,6323.42,benchmark:000905
2025-07-29,6356.13,benchmark:000905
2025-07-30,6314.69,benchmark:000905
2025-07-31,6226.34,benchmark:000905
2025-08-01,6213.2,benchmark:000905
2025-08-04,6261.73,benchmark:000905
2025-08-05,6303.24,benchmark:000905
2025-08-06,6357.38,benchmark:000905
2025-08-07,6337.54,benchmark:000905
2025-08-08,6323.5,benchmark:000905
2025-08-11,6391.76,benchmark:000905
2025-08-12,6418.16,benchmark:000905
2025-08-13,6508.1,benchmark:000905
2025-08-14,6429.85,benchmark:000905
2025-08-15,6568.57,benchmark:000905
2025-08-18,6668.17,benchmark:000905
2025-08-19,6655.31,benchmark:000905
2025-08-20,6728.07,benchmark:000905
2025-08-21,6704.17,benchmark:000905
2025-08-22,6822.85,benchmark:000905
2025-08-25,6951.9,benchmark:000905
2025-08-26,6964.07,benchmark:000905
2025-08-27,6862.56,benchmark:000905
2025-08-28,7011.16,benchmark:000905
2025-08-29,7043.94,benchmark:000905
2025-09-01,7110.29,benchmark:000905
2025-09-02,6961.69,benchmark:000905
2025-09-03,6868.46,benchmark:000905
2025-09-04,6698.45,benchmark:000905
2025-09-05,6913.95,benchmark:000905
2025-09-08,6992.12,benchmark:000905
2025-09-09,6928.97,benchmark:000905
2025-09-10,6932.11,benchmark:000905
2025-09-11,7122.71,benchmark:000905
2025-09-12,7147.75,benchmark:000905
2025-09-15,7137.36,benchmark:000905
2025-09-16,7190.99,benchmark:000905
2025-09-17,7260.04,benchmark:000905
2025-09-18,7199.88,benchmark:000905
2025-09-19,7170.35,benchmark:000905
2025-09-22,7225.13,benchmark:000905
2025-09-23,7180.71,benchmark:000905
2025-09-24,7323.71,benchmark:000905
2025-09-25,7341.32,benchmark:000905
2025-09-26,7240.91,benchmark:000905
2025-09-29,7350.56,benchmark:000905
2025-09-30,7412.37,benchmark:000905
2025-10-09,7548.92,benchmark:000905
2025-10-10,7398.22,benchmark:000905
2025-10-13,7376.56,benchmark:000905
2025-10-14,7194.85,benchmark:000905
2025-10-15,7294.0,benchmark:000905
2025-10-16,7231.53,benchmark:000905
2025-10-17,7016.07,benchmark:000905
2025-10-20,7069.64,benchmark:000905
2025-10-21,7185.62,benchmark:000905
2025-10-22,7128.48,benchmark:000905
2025-10-23,7142.95,benchmark:000905
2025-10-24,7258.53,benchmark:000905
2025-10-27,7379.39,benchmark:000905
2025-10-28,7341.03,benchmark:000905
2025-10-29,7480.97,benchmark:000905
2025-10-30,7385.71,benchmark:000905
2025-10-31,7331.0,benchmark:000905
2025-11-03,7333.6,benchmark:000905
2025-11-04,7210.83,benchmark:000905
2025-11-05,7229.34,benchmark:000905
2025-11-06,7345.72,benchmark:000905
2025-11-07,7327.91,benchmark:000905
2025-11-10,7343.8,benchmark:000905
2025-11-11,7291.61,benchmark:000905
2025-11-12,7243.25,benchmark:000905
2025-11-13,7355.29,benchmark:000905
2025-11-14,7235.46,benchmark:000905
2025-11-17,7235.35,benchmark:000905
2025-11-18,7151.02,benchmark:000905
2025-11-19,7122.75,benchmark:000905
2025-11-20,7061.95,benchmark:000905
2025-11-21,6817.41,benchmark:000905
2025-11-24,6868.97,benchmark:000905
2025-11-25,6954.6,benchmark:000905
2025-11-26,6965.05,benchmark:000905
2025-11-27,6951.28,benchmark:000905
2025-11-28,7031.55,benchmark:000905
2025-12-01,7101.83,benchmark:000905
2025-12-02,7040.3,benchmark:000905
2025-12-03,6996.36,benchmark:000905
2025-12-04,7012.81,benchmark:000905
2025-12-05,7097.84,benchmark:000905
2025-12-08,7172.37,benchmark:000905
2025-12-09,7121.33,benchmark:000905
2025-12-10,7155.99,benchmark:000905
2025-12-11,7082.89,benchmark:000905
2025-12-12,7169.79,benchmark:000905
2025-12-15,7113.96,benchmark:000905
2025-12-16,7001.32,benchmark:000905
2025-12-17,7137.83,benchmark:000905
2025-12-18,7100.84,benchmark:000905
2025-12-19,7169.55,benchmark:000905
2025-12-22,7255.66,benchmark:000905
2025-12-23,7256.79,benchmark:000905
2025-12-24,7352.04,benchmark:000905
2025-12-25,7410.71,benchmark:000905
2025-12-26,7458.84,benchmark:000905
2025-12-29,7430.61,benchmark:000905
2025-12-30,7458.94,benchmark:000905
2025-12-31,7465.57,benchmark:000905
2026-01-05,7651.2,benchmark:000905
2026-01-06,7814.14,benchmark:000905
2026-01-07,7875.08,benchmark:000905
2026-01-08,7894.54,benchmark:000905
2026-01-09,8056.69,benchmark:000905
2026-01-12,8249.13,benchmark:000905
2026-01-13,8143.28,benchmark:000905
2026-01-14,8227.7,benchmark:000905
2026-01-15,8223.27,benchmark:000905
2026-01-16,8232.67,benchmark:000905
2026-01-19,8287.95,benchmark:000905
2026-01-20,8247.8,benchmark:000905
2026-01-21,8340.11,benchmark:000905
2026-01-22,8387.6,benchmark:000905
2026-01-23,8590.17,benchmark:000905
2026-01-26,8506.69,benchmark:000905
2026-01-27,8548.93,benchmark:000905
2026-01-28,8601.16,benchmark:000905
2026-01-29,8517.84,benchmark:000905
2026-01-30,8370.52,benchmark:000905
2026-02-02,8037.05,benchmark:000905
2026-02-03,8286.7,benchmark:000905
2026-02-04,8299.06,benchmark:000905
2026-02-05,8146.11,benchmark:000905
2026-02-06,8146.41,benchmark:000905
2026-02-09,8311.28,benchmark:000905
2026-02-10,8306.44,benchmark:000905
2026-02-11,8325.81,benchmark:000905
2026-02-12,8423.57,benchmark:000905
2026-02-13,8299.59,benchmark:000905
2026-02-24,8392.91,benchmark:000905
2026-02-25,8527.56,benchmark:000905
2026-02-26,8557.22,benchmark:000905
2026-02-27,8658.45,benchmark:000905
2026-03-02,8658.33,benchmark:000905
2026-03-03,8281.61,benchmark:000905
2026-03-04,8248.95,benchmark:000905
2026-03-05,8309.17,benchmark:000905
2026-03-06,8360.33,benchmark:000905
2026-03-09,8279.48,benchmark:000905
2026-03-10,8410.3,benchmark:000905
2026-03-11,8403.33,benchmark:000905
2026-03-12,8359.47,benchmark:000905
2026-03-13,8239.8,benchmark:000905
2026-03-16,8185.15,benchmark:000905
2026-03-17,8016.03,benchmark:000905
2026-03-18,8096.43,benchmark:000905
2026-03-19,7877.09,benchmark:000905
2026-03-20,7760.04,benchmark:000905
2026-03-23,7440.75,benchmark:000905
2026-03-24,7597.37,benchmark:000905
2026-03-25,7767.67,benchmark:000905
2026-03-26,7642.13,benchmark:000905
2026-03-27,7737.61,benchmark:000905
2026-03-30,7753.72,benchmark:000905
2026-03-31,7617.33,benchmark:000905
2026-04-01,7750.09,benchmark:000905
2026-04-02,7605.29,benchmark:000905
2026-04-03,7534.94,benchmark:000905
2026-04-07,7571.11,benchmark:000905
2026-04-08,7945.15,benchmark:000905
2026-04-09,7898.63,benchmark:000905
2026-04-10,7969.36,benchmark:000905
2026-04-13,7967.7,benchmark:000905
2026-04-14,8088.57,benchmark:000905
2026-04-15,8044.08,benchmark:000905
2026-04-16,8180.08,benchmark:000905
2026-04-17,8214.19,benchmark:000905
2026-04-20,8290.02,benchmark:000905
2026-04-21,8270.33,benchmark:000905
2026-04-22,8376.18,benchmark:000905
2026-04-23,8295.21,benchmark:000905
2026-04-24,8247.88,benchmark:000905
2026-04-27,8299.05,benchmark:000905
2026-04-28,8203.96,benchmark:000905
2026-04-29,8342.42,benchmark:000905
2026-04-30,8349.51,benchmark:000905
2026-05-06,8588.44,benchmark:000905
2026-05-07,8696.8,benchmark:000905
2026-05-08,8694.17,benchmark:000905
2026-05-11,8839.74,benchmark:000905
2026-05-12,8785.98,benchmark:000905
2026-05-13,8918.24,benchmark:000905
2026-05-14,8670.16,benchmark:000905
2026-05-15,8536.34,benchmark:000905
2026-05-18,8554.24,benchmark:000905
2026-05-19,8627.95,benchmark:000905
2026-05-20,8656.31,benchmark:000905
2026-05-21,8419.84,benchmark:000905
2026-05-22,8576.94,benchmark:000905
2026-05-25,8703.89,benchmark:000905
2026-05-26,8658.62,benchmark:000905
2026-05-27,8530.98,benchmark:000905
2026-05-28,8563.22,benchmark:000905
2026-05-29,8359.56,benchmark:000905
2026-06-01,8274.21,benchmark:000905
2026-06-02,8321.43,benchmark:000905
2026-06-03,8362.16,benchmark:000905
2026-06-04,8356.74,benchmark:000905
2026-06-05,8251.14,benchmark:000905
2026-06-08,7963.45,benchmark:000905
2026-06-09,8176.18,benchmark:000905
2026-06-10,8063.86,benchmark:000905
2026-06-11,8035.78,benchmark:000905
2026-06-12,8106.2,benchmark:000905
2026-06-15,8406.75,benchmark:000905
2026-06-16,8507.98,benchmark:000905
2026-06-17,8627.09,benchmark:000905
2026-06-18,8673.09,benchmark:000905
2026-06-22,8868.78,benchmark:000905
2026-06-23,8688.59,benchmark:000905
2026-06-24,8842.94,benchmark:000905
2026-06-25,8938.01,benchmark:000905
2026-06-26,8703.57,benchmark:000905
2026-06-29,8821.09,benchmark:000905
2026-06-30,9031.38,benchmark:000905
2026-07-01,9028.93,benchmark:000905
2026-07-02,8694.18,benchmark:000905
2026-07-03,8745.26,benchmark:000905
2026-07-06,8651.13,benchmark:000905
2026-07-07,8508.79,benchmark:000905
2026-07-08,8390.02,benchmark:000905
2026-07-09,8652.79,benchmark:000905
2026-07-10,8503.97,benchmark:000905
2026-07-13,8138.14,benchmark:000905
2026-07-14,8275.94,benchmark:000905
2026-07-15,8147.58,benchmark:000905
2026-07-16,7955.66,benchmark:000905
2026-07-17,7513.76,benchmark:000905
2026-07-20,7411.31,benchmark:000905
2026-07-21,7800.61,benchmark:000905
2026-07-22,7751.66,benchmark:000905
2026-07-23,7734.31,benchmark:000905
2026-07-24,7532.7,benchmark:000905
2026-07-27,7720.6,benchmark:000905
2026-07-28,7443.43,benchmark:000905
2026-07-29,7524.51,benchmark:000905
2026-07-30,7309.58,benchmark:000905
2026-07-31,7493.99,benchmark:000905
2026-08-03,7414.52,benchmark:000905
2026-08-04,7607.49,benchmark:000905
2026-08-05,7809.21,benchmark:000905
2026-08-06,7829.36,benchmark:000905
2026-08-07,7980.12,benchmark:000905
2026-08-10,8030.95,benchmark:000905
2026-08-11,7967.54,benchmark:000905
2026-08-12,8045.31,benchmark:000905
2023-08-14,7072.38,benchmark:H00905
2023-08-15,7028.14,benchmark:H00905
2023-08-16,6972.61,benchmark:H00905
2023-08-17,7021.89,benchmark:H00905
2023-08-18,6907.13,benchmark:H00905
2023-08-21,6827.01,benchmark:H00905
2023-08-22,6863.27,benchmark:H00905
2023-08-23,6730.11,benchmark:H00905
2023-08-24,6757.89,benchmark:H00905
2023-08-25,6673.17,benchmark:H00905
2023-08-28,6748.41,benchmark:H00905
2023-08-29,6899.27,benchmark:H00905
2023-08-30,6905.06,benchmark:H00905
2023-08-31,6862.31,benchmark:H00905
2023-09-01,6875.94,benchmark:H00905
2023-09-04,6970.38,benchmark:H00905
2023-09-05,6921.27,benchmark:H00905
2023-09-06,6923.26,benchmark:H00905
2023-09-07,6818.43,benchmark:H00905
2023-09-08,6825.51,benchmark:H00905
2023-09-11,6904.55,benchmark:H00905
2023-09-12,6900.0,benchmark:H00905
2023-09-13,6833.61,benchmark:H00905
2023-09-14,6817.71,benchmark:H00905
2023-09-15,6820.78,benchmark:H00905
2023-09-18,6838.74,benchmark:H00905
2023-09-19,6800.73,benchmark:H00905
2023-09-20,6756.62,benchmark:H00905
2023-09-21,6709.89,benchmark:H00905
2023-09-22,6813.88,benchmark:H00905
2023-09-25,6775.44,benchmark:H00905
2023-09-26,6752.39,benchmark:H00905
2023-09-27,6786.07,benchmark:H00905
2023-09-28,6805.71,benchmark:H00905
2023-10-09,6766.67,benchmark:H00905
2023-10-10,6733.53,benchmark:H00905
2023-10-11,6733.39,benchmark:H00905
2023-10-12,6783.44,benchmark:H00905
2023-10-13,6737.69,benchmark:H00905
2023-10-16,6674.64,benchmark:H00905
2023-10-17,6692.19,benchmark:H00905
2023-10-18,6607.58,benchmark:H00905
2023-10-19,6535.45,benchmark:H00905
2023-10-20,6487.36,benchmark:H00905
2023-10-23,6327.87,benchmark:H00905
2023-10-24,6401.78,benchmark:H00905
2023-10-25,6430.47,benchmark:H00905
2023-10-26,6457.91,benchmark:H00905
2023-10-27,6569.51,benchmark:H00905
2023-10-30,6634.54,benchmark:H00905
2023-10-31,6612.83,benchmark:H00905
2023-11-01,6590.97,benchmark:H00905
2023-11-02,6530.55,benchmark:H00905
2023-11-03,6591.82,benchmark:H00905
2023-11-06,6705.11,benchmark:H00905
2023-11-07,6712.33,benchmark:H00905
2023-11-08,6708.65,benchmark:H00905
2023-11-09,6689.55,benchmark:H00905
2023-11-10,6666.88,benchmark:H00905
2023-11-13,6705.74,benchmark:H00905
2023-11-14,6735.63,benchmark:H00905
2023-11-15,6776.38,benchmark:H00905
2023-11-16,6710.28,benchmark:H00905
2023-11-17,6736.67,benchmark:H00905
2023-11-20,6770.66,benchmark:H00905
2023-11-21,6748.31,benchmark:H00905
2023-11-22,6666.91,benchmark:H00905
2023-11-23,6726.84,benchmark:H00905
2023-11-24,6663.95,benchmark:H00905
2023-11-27,6659.42,benchmark:H00905
2023-11-28,6689.31,benchmark:H00905
2023-11-29,6643.66,benchmark:H00905
2023-11-30,6633.98,benchmark:H00905
2023-12-01,6660.09,benchmark:H00905
2023-12-04,6650.75,benchmark:H00905
2023-12-05,6532.72,benchmark:H00905
2023-12-06,6558.36,benchmark:H00905
2023-12-07,6557.67,benchmark:H00905
2023-12-08,6577.85,benchmark:H00905
2023-12-11,6657.85,benchmark:H00905
2023-12-12,6659.43,benchmark:H00905
2023-12-13,6589.25,benchmark:H00905
2023-12-14,6567.49,benchmark:H00905
2023-12-15,6520.18,benchmark:H00905
2023-12-18,6442.99,benchmark:H00905
2023-12-19,6436.54,benchmark:H00905
2023-12-20,6352.09,benchmark:H00905
2023-12-21,6387.35,benchmark:H00905
2023-12-22,6354.96,benchmark:H00905
2023-12-25,6359.37,benchmark:H00905
2023-12-26,6291.07,benchmark:H00905
2023-12-27,6323.66,benchmark:H00905
2023-12-28,6440.03,benchmark:H00905
2023-12-29,6495.59,benchmark:H00905
2024-01-02,6471.93,benchmark:H00905
2024-01-03,6462.28,benchmark:H00905
2024-01-04,6407.16,benchmark:H00905
2024-01-05,6319.29,benchmark:H00905
2024-01-08,6182.69,benchmark:H00905
2024-01-09,6198.19,benchmark:H00905
2024-01-10,6171.42,benchmark:H00905
2024-01-11,6250.13,benchmark:H00905
2024-01-12,6228.97,benchmark:H00905
2024-01-15,6213.55,benchmark:H00905
2024-01-16,6210.09,benchmark:H00905
2024-01-17,6055.91,benchmark:H00905
2024-01-18,6062.4,benchmark:H00905
2024-01-19,6004.34,benchmark:H00905
2024-01-22,5720.23,benchmark:H00905
2024-01-23,5821.65,benchmark:H00905
2024-01-24,5902.96,benchmark:H00905
2024-01-25,6069.84,benchmark:H00905
2024-01-26,6014.7,benchmark:H00905
2024-01-29,5896.04,benchmark:H00905
2024-01-30,5760.93,benchmark:H00905
2024-01-31,5619.73,benchmark:H00905
2024-02-01,5597.9,benchmark:H00905
2024-02-02,5459.7,benchmark:H00905
2024-02-05,5336.51,benchmark:H00905
2024-02-06,5750.05,benchmark:H00905
2024-02-07,6113.38,benchmark:H00905
2024-02-08,6162.03,benchmark:H00905
2024-02-19,6151.71,benchmark:H00905
2024-02-20,6150.93,benchmark:H00905
2024-02-21,6148.64,benchmark:H00905
2024-02-22,6193.27,benchmark:H00905
2024-02-23,6218.84,benchmark:H00905
2024-02-26,6216.15,benchmark:H00905
2024-02-27,6350.56,benchmark:H00905
2024-02-28,6202.49,benchmark:H00905
2024-02-29,6397.21,benchmark:H00905
2024-03-01,6435.8,benchmark:H00905
2024-03-04,6447.49,benchmark:H00905
2024-03-05,6403.23,benchmark:H00905
2024-03-06,6401.17,benchmark:H00905
2024-03-07,6314.06,benchmark:H00905
2024-03-08,6400.56,benchmark:H00905
2024-03-11,6509.98,benchmark:H00905
2024-03-12,6489.25,benchmark:H00905
2024-03-13,6478.95,benchmark:H00905
2024-03-14,6452.4,benchmark:H00905
2024-03-15,6525.65,benchmark:H00905
2024-03-18,6614.55,benchmark:H00905
2024-03-19,6554.46,benchmark:H00905
2024-03-20,6572.63,benchmark:H00905
2024-03-21,6539.63,benchmark:H00905
2024-03-22,6442.4,benchmark:H00905
2024-03-25,6334.94,benchmark:H00905
2024-03-26,6322.58,benchmark:H00905
2024-03-27,6169.75,benchmark:H00905
2024-03-28,6250.06,benchmark:H00905
2024-03-29,6324.9,benchmark:H00905
2024-04-01,6462.58,benchmark:H00905
2024-04-02,6438.65,benchmark:H00905
2024-04-03,6430.72,benchmark:H00905
2024-04-08,6339.78,benchmark:H00905
2024-04-09,6392.79,benchmark:H00905
2024-04-10,6312.12,benchmark:H00905
2024-04-11,6343.63,benchmark:H00905
2024-04-12,6314.21,benchmark:H00905
2024-04-15,6388.99,benchmark:H00905
2024-04-16,6211.71,benchmark:H00905
2024-04-17,6389.13,benchmark:H00905
2024-04-18,6401.21,benchmark:H00905
2024-04-19,6359.37,benchmark:H00905
2024-04-22,6303.7,benchmark:H00905
2024-04-23,6233.14,benchmark:H00905
2024-04-24,6298.74,benchmark:H00905
2024-04-25,6294.56,benchmark:H00905
2024-04-26,6430.04,benchmark:H00905
2024-04-29,6557.37,benchmark:H00905
2024-04-30,6512.67,benchmark:H00905
2024-05-06,6617.36,benchmark:H00905
2024-05-07,6615.54,benchmark:H00905
2024-05-08,6533.9,benchmark:H00905
2024-05-09,6651.22,benchmark:H00905
2024-05-10,6627.78,benchmark:H00905
2024-05-13,6591.7,benchmark:H00905
2024-05-14,6586.62,benchmark:H00905
2024-05-15,6523.2,benchmark:H00905
2024-05-16,6500.7,benchmark:H00905
2024-05-17,6582.32,benchmark:H00905
2024-05-20,6621.33,benchmark:H00905
2024-05-21,6569.82,benchmark:H00905
2024-05-22,6561.53,benchmark:H00905
2024-05-23,6436.46,benchmark:H00905
2024-05-24,6380.8,benchmark:H00905
2024-05-27,6450.78,benchmark:H00905
2024-05-28,6385.7,benchmark:H00905
2024-05-29,6404.32,benchmark:H00905
2024-05-30,6385.7,benchmark:H00905
2024-05-31,6388.46,benchmark:H00905
2024-06-03,6347.34,benchmark:H00905
2024-06-04,6429.35,benchmark:H00905
2024-06-05,6355.43,benchmark:H00905
2024-06-06,6301.87,benchmark:H00905
2024-06-07,6284.2,benchmark:H00905
2024-06-11,6294.63,benchmark:H00905
2024-06-12,6316.11,benchmark:H00905
2024-06-13,6274.64,benchmark:H00905
2024-06-14,6300.09,benchmark:H00905
2024-06-17,6293.51,benchmark:H00905
2024-06-18,6324.31,benchmark:H00905
2024-06-19,6251.78,benchmark:H00905
2024-06-20,6162.87,benchmark:H00905
2024-06-21,6174.57,benchmark:H00905
2024-06-24,6043.66,benchmark:H00905
2024-06-25,5990.78,benchmark:H00905
2024-06-26,6081.92,benchmark:H00905
2024-06-27,5971.34,benchmark:H00905
2024-06-28,5992.19,benchmark:H00905
2024-07-01,6065.39,benchmark:H00905
2024-07-02,6000.95,benchmark:H00905
2024-07-03,5954.61,benchmark:H00905
2024-07-04,5863.37,benchmark:H00905
2024-07-05,5906.1,benchmark:H00905
2024-07-08,5806.57,benchmark:H00905
2024-07-09,5921.88,benchmark:H00905
2024-07-10,5883.51,benchmark:H00905
2024-07-11,6001.28,benchmark:H00905
2024-07-12,5979.4,benchmark:H00905
2024-07-15,5936.63,benchmark:H00905
2024-07-16,5955.72,benchmark:H00905
2024-07-17,5905.68,benchmark:H00905
2024-07-18,5933.02,benchmark:H00905
2024-07-19,5926.35,benchmark:H00905
2024-07-22,5919.28,benchmark:H00905
2024-07-23,5745.31,benchmark:H00905
2024-07-24,5679.14,benchmark:H00905
2024-07-25,5676.11,benchmark:H00905
2024-07-26,5763.95,benchmark:H00905
2024-07-29,5730.89,benchmark:H00905
2024-07-30,5720.56,benchmark:H00905
2024-07-31,5949.41,benchmark:H00905
2024-08-01,5908.89,benchmark:H00905
2024-08-02,5830.53,benchmark:H00905
2024-08-05,5715.3,benchmark:H00905
2024-08-06,5784.8,benchmark:H00905
2024-08-07,5786.38,benchmark:H00905
2024-08-08,5792.01,benchmark:H00905
2024-08-09,5749.19,benchmark:H00905
2024-08-12,5741.69,benchmark:H00905
2024-08-13,5763.25,benchmark:H00905
2024-08-14,5684.37,benchmark:H00905
2024-08-15,5722.97,benchmark:H00905
2024-08-16,5689.94,benchmark:H00905
2024-08-19,5705.32,benchmark:H00905
2024-08-20,5606.94,benchmark:H00905
2024-08-21,5588.8,benchmark:H00905
2024-08-22,5523.31,benchmark:H00905
2024-08-23,5528.05,benchmark:H00905
2024-08-26,5537.12,benchmark:H00905
2024-08-27,5477.33,benchmark:H00905
2024-08-28,5483.08,benchmark:H00905
2024-08-29,5553.62,benchmark:H00905
2024-08-30,5652.58,benchmark:H00905
2024-09-02,5540.2,benchmark:H00905
2024-09-03,5600.85,benchmark:H00905
2024-09-04,5583.31,benchmark:H00905
2024-09-05,5607.27,benchmark:H00905
2024-09-06,5529.76,benchmark:H00905
2024-09-09,5492.87,benchmark:H00905
2024-09-10,5494.03,benchmark:H00905
2024-09-11,5502.94,benchmark:H00905
2024-09-12,5480.61,benchmark:H00905
2024-09-13,5425.49,benchmark:H00905
2024-09-18,5440.06,benchmark:H00905
2024-09-19,5510.18,benchmark:H00905
2024-09-20,5483.55,benchmark:H00905
2024-09-23,5479.08,benchmark:H00905
2024-09-24,5716.93,benchmark:H00905
2024-09-25,5768.35,benchmark:H00905
2024-09-26,6020.61,benchmark:H00905
2024-09-27,6342.77,benchmark:H00905
2024-09-30,7003.33,benchmark:H00905
2024-10-08,7506.17,benchmark:H00905
2024-10-09,6994.09,benchmark:H00905
2024-10-10,6940.33,benchmark:H00905
2024-10-11,6672.6,benchmark:H00905
2024-10-14,6840.23,benchmark:H00905
2024-10-15,6675.57,benchmark:H00905
2024-10-16,6662.52,benchmark:H00905
2024-10-17,6611.95,benchmark:H00905
2024-10-18,6882.02,benchmark:H00905
2024-10-21,6960.67,benchmark:H00905
2024-10-22,7021.22,benchmark:H00905
2024-10-23,7049.1,benchmark:H00905
2024-10-24,6988.68,benchmark:H00905
2024-10-25,7090.42,benchmark:H00905
2024-10-28,7180.85,benchmark:H00905
2024-10-29,7094.01,benchmark:H00905
2024-10-30,7125.01,benchmark:H00905
2024-10-31,7202.36,benchmark:H00905
2024-11-01,7117.58,benchmark:H00905
2024-11-04,7236.09,benchmark:H00905
2024-11-05,7459.53,benchmark:H00905
2024-11-06,7476.39,benchmark:H00905
2024-11-07,7615.47,benchmark:H00905
2024-11-08,7594.85,benchmark:H00905
2024-11-11,7727.28,benchmark:H00905
2024-11-12,7645.88,benchmark:H00905
2024-11-13,7640.95,benchmark:H00905
2024-11-14,7419.36,benchmark:H00905
2024-11-15,7231.82,benchmark:H00905
2024-11-18,7120.78,benchmark:H00905
2024-11-19,7247.48,benchmark:H00905
2024-11-20,7315.59,benchmark:H00905
2024-11-21,7307.52,benchmark:H00905
2024-11-22,7020.86,benchmark:H00905
2024-11-25,7003.13,benchmark:H00905
2024-11-26,6947.98,benchmark:H00905
2024-11-27,7087.73,benchmark:H00905
2024-11-28,7029.93,benchmark:H00905
2024-11-29,7145.12,benchmark:H00905
2024-12-02,7257.22,benchmark:H00905
2024-12-03,7243.17,benchmark:H00905
2024-12-04,7178.92,benchmark:H00905
2024-12-05,7207.56,benchmark:H00905
2024-12-06,7302.42,benchmark:H00905
2024-12-09,7263.24,benchmark:H00905
2024-12-10,7318.77,benchmark:H00905
2024-12-11,7385.96,benchmark:H00905
2024-12-12,7451.1,benchmark:H00905
2024-12-13,7314.27,benchmark:H00905
2024-12-16,7221.82,benchmark:H00905
2024-12-17,7143.18,benchmark:H00905
2024-12-18,7192.59,benchmark:H00905
2024-12-19,7208.85,benchmark:H00905
2024-12-20,7227.92,benchmark:H00905
2024-12-23,7107.45,benchmark:H00905
2024-12-24,7201.43,benchmark:H00905
2024-12-25,7134.28,benchmark:H00905
2024-12-26,7191.41,benchmark:H00905
2024-12-27,7206.34,benchmark:H00905
2024-12-30,7205.99,benchmark:H00905
2024-12-31,6994.56,benchmark:H00905
2025-01-02,6774.77,benchmark:H00905
2025-01-03,6630.61,benchmark:H00905
2025-01-06,6629.91,benchmark:H00905
2025-01-07,6700.26,benchmark:H00905
2025-01-08,6672.04,benchmark:H00905
2025-01-09,6665.93,benchmark:H00905
2025-01-10,6559.46,benchmark:H00905
2025-01-13,6574.62,benchmark:H00905
2025-01-14,6807.44,benchmark:H00905
2025-01-15,6746.59,benchmark:H00905
2025-01-16,6774.9,benchmark:H00905
2025-01-17,6826.01,benchmark:H00905
2025-01-20,6859.79,benchmark:H00905
2025-01-21,6884.0,benchmark:H00905
2025-01-22,6851.31,benchmark:H00905
2025-01-23,6824.17,benchmark:H00905
2025-01-24,6904.92,benchmark:H00905
2025-01-27,6830.85,benchmark:H00905
2025-02-05,6861.46,benchmark:H00905
2025-02-06,7024.63,benchmark:H00905
2025-02-07,7129.84,benchmark:H00905
2025-02-10,7196.52,benchmark:H00905
2025-02-11,7159.52,benchmark:H00905
2025-02-12,7260.04,benchmark:H00905
2025-02-13,7208.39,benchmark:H00905
2025-02-14,7268.92,benchmark:H00905
2025-02-17,7270.05,benchmark:H00905
2025-02-18,7138.05,benchmark:H00905
2025-02-19,7264.14,benchmark:H00905
2025-02-20,7280.84,benchmark:H00905
2025-02-21,7402.71,benchmark:H00905
2025-02-24,7387.93,benchmark:H00905
2025-02-25,7308.48,benchmark:H00905
2025-02-26,7396.2,benchmark:H00905
2025-02-27,7368.39,benchmark:H00905
2025-02-28,7161.71,benchmark:H00905
2025-03-03,7193.59,benchmark:H00905
2025-03-04,7256.98,benchmark:H00905
2025-03-05,7272.95,benchmark:H00905
2025-03-06,7391.59,benchmark:H00905
2025-03-07,7350.04,benchmark:H00905
2025-03-10,7349.85,benchmark:H00905
2025-03-11,7388.17,benchmark:H00905
2025-03-12,7382.7,benchmark:H00905
2025-03-13,7325.83,benchmark:H00905
2025-03-14,7455.4,benchmark:H00905
2025-03-17,7465.22,benchmark:H00905
2025-03-18,7496.12,benchmark:H00905
2025-03-19,7457.18,benchmark:H00905
2025-03-20,7405.91,benchmark:H00905
2025-03-21,7298.9,benchmark:H00905
2025-03-24,7295.41,benchmark:H00905
2025-03-25,7268.37,benchmark:H00905
2025-03-26,7270.44,benchmark:H00905
2025-03-27,7281.56,benchmark:H00905
2025-03-28,7230.78,benchmark:H00905
2025-03-31,7160.04,benchmark:H00905
2025-04-01,7202.92,benchmark:H00905
2025-04-02,7210.54,benchmark:H00905
2025-04-03,7145.05,benchmark:H00905
2025-04-07,6462.42,benchmark:H00905
2025-04-08,6511.16,benchmark:H00905
2025-04-09,6649.11,benchmark:H00905
2025-04-10,6776.59,benchmark:H00905
2025-04-11,6822.13,benchmark:H00905
2025-04-14,6878.13,benchmark:H00905
2025-04-15,6848.06,benchmark:H00905
2025-04-16,6792.24,benchmark:H00905
2025-04-17,6792.42,benchmark:H00905
2025-04-18,6796.95,benchmark:H00905
2025-04-21,6896.76,benchmark:H00905
2025-04-22,6874.92,benchmark:H00905
2025-04-23,6888.05,benchmark:H00905
2025-04-24,6853.15,benchmark:H00905
2025-04-25,6879.19,benchmark:H00905
2025-04-28,6843.88,benchmark:H00905
2025-04-29,6851.98,benchmark:H00905
2025-04-30,6885.2,benchmark:H00905
2025-05-06,7018.02,benchmark:H00905
2025-05-07,7030.19,benchmark:H00905
2025-05-08,7059.38,benchmark:H00905
2025-05-09,6996.15,benchmark:H00905
2025-05-12,7084.47,benchmark:H00905
2025-05-13,7069.78,benchmark:H00905
2025-05-14,7091.87,benchmark:H00905
2025-05-15,6989.67,benchmark:H00905
2025-05-16,6990.69,benchmark:H00905
2025-05-19,6997.38,benchmark:H00905
2025-05-20,7030.49,benchmark:H00905
2025-05-21,7044.66,benchmark:H00905
2025-05-22,6980.96,benchmark:H00905
2025-05-23,6922.21,benchmark:H00905
2025-05-26,6943.98,benchmark:H00905
2025-05-27,6923.79,benchmark:H00905
2025-05-28,6906.84,benchmark:H00905
2025-05-29,7009.37,benchmark:H00905
2025-05-30,6954.14,benchmark:H00905
2025-06-03,6983.5,benchmark:H00905
2025-06-04,7039.91,benchmark:H00905
2025-06-05,7080.3,benchmark:H00905
2025-06-06,7074.35,benchmark:H00905
2025-06-09,7129.4,benchmark:H00905
2025-06-10,7071.56,benchmark:H00905
2025-06-11,7117.67,benchmark:H00905
2025-06-12,7128.47,benchmark:H00905
2025-06-13,7061.31,benchmark:H00905
2025-06-16,7095.37,benchmark:H00905
2025-06-17,7077.26,benchmark:H00905
2025-06-18,7073.38,benchmark:H00905
2025-06-19,6991.02,benchmark:H00905
2025-06-20,6949.6,benchmark:H00905
2025-06-23,6992.8,benchmark:H00905
2025-06-24,7106.18,benchmark:H00905
2025-06-25,7226.32,benchmark:H00905
2025-06-26,7198.33,benchmark:H00905
2025-06-27,7233.58,benchmark:H00905
2025-06-30,7299.33,benchmark:H00905
2025-07-01,7323.62,benchmark:H00905
2025-07-02,7272.23,benchmark:H00905
2025-07-03,7309.33,benchmark:H00905
2025-07-04,7298.19,benchmark:H00905
2025-07-07,7285.46,benchmark:H00905
2025-07-08,7380.95,benchmark:H00905
2025-07-09,7353.11,benchmark:H00905
2025-07-10,7391.34,benchmark:H00905
2025-07-11,7447.9,benchmark:H00905
2025-07-14,7440.56,benchmark:H00905
2025-07-15,7438.75,benchmark:H00905
2025-07-16,7437.88,benchmark:H00905
2025-07-17,7519.46,benchmark:H00905
2025-07-18,7541.28,benchmark:H00905
2025-07-21,7617.78,benchmark:H00905
2025-07-22,7682.49,benchmark:H00905
2025-07-23,7661.91,benchmark:H00905
2025-07-24,7781.69,benchmark:H00905
2025-07-25,7790.85,benchmark:H00905
2025-07-28,7821.33,benchmark:H00905
2025-07-29,7862.29,benchmark:H00905
2025-07-30,7811.23,benchmark:H00905
2025-07-31,7702.95,benchmark:H00905
2025-08-01,7687.19,benchmark:H00905
2025-08-04,7747.24,benchmark:H00905
2025-08-05,7798.65,benchmark:H00905
2025-08-06,7865.81,benchmark:H00905
2025-08-07,7841.61,benchmark:H00905
2025-08-08,7825.49,benchmark:H00905
2025-08-11,7909.97,benchmark:H00905
2025-08-12,7942.64,benchmark:H00905
2025-08-13,8054.38,benchmark:H00905
2025-08-14,7957.77,benchmark:H00905
2025-08-15,8131.43,benchmark:H00905
2025-08-18,8254.95,benchmark:H00905
2025-08-19,8239.43,benchmark:H00905
2025-08-20,8329.8,benchmark:H00905
2025-08-21,8300.21,benchmark:H00905
2025-08-22,8447.82,benchmark:H00905
2025-08-25,8607.6,benchmark:H00905
2025-08-26,8622.67,benchmark:H00905
2025-08-27,8497.05,benchmark:H00905
2025-08-28,8681.04,benchmark:H00905
2025-08-29,8721.67,benchmark:H00905
2025-09-01,8803.82,benchmark:H00905
2025-09-02,8619.83,benchmark:H00905
2025-09-03,8505.06,benchmark:H00905
2025-09-04,8294.61,benchmark:H00905
2025-09-05,8561.47,benchmark:H00905
2025-09-08,8658.8,benchmark:H00905
2025-09-09,8580.6,benchmark:H00905
2025-09-10,8584.93,benchmark:H00905
2025-09-11,8821.49,benchmark:H00905
2025-09-12,8852.96,benchmark:H00905
2025-09-15,8840.35,benchmark:H00905
2025-09-16,8906.91,benchmark:H00905
2025-09-17,8992.88,benchmark:H00905
2025-09-18,8918.38,benchmark:H00905
2025-09-19,8882.2,benchmark:H00905
2025-09-22,8950.09,benchmark:H00905
2025-09-23,8896.12,benchmark:H00905
2025-09-24,9074.16,benchmark:H00905
2025-09-25,9096.53,benchmark:H00905
2025-09-26,8973.23,benchmark:H00905
2025-09-29,9109.48,benchmark:H00905
2025-09-30,9186.52,benchmark:H00905
2025-10-09,9355.76,benchmark:H00905
2025-10-10,9169.11,benchmark:H00905
2025-10-13,9142.55,benchmark:H00905
2025-10-14,8917.51,benchmark:H00905
2025-10-15,9041.34,benchmark:H00905
2025-10-16,8963.93,benchmark:H00905
2025-10-17,8697.55,benchmark:H00905
2025-10-20,8764.34,benchmark:H00905
2025-10-21,8908.15,benchmark:H00905
2025-10-22,8837.96,benchmark:H00905
2025-10-23,8856.42,benchmark:H00905
2025-10-24,9000.29,benchmark:H00905
2025-10-27,9150.83,benchmark:H00905
2025-10-28,9103.47,benchmark:H00905
2025-10-29,9277.14,benchmark:H00905
2025-10-30,9159.67,benchmark:H00905
2025-10-31,9092.06,benchmark:H00905
2025-11-03,9095.28,benchmark:H00905
2025-11-04,8943.01,benchmark:H00905
2025-11-05,8966.2,benchmark:H00905
2025-11-06,9110.94,benchmark:H00905
2025-11-07,9088.88,benchmark:H00905
2025-11-10,9108.77,benchmark:H00905
2025-11-11,9044.13,benchmark:H00905
2025-11-12,8984.53,benchmark:H00905
2025-11-13,9123.58,benchmark:H00905
2025-11-14,8975.12,benchmark:H00905
2025-11-17,8975.92,benchmark:H00905
2025-11-18,8871.4,benchmark:H00905
2025-11-19,8836.47,benchmark:H00905
2025-11-20,8761.06,benchmark:H00905
2025-11-21,8457.68,benchmark:H00905
2025-11-24,8521.64,benchmark:H00905
2025-11-25,8627.89,benchmark:H00905
2025-11-26,8640.94,benchmark:H00905
2025-11-27,8623.96,benchmark:H00905
2025-11-28,8723.54,benchmark:H00905
2025-12-01,8810.73,benchmark:H00905
2025-12-02,8734.51,benchmark:H00905
2025-12-03,8680.02,benchmark:H00905
2025-12-04,8700.85,benchmark:H00905
2025-12-05,8806.37,benchmark:H00905
2025-12-08,8898.84,benchmark:H00905
2025-12-09,8835.51,benchmark:H00905
2025-12-10,8878.77,benchmark:H00905
2025-12-11,8788.07,benchmark:H00905
2025-12-12,8896.48,benchmark:H00905
2025-12-15,8827.39,benchmark:H00905
2025-12-16,8687.68,benchmark:H00905
2025-12-17,8857.11,benchmark:H00905
2025-12-18,8811.52,benchmark:H00905
2025-12-19,8897.01,benchmark:H00905
2025-12-22,9004.06,benchmark:H00905
2025-12-23,9005.51,benchmark:H00905
2025-12-24,9123.92,benchmark:H00905
2025-12-25,9196.73,benchmark:H00905
2025-12-26,9256.45,benchmark:H00905
2025-12-29,9221.57,benchmark:H00905
2025-12-30,9256.75,benchmark:H00905
2025-12-31,9265.05,benchmark:H00905
2026-01-05,9495.41,benchmark:H00905
2026-01-06,9697.62,benchmark:H00905
2026-01-07,9773.26,benchmark:H00905
2026-01-08,9797.58,benchmark:H00905
2026-01-09,9999.26,benchmark:H00905
2026-01-12,10238.1,benchmark:H00905
2026-01-13,10106.76,benchmark:H00905
2026-01-14,10211.74,benchmark:H00905
2026-01-15,10206.26,benchmark:H00905
2026-01-16,10217.94,benchmark:H00905
2026-01-19,10286.54,benchmark:H00905
2026-01-20,10236.96,benchmark:H00905
2026-01-21,10351.53,benchmark:H00905
2026-01-22,10410.46,benchmark:H00905
2026-01-23,10661.89,benchmark:H00905
2026-01-26,10558.28,benchmark:H00905
2026-01-27,10610.82,benchmark:H00905
2026-01-28,10675.65,benchmark:H00905
2026-01-29,10572.23,benchmark:H00905
2026-01-30,10389.74,benchmark:H00905
2026-02-02,9975.82,benchmark:H00905
2026-02-03,10285.7,benchmark:H00905
2026-02-04,10301.04,benchmark:H00905
2026-02-05,10111.19,benchmark:H00905
2026-02-06,10111.65,benchmark:H00905
2026-02-09,10316.29,benchmark:H00905
2026-02-10,10310.28,benchmark:H00905
2026-02-11,10335.52,benchmark:H00905
2026-02-12,10457.58,benchmark:H00905
2026-02-13,10303.66,benchmark:H00905
2026-02-24,10419.52,benchmark:H00905
2026-02-25,10586.68,benchmark:H00905
2026-02-26,10623.5,benchmark:H00905
2026-02-27,10749.2,benchmark:H00905
2026-03-02,10749.05,benchmark:H00905
2026-03-03,10281.36,benchmark:H00905
2026-03-04,10240.81,benchmark:H00905
2026-03-05,10315.58,benchmark:H00905
2026-03-06,10379.09,benchmark:H00905
2026-03-09,10278.72,benchmark:H00905
2026-03-10,10441.53,benchmark:H00905
2026-03-11,10432.87,benchmark:H00905
2026-03-12,10378.42,benchmark:H00905
2026-03-13,10229.84,benchmark:H00905
2026-03-16,10162.0,benchmark:H00905
2026-03-17,9952.03,benchmark:H00905
2026-03-18,10051.85,benchmark:H00905
2026-03-19,9779.54,benchmark:H00905
2026-03-20,9634.21,benchmark:H00905
2026-03-23,9237.81,benchmark:H00905
2026-03-24,9432.26,benchmark:H00905
2026-03-25,9643.68,benchmark:H00905
2026-03-26,9487.83,benchmark:H00905
2026-03-27,9606.56,benchmark:H00905
2026-03-30,9626.56,benchmark:H00905
2026-03-31,9457.22,benchmark:H00905
2026-04-01,9622.69,benchmark:H00905
2026-04-02,9442.9,benchmark:H00905
2026-04-03,9355.55,benchmark:H00905
2026-04-07,9400.46,benchmark:H00905
2026-04-08,9864.88,benchmark:H00905
2026-04-09,9807.12,benchmark:H00905
2026-04-10,9894.94,benchmark:H00905
2026-04-13,9892.92,benchmark:H00905
2026-04-14,10042.99,benchmark:H00905
2026-04-15,9987.75,benchmark:H00905
2026-04-16,10156.62,benchmark:H00905
2026-04-17,10199.22,benchmark:H00905
2026-04-20,10293.37,benchmark:H00905
2026-04-21,10269.36,benchmark:H00905
2026-04-22,10400.88,benchmark:H00905
2026-04-23,10300.34,benchmark:H00905
2026-04-24,10241.57,benchmark:H00905
2026-04-27,10305.26,benchmark:H00905
2026-04-28,10187.62,benchmark:H00905
2026-04-29,10360.08,benchmark:H00905
2026-04-30,10370.0,benchmark:H00905
2026-05-06,10666.83,benchmark:H00905
2026-05-07,10801.41,benchmark:H00905
2026-05-08,10798.71,benchmark:H00905
2026-05-11,10981.8,benchmark:H00905
2026-05-12,10915.16,benchmark:H00905
2026-05-13,11079.48,benchmark:H00905
2026-05-14,10773.24,benchmark:H00905
2026-05-15,10607.64,benchmark:H00905
2026-05-18,10630.7,benchmark:H00905
2026-05-19,10722.88,benchmark:H00905
2026-05-20,10759.78,benchmark:H00905
2026-05-21,10467.11,benchmark:H00905
2026-05-22,10663.79,benchmark:H00905
2026-05-25,10822.34,benchmark:H00905
2026-05-26,10768.27,benchmark:H00905
2026-05-27,10611.3,benchmark:H00905
2026-05-28,10654.72,benchmark:H00905
2026-05-29,10404.48,benchmark:H00905
2026-06-01,10299.68,benchmark:H00905
2026-06-02,10358.93,benchmark:H00905
2026-06-03,10411.53,benchmark:H00905
2026-06-04,10406.86,benchmark:H00905
2026-06-05,10276.55,benchmark:H00905
2026-06-08,9919.66,benchmark:H00905
2026-06-09,10186.37,benchmark:H00905
2026-06-10,10048.72,benchmark:H00905
2026-06-11,10015.82,benchmark:H00905
2026-06-12,10105.91,benchmark:H00905
2026-06-15,10482.69,benchmark:H00905
2026-06-16,10610.44,benchmark:H00905
2026-06-17,10760.67,benchmark:H00905
2026-06-18,10822.88,benchmark:H00905
2026-06-22,11067.6,benchmark:H00905
2026-06-23,10843.26,benchmark:H00905
2026-06-24,11038.21,benchmark:H00905
2026-06-25,11158.5,benchmark:H00905
2026-06-26,10870.26,benchmark:H00905
2026-06-29,11018.45,benchmark:H00905
2026-06-30,11282.38,benchmark:H00905
2026-07-01,11279.84,benchmark:H00905
2026-07-02,10861.71,benchmark:H00905
2026-07-03,10926.75,benchmark:H00905
2026-07-06,10810.52,benchmark:H00905
2026-07-07,10634.07,benchmark:H00905
2026-07-08,10488.2,benchmark:H00905
2026-07-09,10818.18,benchmark:H00905
2026-07-10,10634.69,benchmark:H00905
2026-07-13,10177.67,benchmark:H00905
2026-07-14,10351.82,benchmark:H00905
2026-07-15,10192.16,benchmark:H00905
2026-07-16,9953.46,benchmark:H00905
2026-07-17,9402.29,benchmark:H00905
2026-07-20,9274.91,benchmark:H00905
2026-07-21,9762.78,benchmark:H00905
2026-07-22,9704.31,benchmark:H00905
2026-07-23,9682.75,benchmark:H00905
2026-07-24,9430.71,benchmark:H00905
2026-07-27,9666.23,benchmark:H00905
2026-07-28,9320.28,benchmark:H00905
2026-07-29,9421.96,benchmark:H00905
2026-07-30,9152.83,benchmark:H00905
2026-07-31,9384.34,benchmark:H00905
2026-08-03,9285.19,benchmark:H00905
2026-08-04,9526.84,benchmark:H00905
2026-08-05,9779.45,benchmark:H00905
2026-08-06,9805.18,benchmark:H00905
2026-08-07,9996.67,benchmark:H00905
2026-08-10,10061.11,benchmark:H00905
2026-08-11,9981.68,benchmark:H00905
2026-08-12,10079.11,benchmark:H00905
2023-08-14,2.418221,etf:159915.SZ
2023-08-15,2.40035,etf:159915.SZ
2023-08-16,2.382823,etf:159915.SZ
2023-08-17,2.398517,etf:159915.SZ
2023-08-18,2.367243,etf:159915.SZ
2023-08-21,2.3293239999999997,etf:159915.SZ
2023-08-22,2.331386,etf:159915.SZ
2023-08-23,2.2778869999999998,etf:159915.SZ
2023-08-24,2.306412,etf:159915.SZ
2023-08-25,2.279376,etf:159915.SZ
2023-08-28,2.301257,etf:159915.SZ
2023-08-29,2.366097,etf:159915.SZ
2023-08-30,2.364951,etf:159915.SZ
2023-08-31,2.348569,etf:159915.SZ
2023-09-01,2.345935,etf:159915.SZ
2023-09-04,2.3657529999999998,etf:159915.SZ
2023-09-05,2.358192,etf:159915.SZ
2023-09-06,2.34708,etf:159915.SZ
2023-09-07,2.297476,etf:159915.SZ
2023-09-08,2.289457,etf:159915.SZ
2023-09-11,2.30435,etf:159915.SZ
2023-09-12,2.290717,etf:159915.SZ
2023-09-13,2.2647120000000003,etf:159915.SZ
2023-09-14,2.246956,etf:159915.SZ
2023-09-15,2.2367600000000003,etf:159915.SZ
2023-09-18,2.2564640000000002,etf:159915.SZ
2023-09-19,2.2365310000000003,etf:159915.SZ
2023-09-20,2.219347,etf:159915.SZ
2023-09-21,2.197352,etf:159915.SZ
2023-09-22,2.2483310000000003,etf:159915.SZ
2023-09-25,2.239166,etf:159915.SZ
2023-09-26,2.221867,etf:159915.SZ
2023-09-27,2.240311,etf:159915.SZ
2023-09-28,2.2376769999999997,etf:159915.SZ
2023-10-09,2.23149,etf:159915.SZ
2023-10-10,2.219576,etf:159915.SZ
2023-10-11,2.237333,etf:159915.SZ
2023-10-12,2.254288,etf:159915.SZ
2023-10-13,2.229199,etf:159915.SZ
2023-10-16,2.184521,etf:159915.SZ
2023-10-17,2.1903639999999998,etf:159915.SZ
2023-10-18,2.16413,etf:159915.SZ
2023-10-19,2.136521,etf:159915.SZ
2023-10-20,2.117734,etf:159915.SZ
2023-10-23,2.081991,etf:159915.SZ
2023-10-24,2.099748,etf:159915.SZ
2023-10-25,2.080731,etf:159915.SZ
2023-10-26,2.094134,etf:159915.SZ
2023-10-27,2.1545069999999997,etf:159915.SZ
2023-10-30,2.207662,etf:159915.SZ
2023-10-31,2.1970080000000003,etf:159915.SZ
2023-11-01,2.1868119999999998,etf:159915.SZ
2023-11-02,2.165161,etf:159915.SZ
2023-11-03,2.196894,etf:159915.SZ
2023-11-06,2.2683780000000002,etf:159915.SZ
2023-11-07,2.2576099999999997,etf:159915.SZ
2023-11-08,2.257953,etf:159915.SZ
2023-11-09,2.252684,etf:159915.SZ
2023-11-10,2.2379059999999997,etf:159915.SZ
2023-11-13,2.242259,etf:159915.SZ
2023-11-14,2.237333,etf:159915.SZ
2023-11-15,2.249132,etf:159915.SZ
2023-11-16,2.207548,etf:159915.SZ
2023-11-17,2.2168270000000003,etf:159915.SZ
2023-11-20,2.22393,etf:159915.SZ
2023-11-21,2.2141919999999997,etf:159915.SZ
2023-11-22,2.177648,etf:159915.SZ
2023-11-23,2.1902489999999997,etf:159915.SZ
2023-11-24,2.164015,etf:159915.SZ
2023-11-27,2.150841,etf:159915.SZ
2023-11-28,2.1644740000000002,etf:159915.SZ
2023-11-29,2.141562,etf:159915.SZ
2023-11-30,2.1467169999999998,etf:159915.SZ
2023-12-01,2.150841,etf:159915.SZ
2023-12-04,2.1313649999999997,etf:159915.SZ
2023-12-05,2.089095,etf:159915.SZ
2023-12-06,2.1012370000000002,etf:159915.SZ
2023-12-07,2.095738,etf:159915.SZ
2023-12-08,2.112349,etf:159915.SZ
2023-12-11,2.1384689999999997,etf:159915.SZ
2023-12-12,2.1251800000000003,etf:159915.SZ
2023-12-13,2.089896,etf:159915.SZ
2023-12-14,2.076721,etf:159915.SZ
2023-12-15,2.0633179999999998,etf:159915.SZ
2023-12-18,2.0313559999999997,etf:159915.SZ
2023-12-19,2.039948,etf:159915.SZ
2023-12-20,2.012225,etf:159915.SZ
2023-12-21,2.045332,etf:159915.SZ
2023-12-22,2.037772,etf:159915.SZ
2023-12-25,2.044072,etf:159915.SZ
2023-12-26,2.018297,etf:159915.SZ
2023-12-27,2.019786,etf:159915.SZ
2023-12-28,2.097457,etf:159915.SZ
2023-12-29,2.1106309999999997,etf:159915.SZ
2023-12-31,2.1106309999999997,etf:159915.SZ
2024-01-02,2.070994,etf:159915.SZ
2024-01-03,2.0473939999999997,etf:159915.SZ
2024-01-04,2.010507,etf:159915.SZ
2024-01-05,1.981294,etf:159915.SZ
2024-01-08,1.9464679999999999,etf:159915.SZ
2024-01-09,1.953571,etf:159915.SZ
2024-01-10,1.945093,etf:159915.SZ
2024-01-11,1.983012,etf:159915.SZ
2024-01-12,1.965027,etf:159915.SZ
2024-01-15,1.947614,etf:159915.SZ
2024-01-16,1.954946,etf:159915.SZ
2024-01-17,1.896291,etf:159915.SZ
2024-01-18,1.932721,etf:159915.SZ
2024-01-19,1.913933,etf:159915.SZ
2024-01-22,1.859633,etf:159915.SZ
2024-01-23,1.882773,etf:159915.SZ
2024-01-24,1.892282,etf:159915.SZ
2024-01-25,1.919661,etf:159915.SZ
2024-01-26,1.876931,etf:159915.SZ
2024-01-29,1.811518,etf:159915.SZ
2024-01-30,1.76684,etf:159915.SZ
2024-01-31,1.755155,etf:159915.SZ
2024-02-01,1.7725680000000001,etf:159915.SZ
2024-02-02,1.7294939999999999,etf:159915.SZ
2024-02-05,1.743012,etf:159915.SZ
2024-02-06,1.859633,etf:159915.SZ
2024-02-07,1.9037380000000002,etf:159915.SZ
2024-02-08,1.925848,etf:159915.SZ
2024-02-19,1.94727,etf:159915.SZ
2024-02-20,1.946926,etf:159915.SZ
2024-02-21,1.9539140000000002,etf:159915.SZ
2024-02-22,1.9598719999999998,etf:159915.SZ
2024-02-23,1.960215,etf:159915.SZ
2024-02-26,1.952883,etf:159915.SZ
2024-02-27,1.999967,etf:159915.SZ
2024-02-28,1.949676,etf:159915.SZ
2024-02-29,2.014402,etf:159915.SZ
2024-03-01,2.0333040000000002,etf:159915.SZ
2024-03-04,2.045218,etf:159915.SZ
2024-03-05,2.043843,etf:159915.SZ
2024-03-06,2.042583,etf:159915.SZ
2024-03-07,1.9951560000000002,etf:159915.SZ
2024-03-08,2.014402,etf:159915.SZ
2024-03-11,2.1068499999999997,etf:159915.SZ
2024-03-12,2.124149,etf:159915.SZ
2024-03-13,2.112006,etf:159915.SZ
2024-03-14,2.098373,etf:159915.SZ
2024-03-15,2.099633,etf:159915.SZ
2024-03-18,2.1466019999999997,etf:159915.SZ
2024-03-19,2.124836,etf:159915.SZ
2024-03-20,2.127356,etf:159915.SZ
2024-03-21,2.113839,etf:159915.SZ
2024-03-22,2.0826789999999997,etf:159915.SZ
2024-03-25,2.0426979999999997,etf:159915.SZ
2024-03-26,2.051748,etf:159915.SZ
2024-03-27,1.9940099999999998,etf:159915.SZ
2024-03-28,2.013027,etf:159915.SZ
2024-03-29,2.0259720000000003,etf:159915.SZ
2024-04-01,2.085886,etf:159915.SZ
2024-04-02,2.072941,etf:159915.SZ
2024-04-03,2.050488,etf:159915.SZ
2024-04-08,2.013256,etf:159915.SZ
2024-04-09,2.036053,etf:159915.SZ
2024-04-10,1.994125,etf:159915.SZ
2024-04-11,1.985304,etf:159915.SZ
2024-04-12,1.963881,etf:159915.SZ
2024-04-15,2.000082,etf:159915.SZ
2024-04-16,1.960788,etf:159915.SZ
2024-04-17,2.0020290000000003,etf:159915.SZ
2024-04-18,1.9910320000000001,etf:159915.SZ
2024-04-19,1.956091,etf:159915.SZ
2024-04-22,1.950478,etf:159915.SZ
2024-04-23,1.9538,etf:159915.SZ
2024-04-24,1.967432,etf:159915.SZ
2024-04-25,1.966631,etf:159915.SZ
2024-04-26,2.032387,etf:159915.SZ
2024-04-29,2.103643,etf:159915.SZ
2024-04-30,2.080731,etf:159915.SZ
2024-05-06,2.121743,etf:159915.SZ
2024-05-07,2.118765,etf:159915.SZ
2024-05-08,2.088177,etf:159915.SZ
2024-05-09,2.1271269999999998,etf:159915.SZ
2024-05-10,2.1028409999999997,etf:159915.SZ
2024-05-13,2.0827929999999997,etf:159915.SZ
2024-05-14,2.0774090000000003,etf:159915.SZ
2024-05-15,2.059079,etf:159915.SZ
2024-05-16,2.065036,etf:159915.SZ
2024-05-17,2.088177,etf:159915.SZ
2024-05-20,2.100435,etf:159915.SZ
2024-05-21,2.084741,etf:159915.SZ
2024-05-22,2.103643,etf:159915.SZ
2024-05-23,2.0748889999999998,etf:159915.SZ
2024-05-24,2.0376570000000003,etf:159915.SZ
2024-05-27,2.051977,etf:159915.SZ
2024-05-28,2.02517,etf:159915.SZ
2024-05-29,2.0311269999999997,etf:159915.SZ
2024-05-30,2.034449,etf:159915.SZ
2024-05-31,2.026087,etf:159915.SZ
2024-06-03,2.042125,etf:159915.SZ
2024-06-04,2.0696190000000003,etf:159915.SZ
2024-06-05,2.058392,etf:159915.SZ
2024-06-06,2.044874,etf:159915.SZ
2024-06-07,2.000884,etf:159915.SZ
2024-06-11,2.007872,etf:159915.SZ
2024-06-12,1.998936,etf:159915.SZ
2024-06-13,1.998822,etf:159915.SZ
2024-06-14,2.011767,etf:159915.SZ
2024-06-17,2.028263,etf:159915.SZ
2024-06-18,2.034106,etf:159915.SZ
2024-06-19,2.008903,etf:159915.SZ
2024-06-20,1.979919,etf:159915.SZ
2024-06-21,1.9723579999999998,etf:159915.SZ
2024-06-24,1.944864,etf:159915.SZ
2024-06-25,1.90958,etf:159915.SZ
2024-06-26,1.9444059999999999,etf:159915.SZ
2024-06-27,1.913933,etf:159915.SZ
2024-06-28,1.891709,etf:159915.SZ
2024-06-30,1.891709,etf:159915.SZ
2024-07-01,1.891022,etf:159915.SZ
2024-07-02,1.871203,etf:159915.SZ
2024-07-03,1.865933,etf:159915.SZ
2024-07-04,1.851384,etf:159915.SZ
2024-07-05,1.860893,etf:159915.SZ
2024-07-08,1.830649,etf:159915.SZ
2024-07-09,1.8571119999999999,etf:159915.SZ
2024-07-10,1.856081,etf:159915.SZ
2024-07-11,1.8942290000000002,etf:159915.SZ
2024-07-12,1.892855,etf:159915.SZ
2024-07-15,1.8808259999999999,etf:159915.SZ
2024-07-16,1.906945,etf:159915.SZ
2024-07-17,1.90706,etf:159915.SZ
2024-07-18,1.930888,etf:159915.SZ
2024-07-19,1.939595,etf:159915.SZ
2024-07-22,1.937762,etf:159915.SZ
2024-07-23,1.8787639999999999,etf:159915.SZ
2024-07-24,1.855738,etf:159915.SZ
2024-07-25,1.8485200000000002,etf:159915.SZ
2024-07-26,1.865361,etf:159915.SZ
2024-07-29,1.8384390000000002,etf:159915.SZ
2024-07-30,1.83317,etf:159915.SZ
2024-07-31,1.897322,etf:159915.SZ
2024-08-01,1.872463,etf:159915.SZ
2024-08-02,1.841303,etf:159915.SZ
2024-08-05,1.8063630000000002,etf:159915.SZ
2024-08-06,1.828816,etf:159915.SZ
2024-08-07,1.8209119999999999,etf:159915.SZ
2024-08-08,1.811747,etf:159915.SZ
2024-08-09,1.793876,etf:159915.SZ
2024-08-12,1.790095,etf:159915.SZ
2024-08-13,1.8067060000000001,etf:159915.SZ
2024-08-14,1.780931,etf:159915.SZ
2024-08-15,1.7903250000000002,etf:159915.SZ
2024-08-16,1.78895,etf:159915.SZ
2024-08-19,1.78643,etf:159915.SZ
2024-08-20,1.762372,etf:159915.SZ
2024-08-21,1.7517179999999999,etf:159915.SZ
2024-08-22,1.738315,etf:159915.SZ
2024-08-23,1.738659,etf:159915.SZ
2024-08-26,1.7367110000000001,etf:159915.SZ
2024-08-27,1.720329,etf:159915.SZ
2024-08-28,1.721131,etf:159915.SZ
2024-08-29,1.732243,etf:159915.SZ
2024-08-30,1.776119,etf:159915.SZ
2024-09-02,1.727088,etf:159915.SZ
2024-09-03,1.7488540000000001,etf:159915.SZ
2024-09-04,1.746907,etf:159915.SZ
2024-09-05,1.758248,etf:159915.SZ
2024-09-06,1.728234,etf:159915.SZ
2024-09-09,1.730869,etf:159915.SZ
2024-09-10,1.7319,etf:159915.SZ
2024-09-11,1.7526350000000002,etf:159915.SZ
2024-09-12,1.745188,etf:159915.SZ
2024-09-13,1.726515,etf:159915.SZ
2024-09-18,1.724453,etf:159915.SZ
2024-09-19,1.7390020000000002,etf:159915.SZ
2024-09-20,1.728005,etf:159915.SZ
2024-09-23,1.721131,etf:159915.SZ
2024-09-24,1.816444,etf:159915.SZ
2024-09-25,1.8458860000000001,etf:159915.SZ
2024-09-26,1.927681,etf:159915.SZ
2024-09-27,2.120368,etf:159915.SZ
2024-09-30,2.446059,etf:159915.SZ
2024-10-08,2.867635,etf:159915.SZ
2024-10-09,2.563482,etf:159915.SZ
2024-10-10,2.488102,etf:159915.SZ
2024-10-11,2.362087,etf:159915.SZ
2024-10-14,2.4232620000000002,etf:159915.SZ
2024-10-15,2.345247,etf:159915.SZ
2024-10-16,2.2934669999999997,etf:159915.SZ
2024-10-17,2.2862489999999998,etf:159915.SZ
2024-10-18,2.467825,etf:159915.SZ
2024-10-21,2.4847799999999998,etf:159915.SZ
2024-10-22,2.492112,etf:159915.SZ
2024-10-23,2.478937,etf:159915.SZ
2024-10-24,2.4449129999999997,etf:159915.SZ
2024-10-25,2.5165129999999998,etf:159915.SZ
2024-10-28,2.5054,etf:159915.SZ
2024-10-29,2.44709,etf:159915.SZ
2024-10-30,2.418107,etf:159915.SZ
2024-10-31,2.4326559999999997,etf:159915.SZ
2024-11-01,2.386832,etf:159915.SZ
2024-11-04,2.456598,etf:159915.SZ
2024-11-05,2.573219,etf:159915.SZ
2024-11-06,2.546183,etf:159915.SZ
2024-11-07,2.6420690000000002,etf:159915.SZ
2024-11-08,2.609305,etf:159915.SZ
2024-11-11,2.688694,etf:159915.SZ
2024-11-12,2.686747,etf:159915.SZ
2024-11-13,2.716303,etf:159915.SZ
2024-11-14,2.6238539999999997,etf:159915.SZ
2024-11-15,2.52121,etf:159915.SZ
2024-11-18,2.462555,etf:159915.SZ
2024-11-19,2.5362169999999997,etf:159915.SZ
2024-11-20,2.548818,etf:159915.SZ
2024-11-21,2.546527,etf:159915.SZ
2024-11-22,2.4450279999999998,etf:159915.SZ
2024-11-25,2.4445699999999997,etf:159915.SZ
2024-11-26,2.416274,etf:159915.SZ
2024-11-27,2.48226,etf:159915.SZ
2024-11-28,2.438498,etf:159915.SZ
2024-11-29,2.499329,etf:159915.SZ
2024-12-02,2.5346130000000002,etf:159915.SZ
2024-12-03,2.523386,etf:159915.SZ
2024-12-04,2.4873000000000003,etf:159915.SZ
2024-12-05,2.49635,etf:159915.SZ
2024-12-06,2.547558,etf:159915.SZ
2024-12-09,2.5268230000000003,etf:159915.SZ
2024-12-10,2.544121,etf:159915.SZ
2024-12-11,2.541372,etf:159915.SZ
2024-12-12,2.575854,etf:159915.SZ
2024-12-13,2.5111280000000002,etf:159915.SZ
2024-12-16,2.473095,etf:159915.SZ
2024-12-17,2.4727509999999997,etf:159915.SZ
2024-12-18,2.473782,etf:159915.SZ
2024-12-19,2.486613,etf:159915.SZ
2024-12-20,2.482145,etf:159915.SZ
2024-12-23,2.457744,etf:159915.SZ
2024-12-24,2.486498,etf:159915.SZ
2024-12-25,2.472866,etf:159915.SZ
2024-12-26,2.482489,etf:159915.SZ
2024-12-27,2.4768749999999997,etf:159915.SZ
2024-12-30,2.478365,etf:159915.SZ
2024-12-31,2.405734,etf:159915.SZ
2025-01-02,2.314546,etf:159915.SZ
2025-01-03,2.2644830000000002,etf:159915.SZ
2025-01-06,2.262536,etf:159915.SZ
2025-01-07,2.278345,etf:159915.SZ
2025-01-08,2.256006,etf:159915.SZ
2025-01-09,2.258526,etf:159915.SZ
2025-01-10,2.21866,etf:159915.SZ
2025-01-13,2.226679,etf:159915.SZ
2025-01-14,2.3315,etf:159915.SZ
2025-01-15,2.288999,etf:159915.SZ
2025-01-16,2.304006,etf:159915.SZ
2025-01-17,2.321992,etf:159915.SZ
2025-01-20,2.3639200000000002,etf:159915.SZ
2025-01-21,2.372512,etf:159915.SZ
2025-01-22,2.3596820000000003,etf:159915.SZ
2025-01-23,2.350975,etf:159915.SZ
2025-01-24,2.3853429999999998,etf:159915.SZ
2025-01-27,2.320044,etf:159915.SZ
2025-02-05,2.318899,etf:159915.SZ
2025-02-06,2.383854,etf:159915.SZ
2025-02-07,2.444111,etf:159915.SZ
2025-02-10,2.454765,etf:159915.SZ
2025-02-11,2.4197100000000002,etf:159915.SZ
2025-02-12,2.4635860000000003,etf:159915.SZ
2025-02-13,2.445944,etf:159915.SZ
2025-02-14,2.489935,etf:159915.SZ
2025-02-17,2.502536,etf:159915.SZ
2025-02-18,2.452933,etf:159915.SZ
2025-02-19,2.50288,etf:159915.SZ
2025-02-20,2.501276,etf:159915.SZ
2025-02-21,2.5640549999999998,etf:159915.SZ
2025-02-24,2.5468710000000003,etf:159915.SZ
2025-02-25,2.518002,etf:159915.SZ
2025-02-26,2.549047,etf:159915.SZ
2025-02-27,2.535873,etf:159915.SZ
2025-02-28,2.439071,etf:159915.SZ
2025-03-03,2.468398,etf:159915.SZ
2025-03-04,2.4610659999999998,etf:159915.SZ
2025-03-05,2.46141,etf:159915.SZ
2025-03-06,2.511243,etf:159915.SZ
2025-03-07,2.478135,etf:159915.SZ
2025-03-10,2.471949,etf:159915.SZ
2025-03-11,2.4766459999999997,etf:159915.SZ
2025-03-12,2.462326,etf:159915.SZ
2025-03-13,2.433916,etf:159915.SZ
2025-03-14,2.502078,etf:159915.SZ
2025-03-17,2.489019,etf:159915.SZ
2025-03-18,2.50414,etf:159915.SZ
2025-03-19,2.497152,etf:159915.SZ
2025-03-20,2.472064,etf:159915.SZ
2025-03-21,2.418336,etf:159915.SZ
2025-03-24,2.418565,etf:159915.SZ
2025-03-25,2.41066,etf:159915.SZ
2025-03-26,2.40436,etf:159915.SZ
2025-03-27,2.410202,etf:159915.SZ
2025-03-28,2.3916440000000003,etf:159915.SZ
2025-03-31,2.3640350000000003,etf:159915.SZ
2025-04-01,2.361973,etf:159915.SZ
2025-04-02,2.3650659999999997,etf:159915.SZ
2025-04-03,2.320961,etf:159915.SZ
2025-04-07,2.0310129999999997,etf:159915.SZ
2025-04-08,2.068244,etf:159915.SZ
2025-04-09,2.088521,etf:159915.SZ
2025-04-10,2.135834,etf:159915.SZ
2025-04-11,2.165161,etf:159915.SZ
2025-04-14,2.1724930000000002,etf:159915.SZ
2025-04-15,2.169629,etf:159915.SZ
2025-04-16,2.143967,etf:159915.SZ
2025-04-17,2.1458,etf:159915.SZ
2025-04-18,2.151643,etf:159915.SZ
2025-04-21,2.185781,etf:159915.SZ
2025-04-22,2.1766170000000002,etf:159915.SZ
2025-04-23,2.200101,etf:159915.SZ
2025-04-24,2.1850940000000003,etf:159915.SZ
2025-04-25,2.19781,etf:159915.SZ
2025-04-28,2.183376,etf:159915.SZ
2025-04-29,2.180626,etf:159915.SZ
2025-04-30,2.199414,etf:159915.SZ
2025-05-06,2.242603,etf:159915.SZ
2025-05-07,2.2540579999999997,etf:159915.SZ
2025-05-08,2.291176,etf:159915.SZ
2025-05-09,2.271242,etf:159915.SZ
2025-05-12,2.330927,etf:159915.SZ
2025-05-13,2.3281780000000003,etf:159915.SZ
2025-05-14,2.3516630000000003,etf:159915.SZ
2025-05-15,2.306756,etf:159915.SZ
2025-05-16,2.302402,etf:159915.SZ
2025-05-19,2.2953,etf:159915.SZ
2025-05-20,2.313056,etf:159915.SZ
2025-05-21,2.332417,etf:159915.SZ
2025-05-22,2.310192,etf:159915.SZ
2025-05-23,2.283615,etf:159915.SZ
2025-05-26,2.266545,etf:159915.SZ
2025-05-27,2.251424,etf:159915.SZ
2025-05-28,2.245237,etf:159915.SZ
2025-05-29,2.27697,etf:159915.SZ
2025-05-30,2.255891,etf:159915.SZ
2025-06-03,2.266545,etf:159915.SZ
2025-06-04,2.2920920000000002,etf:159915.SZ
2025-06-05,2.318899,etf:159915.SZ
2025-06-06,2.309047,etf:159915.SZ
2025-06-09,2.334021,etf:159915.SZ
2025-06-10,2.306985,etf:159915.SZ
2025-06-11,2.335281,etf:159915.SZ
2025-06-12,2.3415809999999997,etf:159915.SZ
2025-06-13,2.316493,etf:159915.SZ
2025-06-16,2.331615,etf:159915.SZ
2025-06-17,2.323367,etf:159915.SZ
2025-06-18,2.3294379999999997,etf:159915.SZ
2025-06-19,2.298049,etf:159915.SZ
2025-06-20,2.279147,etf:159915.SZ
2025-06-23,2.287853,etf:159915.SZ
2025-06-24,2.340779,etf:159915.SZ
2025-06-25,2.413983,etf:159915.SZ
2025-06-26,2.398173,etf:159915.SZ
2025-06-27,2.4093999999999998,etf:159915.SZ
2025-06-30,2.442049,etf:159915.SZ
2025-07-01,2.436321,etf:159915.SZ
2025-07-02,2.408827,etf:159915.SZ
2025-07-03,2.454651,etf:159915.SZ
2025-07-04,2.445944,etf:159915.SZ
2025-07-07,2.416388,etf:159915.SZ
2025-07-08,2.474126,etf:159915.SZ
2025-07-09,2.47825,etf:159915.SZ
2025-07-10,2.483749,etf:159915.SZ
2025-07-11,2.503797,etf:159915.SZ
2025-07-14,2.492455,etf:159915.SZ
2025-07-15,2.535529,etf:159915.SZ
2025-07-16,2.530031,etf:159915.SZ
2025-07-17,2.574479,etf:159915.SZ
2025-07-18,2.583415,etf:159915.SZ
2025-07-21,2.605639,etf:159915.SZ
2025-07-22,2.621334,etf:159915.SZ
2025-07-23,2.62099,etf:159915.SZ
2025-07-24,2.6595969999999998,etf:159915.SZ
2025-07-25,2.6549,etf:159915.SZ
2025-07-28,2.680561,etf:159915.SZ
2025-07-29,2.730394,etf:159915.SZ
2025-07-30,2.686289,etf:159915.SZ
2025-07-31,2.641611,etf:159915.SZ
2025-08-01,2.635081,etf:159915.SZ
2025-08-04,2.648255,etf:159915.SZ
2025-08-05,2.659253,etf:159915.SZ
2025-08-06,2.677009,etf:159915.SZ
2025-08-07,2.658795,etf:159915.SZ
2025-08-08,2.648713,etf:159915.SZ
2025-08-11,2.700723,etf:159915.SZ
2025-08-12,2.73406,etf:159915.SZ
2025-08-13,2.831778,etf:159915.SZ
2025-08-14,2.801993,etf:159915.SZ
2025-08-15,2.876227,etf:159915.SZ
2025-08-18,2.9577929999999997,etf:159915.SZ
2025-08-19,2.9527520000000003,etf:159915.SZ
2025-08-20,2.961344,etf:159915.SZ
2025-08-21,2.947483,etf:159915.SZ
2025-08-22,3.046347,etf:159915.SZ
2025-08-25,3.13765,etf:159915.SZ
2025-08-26,3.113937,etf:159915.SZ
2025-08-27,3.0924,etf:159915.SZ
2025-08-28,3.210281,etf:159915.SZ
2025-08-29,3.281651,etf:159915.SZ
2025-09-01,3.357259,etf:159915.SZ
2025-09-02,3.261488,etf:159915.SZ
2025-09-03,3.292419,etf:159915.SZ
2025-09-04,3.152314,etf:159915.SZ
2025-09-05,3.359322,etf:159915.SZ
2025-09-08,3.331026,etf:159915.SZ
2025-09-09,3.256791,etf:159915.SZ
2025-09-10,3.298262,etf:159915.SZ
2025-09-11,3.468152,etf:159915.SZ
2025-09-12,3.430233,etf:159915.SZ
2025-09-15,3.482129,etf:159915.SZ
2025-09-16,3.505842,etf:159915.SZ
2025-09-17,3.574692,etf:159915.SZ
2025-09-18,3.517069,etf:159915.SZ
2025-09-19,3.512372,etf:159915.SZ
2025-09-22,3.531618,etf:159915.SZ
2025-09-23,3.539408,etf:159915.SZ
2025-09-24,3.620057,etf:159915.SZ
2025-09-25,3.677337,etf:159915.SZ
2025-09-26,3.58168,etf:159915.SZ
2025-09-29,3.680315,etf:159915.SZ
2025-09-30,3.68043,etf:159915.SZ
2025-10-09,3.707237,etf:159915.SZ
2025-10-10,3.539064,etf:159915.SZ
2025-10-13,3.500916,etf:159915.SZ
2025-10-14,3.361956,etf:159915.SZ
2025-10-15,3.440887,etf:159915.SZ
2025-10-16,3.454176,etf:159915.SZ
2025-10-17,3.339045,etf:159915.SZ
2025-10-20,3.404229,etf:159915.SZ
2025-10-21,3.506873,etf:159915.SZ
2025-10-22,3.47915,etf:159915.SZ
2025-10-23,3.482472,etf:159915.SZ
2025-10-24,3.606883,etf:159915.SZ
2025-10-27,3.678482,etf:159915.SZ
2025-10-28,3.673098,etf:159915.SZ
2025-10-29,3.780898,etf:159915.SZ
2025-10-30,3.711132,etf:159915.SZ
2025-10-31,3.625098,etf:159915.SZ
2025-11-03,3.636897,etf:159915.SZ
2025-11-04,3.565642,etf:159915.SZ
2025-11-05,3.602186,etf:159915.SZ
2025-11-06,3.669203,etf:159915.SZ
2025-11-07,3.650415,etf:159915.SZ
2025-11-10,3.616964,etf:159915.SZ
2025-11-11,3.566329,etf:159915.SZ
2025-11-12,3.55304,etf:159915.SZ
2025-11-13,3.643771,etf:159915.SZ
2025-11-14,3.541126,etf:159915.SZ
2025-11-17,3.534138,etf:159915.SZ
2025-11-18,3.493241,etf:159915.SZ
2025-11-19,3.501947,etf:159915.SZ
2025-11-20,3.462997,etf:159915.SZ
2025-11-21,3.323923,etf:159915.SZ
2025-11-24,3.334462,etf:159915.SZ
2025-11-25,3.393689,etf:159915.SZ
2025-11-26,3.466205,etf:159915.SZ
2025-11-27,3.451083,etf:159915.SZ
2025-11-28,3.475599,etf:159915.SZ
2025-12-01,3.521079,etf:159915.SZ
2025-12-02,3.496792,etf:159915.SZ
2025-12-03,3.457728,etf:159915.SZ
2025-12-04,3.492553,etf:159915.SZ
2025-12-05,3.540095,etf:159915.SZ
2025-12-08,3.63243,etf:159915.SZ
2025-12-09,3.65454,etf:159915.SZ
2025-12-10,3.654081,etf:159915.SZ
2025-12-11,3.603332,etf:159915.SZ
2025-12-12,3.639991,etf:159915.SZ
2025-12-15,3.576067,etf:159915.SZ
2025-12-16,3.501031,etf:159915.SZ
2025-12-17,3.619714,etf:159915.SZ
2025-12-18,3.541355,etf:159915.SZ
2025-12-19,3.558768,etf:159915.SZ
2025-12-22,3.638272,etf:159915.SZ
2025-12-23,3.653394,etf:159915.SZ
2025-12-24,3.681461,etf:159915.SZ
2025-12-25,3.692688,etf:159915.SZ
2025-12-26,3.697957,etf:159915.SZ
2025-12-29,3.674015,etf:159915.SZ
2025-12-30,3.69727,etf:159915.SZ
2025-12-31,3.652134,etf:159915.SZ
2026-01-05,3.756726,etf:159915.SZ
2026-01-06,3.784907,etf:159915.SZ
2026-01-07,3.796936,etf:159915.SZ
2026-01-08,3.765891,etf:159915.SZ
2026-01-09,3.795218,etf:159915.SZ
2026-01-12,3.864755,etf:159915.SZ
2026-01-13,3.788917,etf:159915.SZ
2026-01-14,3.820077,etf:159915.SZ
2026-01-15,3.841843,etf:159915.SZ
2026-01-16,3.834282,etf:159915.SZ
2026-01-19,3.807705,etf:159915.SZ
2026-01-20,3.739657,etf:159915.SZ
2026-01-21,3.759819,etf:159915.SZ
2026-01-22,3.797509,etf:159915.SZ
2026-01-23,3.821223,etf:159915.SZ
2026-01-26,3.787313,etf:159915.SZ
2026-01-27,3.814005,etf:159915.SZ
2026-01-28,3.792697,etf:159915.SZ
2026-01-29,3.770931,etf:159915.SZ
2026-01-30,3.818702,etf:159915.SZ
2026-02-02,3.725108,etf:159915.SZ
2026-02-03,3.79453,etf:159915.SZ
2026-02-04,3.779409,etf:159915.SZ
2026-02-05,3.720984,etf:159915.SZ
2026-02-06,3.693948,etf:159915.SZ
2026-02-09,3.803924,etf:159915.SZ
2026-02-10,3.790635,etf:159915.SZ
2026-02-11,3.750082,etf:159915.SZ
2026-02-12,3.799915,etf:159915.SZ
2026-02-13,3.741375,etf:159915.SZ
2026-02-24,3.778836,etf:159915.SZ
2026-02-25,3.831876,etf:159915.SZ
2026-02-26,3.82065,etf:159915.SZ
2026-02-27,3.781127,etf:159915.SZ
2026-03-02,3.763256,etf:159915.SZ
2026-03-03,3.666225,etf:159915.SZ
2026-03-04,3.614673,etf:159915.SZ
2026-03-05,3.674702,etf:159915.SZ
2026-03-06,3.688678,etf:159915.SZ
2026-03-09,3.665308,etf:159915.SZ
2026-03-10,3.776888,etf:159915.SZ
2026-03-11,3.826378,etf:159915.SZ
2026-03-12,3.789948,etf:159915.SZ
2026-03-13,3.781814,etf:159915.SZ
2026-03-16,3.836001,etf:159915.SZ
2026-03-17,3.748592,etf:159915.SZ
2026-03-18,3.82443,etf:159915.SZ
2026-03-19,3.781814,etf:159915.SZ
2026-03-20,3.830616,etf:159915.SZ
2026-03-23,3.696812,etf:159915.SZ
2026-03-24,3.715485,etf:159915.SZ
2026-03-25,3.790292,etf:159915.SZ
2026-03-26,3.739198,etf:159915.SZ
2026-03-27,3.766005,etf:159915.SZ
2026-03-30,3.740344,etf:159915.SZ
2026-03-31,3.639418,etf:159915.SZ
2026-04-01,3.710902,etf:159915.SZ
2026-04-02,3.625327,etf:159915.SZ
2026-04-03,3.599322,etf:159915.SZ
2026-04-07,3.612382,etf:159915.SZ
2026-04-08,3.825461,etf:159915.SZ
2026-04-09,3.797738,etf:159915.SZ
2026-04-10,3.941967,etf:159915.SZ
2026-04-13,3.973815,etf:159915.SZ
2026-04-14,4.0676380000000005,etf:159915.SZ
2026-04-15,4.019295,etf:159915.SZ
2026-04-16,4.146799,etf:159915.SZ
2026-04-17,4.206025,etf:159915.SZ
2026-04-20,4.204651,etf:159915.SZ
2026-04-21,4.219085,etf:159915.SZ
2026-04-22,4.303515,etf:159915.SZ
2026-04-23,4.266742,etf:159915.SZ
2026-04-24,4.206713000000001,etf:159915.SZ
2026-04-27,4.189071,etf:159915.SZ
2026-04-28,4.129614999999999,etf:159915.SZ
2026-04-29,4.2338629999999995,etf:159915.SZ
2026-04-30,4.223209000000001,etf:159915.SZ
2026-05-06,4.339372,etf:159915.SZ
2026-05-07,4.402379,etf:159915.SZ
2026-05-08,4.360222,etf:159915.SZ
2026-05-11,4.512699,etf:159915.SZ
2026-05-12,4.5204889999999995,etf:159915.SZ
2026-05-13,4.6392869999999995,etf:159915.SZ
2026-05-14,4.539162,etf:159915.SZ
2026-05-15,4.513845,etf:159915.SZ
2026-05-18,4.497692,etf:159915.SZ
2026-05-19,4.490589,etf:159915.SZ
2026-05-20,4.50594,etf:159915.SZ
2026-05-21,4.400316999999999,etf:159915.SZ
2026-05-22,4.52553,etf:159915.SZ
2026-05-25,4.620614,etf:159915.SZ
2026-05-26,4.646046,etf:159915.SZ
2026-05-27,4.649368,etf:159915.SZ
2026-05-28,4.741244,etf:159915.SZ
2026-05-29,4.641692,etf:159915.SZ
2026-06-01,4.542026,etf:159915.SZ
2026-06-02,4.662771,etf:159915.SZ
2026-06-03,4.740098,etf:159915.SZ
2026-06-04,4.70218,etf:159915.SZ
2026-06-05,4.551191,etf:159915.SZ
2026-06-08,4.383362,etf:159915.SZ
2026-06-09,4.556346,etf:159915.SZ
2026-06-10,4.433883,etf:159915.SZ
2026-06-11,4.3853100000000005,etf:159915.SZ
2026-06-12,4.404785,etf:159915.SZ
2026-06-15,4.635621,etf:159915.SZ
2026-06-16,4.714551999999999,etf:159915.SZ
2026-06-17,4.788671,etf:159915.SZ
2026-06-18,4.887077,etf:159915.SZ
2026-06-22,5.010457,etf:159915.SZ
2026-06-23,4.818686,etf:159915.SZ
2026-06-24,4.88765,etf:159915.SZ
2026-06-25,5.026725,etf:159915.SZ
2026-06-26,4.822581,etf:159915.SZ
2026-06-29,4.849158,etf:159915.SZ
2026-06-30,4.994534,etf:159915.SZ
2026-07-01,4.900137,etf:159915.SZ
2026-07-02,4.6200410000000005,etf:159915.SZ
2026-07-03,4.62279,etf:159915.SZ
2026-07-06,4.5399639999999994,etf:159915.SZ
2026-07-07,4.499983,etf:159915.SZ
2026-07-08,4.4249469999999995,etf:159915.SZ
2026-07-09,4.62279,etf:159915.SZ
2026-07-10,4.422542,etf:159915.SZ
2026-07-13,4.288164,etf:159915.SZ
2026-07-14,4.43457,etf:159915.SZ
2026-07-15,4.38279,etf:159915.SZ
2026-07-16,4.254484,etf:159915.SZ
2026-07-17,3.95308,etf:159915.SZ
2026-07-20,3.970378,etf:159915.SZ
2026-07-21,4.249558,etf:159915.SZ
2026-07-22,4.11266,etf:159915.SZ
2026-07-23,4.1229700000000005,etf:159915.SZ
2026-07-24,4.014139999999999,etf:159915.SZ
2026-07-27,4.140842,etf:159915.SZ
2026-07-28,3.837719,etf:159915.SZ
2026-07-29,3.897175,etf:159915.SZ
2026-07-30,3.742292,etf:159915.SZ
2026-07-31,3.856621,etf:159915.SZ
2026-08-03,3.809194,etf:159915.SZ
2026-08-04,4.023762,etf:159915.SZ
2026-08-05,4.07623,etf:159915.SZ
2026-08-06,4.053548,etf:159915.SZ
2026-08-07,4.107963,etf:159915.SZ
2026-08-10,4.074168,etf:159915.SZ
2026-08-11,4.087915000000001,etf:159915.SZ
2026-08-12,4.148746,etf:159915.SZ
2023-08-14,2164.69,benchmark:399006
2023-08-15,2148.67,benchmark:399006
2023-08-16,2132.97,benchmark:399006
2023-08-17,2147.06,benchmark:399006
2023-08-18,2118.92,benchmark:399006
2023-08-21,2084.97,benchmark:399006
2023-08-22,2086.94,benchmark:399006
2023-08-23,2038.98,benchmark:399006
2023-08-24,2064.57,benchmark:399006
2023-08-25,2040.4,benchmark:399006
2023-08-28,2060.04,benchmark:399006
2023-08-29,2118.19,benchmark:399006
2023-08-30,2117.13,benchmark:399006
2023-08-31,2102.58,benchmark:399006
2023-09-01,2100.26,benchmark:399006
2023-09-04,2118.03,benchmark:399006
2023-09-05,2111.33,benchmark:399006
2023-09-06,2101.4,benchmark:399006
2023-09-07,2056.98,benchmark:399006
2023-09-08,2049.77,benchmark:399006
2023-09-11,2063.19,benchmark:399006
2023-09-12,2051.04,benchmark:399006
2023-09-13,2027.73,benchmark:399006
2023-09-14,2011.88,benchmark:399006
2023-09-15,2002.73,benchmark:399006
2023-09-18,2020.47,benchmark:399006
2023-09-19,2002.66,benchmark:399006
2023-09-20,1987.3,benchmark:399006
2023-09-21,1967.61,benchmark:399006
2023-09-22,2013.34,benchmark:399006
2023-09-25,2005.26,benchmark:399006
2023-09-26,1989.83,benchmark:399006
2023-09-27,2006.22,benchmark:399006
2023-09-28,2003.91,benchmark:399006
2023-10-09,1998.61,benchmark:399006
2023-10-10,1987.94,benchmark:399006
2023-10-11,2003.9,benchmark:399006
2023-10-12,2019.1,benchmark:399006
2023-10-13,1996.6,benchmark:399006
2023-10-16,1956.72,benchmark:399006
2023-10-17,1961.89,benchmark:399006
2023-10-18,1938.44,benchmark:399006
2023-10-19,1913.7,benchmark:399006
2023-10-20,1896.95,benchmark:399006
2023-10-23,1864.91,benchmark:399006
2023-10-24,1880.81,benchmark:399006
2023-10-25,1863.8,benchmark:399006
2023-10-26,1875.86,benchmark:399006
2023-10-27,1929.91,benchmark:399006
2023-10-30,1977.69,benchmark:399006
2023-10-31,1968.23,benchmark:399006
2023-11-01,1959.13,benchmark:399006
2023-11-02,1939.7,benchmark:399006
2023-11-03,1968.21,benchmark:399006
2023-11-06,2032.34,benchmark:399006
2023-11-07,2022.77,benchmark:399006
2023-11-08,2023.13,benchmark:399006
2023-11-09,2018.38,benchmark:399006
2023-11-10,2005.24,benchmark:399006
2023-11-13,2009.21,benchmark:399006
2023-11-14,2004.81,benchmark:399006
2023-11-15,2015.36,benchmark:399006
2023-11-16,1978.12,benchmark:399006
2023-11-17,1986.53,benchmark:399006
2023-11-20,1992.97,benchmark:399006
2023-11-21,1984.27,benchmark:399006
2023-11-22,1950.01,benchmark:399006
2023-11-23,1961.35,benchmark:399006
2023-11-24,1937.94,benchmark:399006
2023-11-27,1926.2,benchmark:399006
2023-11-28,1938.42,benchmark:399006
2023-11-29,1917.9,benchmark:399006
2023-11-30,1922.59,benchmark:399006
2023-12-01,1926.28,benchmark:399006
2023-12-04,1908.92,benchmark:399006
2023-12-05,1871.1,benchmark:399006
2023-12-06,1881.94,benchmark:399006
2023-12-07,1877.21,benchmark:399006
2023-12-08,1892.18,benchmark:399006
2023-12-11,1915.74,benchmark:399006
2023-12-12,1903.87,benchmark:399006
2023-12-13,1872.34,benchmark:399006
2023-12-14,1860.51,benchmark:399006
2023-12-15,1848.5,benchmark:399006
2023-12-18,1820.0,benchmark:399006
2023-12-19,1827.67,benchmark:399006
2023-12-20,1802.88,benchmark:399006
2023-12-21,1832.62,benchmark:399006
2023-12-22,1825.84,benchmark:399006
2023-12-25,1831.57,benchmark:399006
2023-12-26,1808.5,benchmark:399006
2023-12-27,1809.83,benchmark:399006
2023-12-28,1879.5,benchmark:399006
2023-12-29,1891.37,benchmark:399006
2024-01-02,1855.92,benchmark:399006
2024-01-03,1834.73,benchmark:399006
2024-01-04,1801.76,benchmark:399006
2024-01-05,1775.58,benchmark:399006
2024-01-08,1744.41,benchmark:399006
2024-01-09,1750.78,benchmark:399006
2024-01-10,1743.2,benchmark:399006
2024-01-11,1777.27,benchmark:399006
2024-01-12,1761.16,benchmark:399006
2024-01-15,1745.61,benchmark:399006
2024-01-16,1752.23,benchmark:399006
2024-01-17,1699.62,benchmark:399006
2024-01-18,1732.36,benchmark:399006
2024-01-19,1715.44,benchmark:399006
2024-01-22,1666.88,benchmark:399006
2024-01-23,1687.61,benchmark:399006
2024-01-24,1696.19,benchmark:399006
2024-01-25,1720.78,benchmark:399006
2024-01-26,1682.48,benchmark:399006
2024-01-29,1623.81,benchmark:399006
2024-01-30,1583.77,benchmark:399006
2024-01-31,1573.37,benchmark:399006
2024-02-01,1589.04,benchmark:399006
2024-02-02,1550.37,benchmark:399006
2024-02-05,1562.61,benchmark:399006
2024-02-06,1667.45,benchmark:399006
2024-02-07,1707.02,benchmark:399006
2024-02-08,1726.86,benchmark:399006
2024-02-19,1746.42,benchmark:399006
2024-02-20,1746.18,benchmark:399006
2024-02-21,1752.48,benchmark:399006
2024-02-22,1757.87,benchmark:399006
2024-02-23,1758.19,benchmark:399006
2024-02-26,1751.7,benchmark:399006
2024-02-27,1793.98,benchmark:399006
2024-02-28,1748.97,benchmark:399006
2024-02-29,1807.03,benchmark:399006
2024-03-01,1824.03,benchmark:399006
2024-03-04,1834.83,benchmark:399006
2024-03-05,1833.66,benchmark:399006
2024-03-06,1832.58,benchmark:399006
2024-03-07,1789.94,benchmark:399006
2024-03-08,1807.29,benchmark:399006
2024-03-11,1890.41,benchmark:399006
2024-03-12,1906.04,benchmark:399006
2024-03-13,1895.15,benchmark:399006
2024-03-14,1883.02,benchmark:399006
2024-03-15,1884.09,benchmark:399006
2024-03-18,1926.4,benchmark:399006
2024-03-19,1906.94,benchmark:399006
2024-03-20,1909.25,benchmark:399006
2024-03-21,1897.09,benchmark:399006
2024-03-22,1869.17,benchmark:399006
2024-03-25,1833.44,benchmark:399006
2024-03-26,1841.54,benchmark:399006
2024-03-27,1789.82,benchmark:399006
2024-03-28,1806.9,benchmark:399006
2024-03-29,1818.2,benchmark:399006
2024-04-01,1872.12,benchmark:399006
2024-04-02,1860.49,benchmark:399006
2024-04-03,1840.41,benchmark:399006
2024-04-08,1807.05,benchmark:399006
2024-04-09,1827.58,benchmark:399006
2024-04-10,1789.94,benchmark:399006
2024-04-11,1782.09,benchmark:399006
2024-04-12,1762.88,benchmark:399006
2024-04-15,1795.52,benchmark:399006
2024-04-16,1760.2,benchmark:399006
2024-04-17,1797.31,benchmark:399006
2024-04-18,1787.49,benchmark:399006
2024-04-19,1756.0,benchmark:399006
2024-04-22,1750.46,benchmark:399006
2024-04-23,1753.16,benchmark:399006
2024-04-24,1765.41,benchmark:399006
2024-04-25,1764.73,benchmark:399006
2024-04-26,1823.74,benchmark:399006
2024-04-29,1887.57,benchmark:399006
2024-04-30,1858.39,benchmark:399006
2024-05-06,1895.21,benchmark:399006
2024-05-07,1892.54,benchmark:399006
2024-05-08,1865.11,benchmark:399006
2024-05-09,1900.01,benchmark:399006
2024-05-10,1878.17,benchmark:399006
2024-05-13,1860.37,benchmark:399006
2024-05-14,1855.6,benchmark:399006
2024-05-15,1838.89,benchmark:399006
2024-05-16,1844.21,benchmark:399006
2024-05-17,1864.94,benchmark:399006
2024-05-20,1875.93,benchmark:399006
2024-05-21,1861.48,benchmark:399006
2024-05-22,1877.93,benchmark:399006
2024-05-23,1852.07,benchmark:399006
2024-05-24,1818.56,benchmark:399006
2024-05-27,1830.96,benchmark:399006
2024-05-28,1806.25,benchmark:399006
2024-05-29,1811.07,benchmark:399006
2024-05-30,1813.15,benchmark:399006
2024-05-31,1805.11,benchmark:399006
2024-06-03,1819.46,benchmark:399006
2024-06-04,1843.59,benchmark:399006
2024-06-05,1833.55,benchmark:399006
2024-06-06,1820.45,benchmark:399006
2024-06-07,1781.07,benchmark:399006
2024-06-11,1787.3,benchmark:399006
2024-06-12,1779.42,benchmark:399006
2024-06-13,1777.79,benchmark:399006
2024-06-14,1791.36,benchmark:399006
2024-06-17,1806.19,benchmark:399006
2024-06-18,1811.36,benchmark:399006
2024-06-19,1788.5,benchmark:399006
2024-06-20,1762.7,benchmark:399006
2024-06-21,1755.88,benchmark:399006
2024-06-24,1731.51,benchmark:399006
2024-06-25,1700.02,benchmark:399006
2024-06-26,1730.64,benchmark:399006
2024-06-27,1703.2,benchmark:399006
2024-06-28,1683.43,benchmark:399006
2024-07-01,1682.69,benchmark:399006
2024-07-02,1665.04,benchmark:399006
2024-07-03,1660.12,benchmark:399006
2024-07-04,1647.22,benchmark:399006
2024-07-05,1655.59,benchmark:399006
2024-07-08,1628.76,benchmark:399006
2024-07-09,1652.12,benchmark:399006
2024-07-10,1651.11,benchmark:399006
2024-07-11,1685.12,benchmark:399006
2024-07-12,1683.63,benchmark:399006
2024-07-15,1673.01,benchmark:399006
2024-07-16,1696.34,benchmark:399006
2024-07-17,1696.45,benchmark:399006
2024-07-18,1717.71,benchmark:399006
2024-07-19,1725.49,benchmark:399006
2024-07-22,1723.91,benchmark:399006
2024-07-23,1671.44,benchmark:399006
2024-07-24,1650.91,benchmark:399006
2024-07-25,1644.45,benchmark:399006
2024-07-26,1659.53,benchmark:399006
2024-07-29,1635.67,benchmark:399006
2024-07-30,1630.95,benchmark:399006
2024-07-31,1688.14,benchmark:399006
2024-08-01,1665.97,benchmark:399006
2024-08-02,1638.3,benchmark:399006
2024-08-05,1607.29,benchmark:399006
2024-08-06,1627.36,benchmark:399006
2024-08-07,1620.33,benchmark:399006
2024-08-08,1611.51,benchmark:399006
2024-08-09,1595.64,benchmark:399006
2024-08-12,1592.39,benchmark:399006
2024-08-13,1607.19,benchmark:399006
2024-08-14,1584.33,benchmark:399006
2024-08-15,1592.71,benchmark:399006
2024-08-16,1591.46,benchmark:399006
2024-08-19,1589.29,benchmark:399006
2024-08-20,1567.97,benchmark:399006
2024-08-21,1558.51,benchmark:399006
2024-08-22,1546.63,benchmark:399006
2024-08-23,1546.9,benchmark:399006
2024-08-26,1545.31,benchmark:399006
2024-08-27,1530.74,benchmark:399006
2024-08-28,1531.45,benchmark:399006
2024-08-29,1541.4,benchmark:399006
2024-08-30,1580.46,benchmark:399006
2024-09-02,1536.95,benchmark:399006
2024-09-03,1556.32,benchmark:399006
2024-09-04,1554.64,benchmark:399006
2024-09-05,1564.72,benchmark:399006
2024-09-06,1538.07,benchmark:399006
2024-09-09,1539.04,benchmark:399006
2024-09-10,1539.98,benchmark:399006
2024-09-11,1558.33,benchmark:399006
2024-09-12,1551.81,benchmark:399006
2024-09-13,1535.17,benchmark:399006
2024-09-18,1533.47,benchmark:399006
2024-09-19,1546.47,benchmark:399006
2024-09-20,1536.6,benchmark:399006
2024-09-23,1530.51,benchmark:399006
2024-09-24,1615.32,benchmark:399006
2024-09-25,1641.54,benchmark:399006
2024-09-26,1714.14,benchmark:399006
2024-09-27,1885.49,benchmark:399006
2024-09-30,2175.09,benchmark:399006
2024-10-08,2550.28,benchmark:399006
2024-10-09,2280.1,benchmark:399006
2024-10-10,2212.91,benchmark:399006
2024-10-11,2100.87,benchmark:399006
2024-10-14,2155.4,benchmark:399006
2024-10-15,2085.99,benchmark:399006
2024-10-16,2039.95,benchmark:399006
2024-10-17,2033.48,benchmark:399006
2024-10-18,2195.1,benchmark:399006
2024-10-21,2210.34,benchmark:399006
2024-10-22,2216.99,benchmark:399006
2024-10-23,2205.3,benchmark:399006
2024-10-24,2175.1,benchmark:399006
2024-10-25,2238.9,benchmark:399006
2024-10-28,2229.12,benchmark:399006
2024-10-29,2177.31,benchmark:399006
2024-10-30,2151.51,benchmark:399006
2024-10-31,2164.46,benchmark:399006
2024-11-01,2123.74,benchmark:399006
2024-11-04,2185.98,benchmark:399006
2024-11-05,2289.84,benchmark:399006
2024-11-06,2265.83,benchmark:399006
2024-11-07,2350.76,benchmark:399006
2024-11-08,2321.59,benchmark:399006
2024-11-11,2392.44,benchmark:399006
2024-11-12,2390.8,benchmark:399006
2024-11-13,2417.25,benchmark:399006
2024-11-14,2334.96,benchmark:399006
2024-11-15,2243.62,benchmark:399006
2024-11-18,2190.95,benchmark:399006
2024-11-19,2256.61,benchmark:399006
2024-11-20,2267.85,benchmark:399006
2024-11-21,2265.87,benchmark:399006
2024-11-22,2175.57,benchmark:399006
2024-11-25,2175.18,benchmark:399006
2024-11-26,2150.1,benchmark:399006
2024-11-27,2208.78,benchmark:399006
2024-11-28,2169.8,benchmark:399006
2024-11-29,2224.0,benchmark:399006
2024-12-02,2255.5,benchmark:399006
2024-12-03,2245.5,benchmark:399006
2024-12-04,2213.41,benchmark:399006
2024-12-05,2221.46,benchmark:399006
2024-12-06,2267.06,benchmark:399006
2024-12-09,2248.63,benchmark:399006
2024-12-10,2264.05,benchmark:399006
2024-12-11,2261.58,benchmark:399006
2024-12-12,2292.15,benchmark:399006
2024-12-13,2235.26,benchmark:399006
2024-12-16,2201.53,benchmark:399006
2024-12-17,2201.18,benchmark:399006
2024-12-18,2202.14,benchmark:399006
2024-12-19,2213.54,benchmark:399006
2024-12-20,2209.66,benchmark:399006
2024-12-23,2187.94,benchmark:399006
2024-12-24,2213.55,benchmark:399006
2024-12-25,2201.3,benchmark:399006
2024-12-26,2209.85,benchmark:399006
2024-12-27,2204.9,benchmark:399006
2024-12-30,2206.29,benchmark:399006
2024-12-31,2141.6,benchmark:399006
2025-01-02,2060.44,benchmark:399006
2025-01-03,2015.97,benchmark:399006
2025-01-06,2014.19,benchmark:399006
2025-01-07,2028.36,benchmark:399006
2025-01-08,2008.44,benchmark:399006
2025-01-09,2010.66,benchmark:399006
2025-01-10,1975.3,benchmark:399006
2025-01-13,1982.46,benchmark:399006
2025-01-14,2075.76,benchmark:399006
2025-01-15,2037.93,benchmark:399006
2025-01-16,2051.35,benchmark:399006
2025-01-17,2067.27,benchmark:399006
2025-01-20,2104.73,benchmark:399006
2025-01-21,2112.39,benchmark:399006
2025-01-22,2101.03,benchmark:399006
2025-01-23,2093.31,benchmark:399006
2025-01-24,2121.84,benchmark:399006
2025-01-27,2063.82,benchmark:399006
2025-02-05,2062.92,benchmark:399006
2025-02-06,2120.75,benchmark:399006
2025-02-07,2174.35,benchmark:399006
2025-02-10,2183.88,benchmark:399006
2025-02-11,2152.73,benchmark:399006
2025-02-12,2191.76,benchmark:399006
2025-02-13,2176.16,benchmark:399006
2025-02-14,2215.3,benchmark:399006
2025-02-17,2226.62,benchmark:399006
2025-02-18,2182.57,benchmark:399006
2025-02-19,2226.98,benchmark:399006
2025-02-20,2225.58,benchmark:399006
2025-02-21,2281.51,benchmark:399006
2025-02-24,2266.24,benchmark:399006
2025-02-25,2240.59,benchmark:399006
2025-02-26,2268.22,benchmark:399006
2025-02-27,2256.51,benchmark:399006
2025-02-28,2170.39,benchmark:399006
2025-03-03,2196.52,benchmark:399006
2025-03-04,2190.08,benchmark:399006
2025-03-05,2190.36,benchmark:399006
2025-03-06,2234.69,benchmark:399006
2025-03-07,2205.31,benchmark:399006
2025-03-10,2199.88,benchmark:399006
2025-03-11,2204.03,benchmark:399006
2025-03-12,2191.27,benchmark:399006
2025-03-13,2166.0,benchmark:399006
2025-03-14,2226.72,benchmark:399006
2025-03-17,2215.13,benchmark:399006
2025-03-18,2228.64,benchmark:399006
2025-03-19,2222.35,benchmark:399006
2025-03-20,2200.03,benchmark:399006
2025-03-21,2152.28,benchmark:399006
2025-03-24,2152.55,benchmark:399006
2025-03-25,2145.48,benchmark:399006
2025-03-26,2139.9,benchmark:399006
2025-03-27,2145.1,benchmark:399006
2025-03-28,2128.21,benchmark:399006
2025-03-31,2103.7,benchmark:399006
2025-04-01,2101.88,benchmark:399006
2025-04-02,2104.63,benchmark:399006
2025-04-03,2065.4,benchmark:399006
2025-04-07,1807.21,benchmark:399006
2025-04-08,1840.31,benchmark:399006
2025-04-09,1858.36,benchmark:399006
2025-04-10,1900.53,benchmark:399006
2025-04-11,1926.37,benchmark:399006
2025-04-14,1932.91,benchmark:399006
2025-04-15,1930.4,benchmark:399006
2025-04-16,1907.11,benchmark:399006
2025-04-17,1908.78,benchmark:399006
2025-04-18,1913.97,benchmark:399006
2025-04-21,1944.32,benchmark:399006
2025-04-22,1928.43,benchmark:399006
2025-04-23,1949.16,benchmark:399006
2025-04-24,1935.86,benchmark:399006
2025-04-25,1947.19,benchmark:399006
2025-04-28,1934.46,benchmark:399006
2025-04-29,1931.94,benchmark:399006
2025-04-30,1948.03,benchmark:399006
2025-05-06,1986.41,benchmark:399006
2025-05-07,1996.51,benchmark:399006
2025-05-08,2029.45,benchmark:399006
2025-05-09,2011.77,benchmark:399006
2025-05-12,2064.71,benchmark:399006
2025-05-13,2062.26,benchmark:399006
2025-05-14,2083.14,benchmark:399006
2025-05-15,2043.25,benchmark:399006
2025-05-16,2039.45,benchmark:399006
2025-05-19,2032.76,benchmark:399006
2025-05-20,2048.46,benchmark:399006
2025-05-21,2065.39,benchmark:399006
2025-05-22,2045.57,benchmark:399006
2025-05-23,2021.5,benchmark:399006
2025-05-26,2005.26,benchmark:399006
2025-05-27,1991.64,benchmark:399006
2025-05-28,1985.38,benchmark:399006
2025-05-29,2012.55,benchmark:399006
2025-05-30,1993.19,benchmark:399006
2025-06-03,2002.7,benchmark:399006
2025-06-04,2024.93,benchmark:399006
2025-06-05,2048.62,benchmark:399006
2025-06-06,2039.44,benchmark:399006
2025-06-09,2061.29,benchmark:399006
2025-06-10,2037.27,benchmark:399006
2025-06-11,2061.87,benchmark:399006
2025-06-12,2067.15,benchmark:399006
2025-06-13,2043.82,benchmark:399006
2025-06-16,2057.32,benchmark:399006
2025-06-17,2049.94,benchmark:399006
2025-06-18,2054.73,benchmark:399006
2025-06-19,2026.82,benchmark:399006
2025-06-20,2009.89,benchmark:399006
2025-06-23,2017.63,benchmark:399006
2025-06-24,2064.13,benchmark:399006
2025-06-25,2128.39,benchmark:399006
2025-06-26,2114.43,benchmark:399006
2025-06-27,2124.34,benchmark:399006
2025-06-30,2153.01,benchmark:399006
2025-07-01,2147.92,benchmark:399006
2025-07-02,2123.72,benchmark:399006
2025-07-03,2164.09,benchmark:399006
2025-07-04,2156.23,benchmark:399006
2025-07-07,2130.19,benchmark:399006
2025-07-08,2181.08,benchmark:399006
2025-07-09,2184.67,benchmark:399006
2025-07-10,2189.58,benchmark:399006
2025-07-11,2207.1,benchmark:399006
2025-07-14,2197.07,benchmark:399006
2025-07-15,2235.05,benchmark:399006
2025-07-16,2230.19,benchmark:399006
2025-07-17,2269.33,benchmark:399006
2025-07-18,2277.15,benchmark:399006
2025-07-21,2296.88,benchmark:399006
2025-07-22,2310.86,benchmark:399006
2025-07-23,2310.67,benchmark:399006
2025-07-24,2345.37,benchmark:399006
2025-07-25,2340.06,benchmark:399006
2025-07-28,2362.6,benchmark:399006
2025-07-29,2406.59,benchmark:399006
2025-07-30,2367.68,benchmark:399006
2025-07-31,2328.31,benchmark:399006
2025-08-01,2322.63,benchmark:399006
2025-08-04,2334.32,benchmark:399006
2025-08-05,2343.38,benchmark:399006
2025-08-06,2358.95,benchmark:399006
2025-08-07,2342.86,benchmark:399006
2025-08-08,2333.96,benchmark:399006
2025-08-11,2379.82,benchmark:399006
2025-08-12,2409.4,benchmark:399006
2025-08-13,2496.5,benchmark:399006
2025-08-14,2469.66,benchmark:399006
2025-08-15,2534.22,benchmark:399006
2025-08-18,2606.2,benchmark:399006
2025-08-19,2601.74,benchmark:399006
2025-08-20,2607.65,benchmark:399006
2025-08-21,2595.47,benchmark:399006
2025-08-22,2682.55,benchmark:399006
2025-08-25,2762.99,benchmark:399006
2025-08-26,2742.13,benchmark:399006
2025-08-27,2723.2,benchmark:399006
2025-08-28,2827.17,benchmark:399006
2025-08-29,2890.13,benchmark:399006
2025-09-01,2956.37,benchmark:399006
2025-09-02,2872.22,benchmark:399006
2025-09-03,2899.37,benchmark:399006
2025-09-04,2776.25,benchmark:399006
2025-09-05,2958.18,benchmark:399006
2025-09-08,2933.25,benchmark:399006
2025-09-09,2867.97,benchmark:399006
2025-09-10,2904.27,benchmark:399006
2025-09-11,3053.75,benchmark:399006
2025-09-12,3020.42,benchmark:399006
2025-09-15,3066.18,benchmark:399006
2025-09-16,3087.04,benchmark:399006
2025-09-17,3147.35,benchmark:399006
2025-09-18,3095.85,benchmark:399006
2025-09-19,3091.0,benchmark:399006
2025-09-22,3107.89,benchmark:399006
2025-09-23,3114.55,benchmark:399006
2025-09-24,3185.57,benchmark:399006
2025-09-25,3235.76,benchmark:399006
2025-09-26,3151.53,benchmark:399006
2025-09-29,3238.01,benchmark:399006
2025-09-30,3238.16,benchmark:399006
2025-10-09,3261.82,benchmark:399006
2025-10-10,3113.26,benchmark:399006
2025-10-13,3078.76,benchmark:399006
2025-10-14,2955.98,benchmark:399006
2025-10-15,3025.87,benchmark:399006
2025-10-16,3037.44,benchmark:399006
2025-10-17,2935.37,benchmark:399006
2025-10-20,2993.45,benchmark:399006
2025-10-21,3083.72,benchmark:399006
2025-10-22,3059.32,benchmark:399006
2025-10-23,3062.16,benchmark:399006
2025-10-24,3171.57,benchmark:399006
2025-10-27,3234.45,benchmark:399006
2025-10-28,3229.58,benchmark:399006
2025-10-29,3324.27,benchmark:399006
2025-10-30,3263.02,benchmark:399006
2025-10-31,3187.53,benchmark:399006
2025-11-03,3196.87,benchmark:399006
2025-11-04,3134.09,benchmark:399006
2025-11-05,3166.23,benchmark:399006
2025-11-06,3224.62,benchmark:399006
2025-11-07,3208.21,benchmark:399006
2025-11-10,3178.83,benchmark:399006
2025-11-11,3134.32,benchmark:399006
2025-11-12,3122.03,benchmark:399006
2025-11-13,3201.75,benchmark:399006
2025-11-14,3111.51,benchmark:399006
2025-11-17,3105.2,benchmark:399006
2025-11-18,3069.22,benchmark:399006
2025-11-19,3076.85,benchmark:399006
2025-11-20,3042.34,benchmark:399006
2025-11-21,2920.08,benchmark:399006
2025-11-24,2929.04,benchmark:399006
2025-11-25,2980.93,benchmark:399006
2025-11-26,3044.69,benchmark:399006
2025-11-27,3031.3,benchmark:399006
2025-11-28,3052.59,benchmark:399006
2025-12-01,3092.5,benchmark:399006
2025-12-02,3071.15,benchmark:399006
2025-12-03,3036.79,benchmark:399006
2025-12-04,3067.48,benchmark:399006
2025-12-05,3109.3,benchmark:399006
2025-12-08,3190.27,benchmark:399006
2025-12-09,3209.6,benchmark:399006
2025-12-10,3209.0,benchmark:399006
2025-12-11,3163.67,benchmark:399006
2025-12-12,3194.36,benchmark:399006
2025-12-15,3137.8,benchmark:399006
2025-12-16,3071.76,benchmark:399006
2025-12-17,3175.91,benchmark:399006
2025-12-18,3107.06,benchmark:399006
2025-12-19,3122.24,benchmark:399006
2025-12-22,3191.98,benchmark:399006
2025-12-23,3205.01,benchmark:399006
2025-12-24,3229.58,benchmark:399006
2025-12-25,3239.34,benchmark:399006
2025-12-26,3243.88,benchmark:399006
2025-12-29,3222.61,benchmark:399006
2025-12-30,3242.9,benchmark:399006
2025-12-31,3203.17,benchmark:399006
2026-01-05,3294.55,benchmark:399006
2026-01-06,3319.29,benchmark:399006
2026-01-07,3329.69,benchmark:399006
2026-01-08,3302.31,benchmark:399006
2026-01-09,3327.81,benchmark:399006
2026-01-12,3388.34,benchmark:399006
2026-01-13,3321.89,benchmark:399006
2026-01-14,3349.14,benchmark:399006
2026-01-15,3367.92,benchmark:399006
2026-01-16,3361.02,benchmark:399006
2026-01-19,3337.61,benchmark:399006
2026-01-20,3277.98,benchmark:399006
2026-01-21,3295.52,benchmark:399006
2026-01-22,3328.65,benchmark:399006
2026-01-23,3349.5,benchmark:399006
2026-01-26,3319.15,benchmark:399006
2026-01-27,3342.6,benchmark:399006
2026-01-28,3323.56,benchmark:399006
2026-01-29,3304.51,benchmark:399006
2026-01-30,3346.36,benchmark:399006
2026-02-02,3264.11,benchmark:399006
2026-02-03,3324.89,benchmark:399006
2026-02-04,3311.51,benchmark:399006
2026-02-05,3260.28,benchmark:399006
2026-02-06,3236.46,benchmark:399006
2026-02-09,3332.77,benchmark:399006
2026-02-10,3320.54,benchmark:399006
2026-02-11,3284.74,benchmark:399006
2026-02-12,3328.06,benchmark:399006
2026-02-13,3275.96,benchmark:399006
2026-02-24,3308.26,benchmark:399006
2026-02-25,3354.82,benchmark:399006
2026-02-26,3344.98,benchmark:399006
2026-02-27,3310.3,benchmark:399006
2026-03-02,3294.16,benchmark:399006
2026-03-03,3209.48,benchmark:399006
2026-03-04,3164.37,benchmark:399006
2026-03-05,3216.94,benchmark:399006
2026-03-06,3229.3,benchmark:399006
2026-03-09,3208.58,benchmark:399006
2026-03-10,3306.14,benchmark:399006
2026-03-11,3349.53,benchmark:399006
2026-03-12,3317.52,benchmark:399006
2026-03-13,3310.28,benchmark:399006
2026-03-16,3357.02,benchmark:399006
2026-03-17,3280.06,benchmark:399006
2026-03-18,3346.37,benchmark:399006
2026-03-19,3309.1,benchmark:399006
2026-03-20,3352.1,benchmark:399006
2026-03-23,3235.22,benchmark:399006
2026-03-24,3251.55,benchmark:399006
2026-03-25,3316.97,benchmark:399006
2026-03-26,3272.49,benchmark:399006
2026-03-27,3295.88,benchmark:399006
2026-03-30,3273.36,benchmark:399006
2026-03-31,3184.95,benchmark:399006
2026-04-01,3247.52,benchmark:399006
2026-04-02,3172.65,benchmark:399006
2026-04-03,3149.6,benchmark:399006
2026-04-07,3160.82,benchmark:399006
2026-04-08,3347.61,benchmark:399006
2026-04-09,3323.3,benchmark:399006
2026-04-10,3448.79,benchmark:399006
2026-04-13,3476.44,benchmark:399006
2026-04-14,3558.53,benchmark:399006
2026-04-15,3514.96,benchmark:399006
2026-04-16,3626.27,benchmark:399006
2026-04-17,3678.29,benchmark:399006
2026-04-20,3677.58,benchmark:399006
2026-04-21,3688.94,benchmark:399006
2026-04-22,3752.76,benchmark:399006
2026-04-23,3720.25,benchmark:399006
2026-04-24,3667.79,benchmark:399006
2026-04-27,3648.79,benchmark:399006
2026-04-28,3596.71,benchmark:399006
2026-04-29,3687.17,benchmark:399006
2026-04-30,3677.15,benchmark:399006
2026-05-06,3778.16,benchmark:399006
2026-05-07,3833.06,benchmark:399006
2026-05-08,3796.13,benchmark:399006
2026-05-11,3928.97,benchmark:399006
2026-05-12,3934.88,benchmark:399006
2026-05-13,4038.33,benchmark:399006
2026-05-14,3951.14,benchmark:399006
2026-05-15,3929.06,benchmark:399006
2026-05-18,3914.88,benchmark:399006
2026-05-19,3908.44,benchmark:399006
2026-05-20,3921.79,benchmark:399006
2026-05-21,3829.78,benchmark:399006
2026-05-22,3938.5,benchmark:399006
2026-05-25,4021.16,benchmark:399006
2026-05-26,4043.07,benchmark:399006
2026-05-27,4045.77,benchmark:399006
2026-05-28,4125.07,benchmark:399006
2026-05-29,4037.95,benchmark:399006
2026-06-01,3950.94,benchmark:399006
2026-06-02,4055.87,benchmark:399006
2026-06-03,4122.99,benchmark:399006
2026-06-04,4088.88,benchmark:399006
2026-06-05,3957.94,benchmark:399006
2026-06-08,3811.79,benchmark:399006
2026-06-09,3961.75,benchmark:399006
2026-06-10,3854.79,benchmark:399006
2026-06-11,3811.25,benchmark:399006
2026-06-12,3830.35,benchmark:399006
2026-06-15,4033.53,benchmark:399006
2026-06-16,4102.94,benchmark:399006
2026-06-17,4167.05,benchmark:399006
2026-06-18,4252.39,benchmark:399006
2026-06-22,4359.39,benchmark:399006
2026-06-23,4192.19,benchmark:399006
2026-06-24,4251.42,benchmark:399006
2026-06-25,4371.99,benchmark:399006
2026-06-26,4194.21,benchmark:399006
2026-06-29,4216.7,benchmark:399006
2026-06-30,4342.71,benchmark:399006
2026-07-01,4260.72,benchmark:399006
2026-07-02,4017.27,benchmark:399006
2026-07-03,4019.93,benchmark:399006
2026-07-06,3948.86,benchmark:399006
2026-07-07,3911.91,benchmark:399006
2026-07-08,3845.35,benchmark:399006
2026-07-09,4018.17,benchmark:399006
2026-07-10,3842.73,benchmark:399006
2026-07-13,3723.52,benchmark:399006
2026-07-14,3851.14,benchmark:399006
2026-07-15,3804.7,benchmark:399006
2026-07-16,3692.46,benchmark:399006
2026-07-17,3428.63,benchmark:399006
2026-07-20,3443.1,benchmark:399006
2026-07-21,3685.97,benchmark:399006
2026-07-22,3566.73,benchmark:399006
2026-07-23,3575.52,benchmark:399006
2026-07-24,3480.87,benchmark:399006
2026-07-27,3590.79,benchmark:399006
2026-07-28,3327.03,benchmark:399006
2026-07-29,3378.7,benchmark:399006
2026-07-30,3244.62,benchmark:399006
2026-07-31,3343.96,benchmark:399006
2026-08-03,3302.55,benchmark:399006
2026-08-04,3488.97,benchmark:399006
2026-08-05,3535.14,benchmark:399006
2026-08-06,3515.56,benchmark:399006
2026-08-07,3563.12,benchmark:399006
2026-08-10,3537.21,benchmark:399006
2026-08-11,3549.16,benchmark:399006
2026-08-12,3602.08,benchmark:399006
2023-08-14,2333.02,benchmark:399606
2023-08-15,2315.76,benchmark:399606
2023-08-16,2298.83,benchmark:399606
2023-08-17,2314.02,benchmark:399606
2023-08-18,2283.7,benchmark:399606
2023-08-21,2247.1,benchmark:399606
2023-08-22,2249.23,benchmark:399606
2023-08-23,2197.53,benchmark:399606
2023-08-24,2225.12,benchmark:399606
2023-08-25,2199.06,benchmark:399606
2023-08-28,2220.24,benchmark:399606
2023-08-29,2282.91,benchmark:399606
2023-08-30,2281.76,benchmark:399606
2023-08-31,2266.08,benchmark:399606
2023-09-01,2263.58,benchmark:399606
2023-09-04,2282.74,benchmark:399606
2023-09-05,2275.51,benchmark:399606
2023-09-06,2264.81,benchmark:399606
2023-09-07,2216.93,benchmark:399606
2023-09-08,2209.16,benchmark:399606
2023-09-11,2223.63,benchmark:399606
2023-09-12,2210.53,benchmark:399606
2023-09-13,2185.43,benchmark:399606
2023-09-14,2168.35,benchmark:399606
2023-09-15,2158.48,benchmark:399606
2023-09-18,2177.6,benchmark:399606
2023-09-19,2158.41,benchmark:399606
2023-09-20,2141.85,benchmark:399606
2023-09-21,2120.63,benchmark:399606
2023-09-22,2169.92,benchmark:399606
2023-09-25,2161.21,benchmark:399606
2023-09-26,2144.58,benchmark:399606
2023-09-27,2162.43,benchmark:399606
2023-09-28,2159.93,benchmark:399606
2023-10-09,2154.25,benchmark:399606
2023-10-10,2142.75,benchmark:399606
2023-10-11,2159.96,benchmark:399606
2023-10-12,2176.34,benchmark:399606
2023-10-13,2152.18,benchmark:399606
2023-10-16,2109.19,benchmark:399606
2023-10-17,2114.76,benchmark:399606
2023-10-18,2089.48,benchmark:399606
2023-10-19,2062.82,benchmark:399606
2023-10-20,2044.76,benchmark:399606
2023-10-23,2010.35,benchmark:399606
2023-10-24,2027.49,benchmark:399606
2023-10-25,2009.15,benchmark:399606
2023-10-26,2022.15,benchmark:399606
2023-10-27,2080.42,benchmark:399606
2023-10-30,2131.92,benchmark:399606
2023-10-31,2121.72,benchmark:399606
2023-11-01,2111.91,benchmark:399606
2023-11-02,2090.98,benchmark:399606
2023-11-03,2121.71,benchmark:399606
2023-11-06,2190.83,benchmark:399606
2023-11-07,2180.52,benchmark:399606
2023-11-08,2180.91,benchmark:399606
2023-11-09,2175.79,benchmark:399606
2023-11-10,2161.62,benchmark:399606
2023-11-13,2165.91,benchmark:399606
2023-11-14,2161.16,benchmark:399606
2023-11-15,2172.54,benchmark:399606
2023-11-16,2132.39,benchmark:399606
2023-11-17,2141.45,benchmark:399606
2023-11-20,2148.4,benchmark:399606
2023-11-21,2139.02,benchmark:399606
2023-11-22,2103.7,benchmark:399606
2023-11-23,2115.94,benchmark:399606
2023-11-24,2090.68,benchmark:399606
2023-11-27,2078.02,benchmark:399606
2023-11-28,2091.2,benchmark:399606
2023-11-29,2069.06,benchmark:399606
2023-11-30,2074.12,benchmark:399606
2023-12-01,2078.11,benchmark:399606
2023-12-04,2059.37,benchmark:399606
2023-12-05,2018.57,benchmark:399606
2023-12-06,2030.27,benchmark:399606
2023-12-07,2025.17,benchmark:399606
2023-12-08,2041.31,benchmark:399606
2023-12-11,2066.73,benchmark:399606
2023-12-12,2053.93,benchmark:399606
2023-12-13,2019.91,benchmark:399606
2023-12-14,2007.15,benchmark:399606
2023-12-15,1994.19,benchmark:399606
2023-12-18,1963.44,benchmark:399606
2023-12-19,1971.72,benchmark:399606
2023-12-20,1944.98,benchmark:399606
2023-12-21,1977.06,benchmark:399606
2023-12-22,1969.75,benchmark:399606
2023-12-25,1975.93,benchmark:399606
2023-12-26,1951.04,benchmark:399606
2023-12-27,1952.48,benchmark:399606
2023-12-28,2027.63,benchmark:399606
2023-12-29,2040.44,benchmark:399606
2024-01-02,2002.2,benchmark:399606
2024-01-03,1979.34,benchmark:399606
2024-01-04,1943.77,benchmark:399606
2024-01-05,1915.52,benchmark:399606
2024-01-08,1881.9,benchmark:399606
2024-01-09,1888.76,benchmark:399606
2024-01-10,1880.59,benchmark:399606
2024-01-11,1917.35,benchmark:399606
2024-01-12,1899.97,benchmark:399606
2024-01-15,1883.19,benchmark:399606
2024-01-16,1890.33,benchmark:399606
2024-01-17,1833.58,benchmark:399606
2024-01-18,1868.9,benchmark:399606
2024-01-19,1850.64,benchmark:399606
2024-01-22,1798.26,benchmark:399606
2024-01-23,1820.62,benchmark:399606
2024-01-24,1829.87,benchmark:399606
2024-01-25,1856.41,benchmark:399606
2024-01-26,1815.08,benchmark:399606
2024-01-29,1751.79,benchmark:399606
2024-01-30,1708.6,benchmark:399606
2024-01-31,1697.38,benchmark:399606
2024-02-01,1714.28,benchmark:399606
2024-02-02,1672.57,benchmark:399606
2024-02-05,1685.77,benchmark:399606
2024-02-06,1798.87,benchmark:399606
2024-02-07,1841.56,benchmark:399606
2024-02-08,1862.96,benchmark:399606
2024-02-19,1884.07,benchmark:399606
2024-02-20,1883.8,benchmark:399606
2024-02-21,1890.6,benchmark:399606
2024-02-22,1896.42,benchmark:399606
2024-02-23,1896.77,benchmark:399606
2024-02-26,1889.77,benchmark:399606
2024-02-27,1935.37,benchmark:399606
2024-02-28,1886.82,benchmark:399606
2024-02-29,1949.46,benchmark:399606
2024-03-01,1967.8,benchmark:399606
2024-03-04,1979.45,benchmark:399606
2024-03-05,1978.18,benchmark:399606
2024-03-06,1977.02,benchmark:399606
2024-03-07,1931.01,benchmark:399606
2024-03-08,1949.74,benchmark:399606
2024-03-11,2039.4,benchmark:399606
2024-03-12,2056.26,benchmark:399606
2024-03-13,2044.52,benchmark:399606
2024-03-14,2031.43,benchmark:399606
2024-03-15,2032.58,benchmark:399606
2024-03-18,2078.23,benchmark:399606
2024-03-19,2057.24,benchmark:399606
2024-03-20,2059.72,benchmark:399606
2024-03-21,2046.62,benchmark:399606
2024-03-22,2016.5,benchmark:399606
2024-03-25,1977.95,benchmark:399606
2024-03-26,1986.68,benchmark:399606
2024-03-27,1930.89,benchmark:399606
2024-03-28,1949.31,benchmark:399606
2024-03-29,1961.84,benchmark:399606
2024-04-01,2020.01,benchmark:399606
2024-04-02,2007.47,benchmark:399606
2024-04-03,1985.8,benchmark:399606
2024-04-08,1949.8,benchmark:399606
2024-04-09,1971.95,benchmark:399606
2024-04-10,1931.34,benchmark:399606
2024-04-11,1922.86,benchmark:399606
2024-04-12,1902.14,benchmark:399606
2024-04-15,1937.36,benchmark:399606
2024-04-16,1899.25,benchmark:399606
2024-04-17,1939.29,benchmark:399606
2024-04-18,1928.69,benchmark:399606
2024-04-19,1894.78,benchmark:399606
2024-04-22,1889.46,benchmark:399606
2024-04-23,1892.75,benchmark:399606
2024-04-24,1905.97,benchmark:399606
2024-04-25,1905.24,benchmark:399606
2024-04-26,1969.02,benchmark:399606
2024-04-29,2038.11,benchmark:399606
2024-04-30,2015.89,benchmark:399606
2024-05-06,2055.83,benchmark:399606
2024-05-07,2052.93,benchmark:399606
2024-05-08,2023.32,benchmark:399606
2024-05-09,2061.19,benchmark:399606
2024-05-10,2037.7,benchmark:399606
2024-05-13,2018.39,benchmark:399606
2024-05-14,2013.22,benchmark:399606
2024-05-15,1995.4,benchmark:399606
2024-05-16,2001.26,benchmark:399606
2024-05-17,2023.75,benchmark:399606
2024-05-20,2035.68,benchmark:399606
2024-05-21,2020.54,benchmark:399606
2024-05-22,2038.93,benchmark:399606
2024-05-23,2011.03,benchmark:399606
2024-05-24,1975.03,benchmark:399606
2024-05-27,1988.96,benchmark:399606
2024-05-28,1962.98,benchmark:399606
2024-05-29,1968.76,benchmark:399606
2024-05-30,1972.11,benchmark:399606
2024-05-31,1964.03,benchmark:399606
2024-06-03,1979.64,benchmark:399606
2024-06-04,2006.34,benchmark:399606
2024-06-05,1995.44,benchmark:399606
2024-06-06,1981.9,benchmark:399606
2024-06-07,1939.34,benchmark:399606
2024-06-11,1946.18,benchmark:399606
2024-06-12,1937.6,benchmark:399606
2024-06-13,1936.84,benchmark:399606
2024-06-14,1951.88,benchmark:399606
2024-06-17,1968.04,benchmark:399606
2024-06-18,1973.68,benchmark:399606
2024-06-19,1949.28,benchmark:399606
2024-06-20,1921.16,benchmark:399606
2024-06-21,1913.84,benchmark:399606
2024-06-24,1887.29,benchmark:399606
2024-06-25,1853.08,benchmark:399606
2024-06-26,1886.87,benchmark:399606
2024-06-27,1857.37,benchmark:399606
2024-06-28,1835.84,benchmark:399606
2024-07-01,1835.28,benchmark:399606
2024-07-02,1816.02,benchmark:399606
2024-07-03,1810.9,benchmark:399606
2024-07-04,1796.88,benchmark:399606
2024-07-05,1806.1,benchmark:399606
2024-07-08,1776.82,benchmark:399606
2024-07-09,1802.56,benchmark:399606
2024-07-10,1801.59,benchmark:399606
2024-07-11,1838.74,benchmark:399606
2024-07-12,1837.36,benchmark:399606
2024-07-15,1825.78,benchmark:399606
2024-07-16,1851.24,benchmark:399606
2024-07-17,1851.4,benchmark:399606
2024-07-18,1874.6,benchmark:399606
2024-07-19,1883.09,benchmark:399606
2024-07-22,1881.37,benchmark:399606
2024-07-23,1824.11,benchmark:399606
2024-07-24,1801.8,benchmark:399606
2024-07-25,1794.76,benchmark:399606
2024-07-26,1811.21,benchmark:399606
2024-07-29,1785.17,benchmark:399606
2024-07-30,1780.02,benchmark:399606
2024-07-31,1842.44,benchmark:399606
2024-08-01,1818.24,benchmark:399606
2024-08-02,1788.04,benchmark:399606
2024-08-05,1754.19,benchmark:399606
2024-08-06,1776.09,benchmark:399606
2024-08-07,1768.43,benchmark:399606
2024-08-08,1759.45,benchmark:399606
2024-08-09,1742.13,benchmark:399606
2024-08-12,1738.59,benchmark:399606
2024-08-13,1754.73,benchmark:399606
2024-08-14,1729.78,benchmark:399606
2024-08-15,1738.93,benchmark:399606
2024-08-16,1737.57,benchmark:399606
2024-08-19,1735.19,benchmark:399606
2024-08-20,1711.92,benchmark:399606
2024-08-21,1701.59,benchmark:399606
2024-08-22,1688.62,benchmark:399606
2024-08-23,1688.92,benchmark:399606
2024-08-26,1687.18,benchmark:399606
2024-08-27,1671.28,benchmark:399606
2024-08-28,1672.05,benchmark:399606
2024-08-29,1682.91,benchmark:399606
2024-08-30,1725.55,benchmark:399606
2024-09-02,1678.05,benchmark:399606
2024-09-03,1699.2,benchmark:399606
2024-09-04,1697.36,benchmark:399606
2024-09-05,1708.37,benchmark:399606
2024-09-06,1679.28,benchmark:399606
2024-09-09,1681.89,benchmark:399606
2024-09-10,1682.92,benchmark:399606
2024-09-11,1703.06,benchmark:399606
2024-09-12,1695.94,benchmark:399606
2024-09-13,1677.76,benchmark:399606
2024-09-18,1675.91,benchmark:399606
2024-09-19,1690.12,benchmark:399606
2024-09-20,1679.45,benchmark:399606
2024-09-23,1672.79,benchmark:399606
2024-09-24,1765.52,benchmark:399606
2024-09-25,1794.18,benchmark:399606
2024-09-26,1873.8,benchmark:399606
2024-09-27,2061.16,benchmark:399606
2024-09-30,2377.84,benchmark:399606
2024-10-08,2788.01,benchmark:399606
2024-10-09,2492.64,benchmark:399606
2024-10-10,2419.31,benchmark:399606
2024-10-11,2296.83,benchmark:399606
2024-10-14,2356.44,benchmark:399606
2024-10-15,2280.64,benchmark:399606
2024-10-16,2230.35,benchmark:399606
2024-10-17,2223.39,benchmark:399606
2024-10-18,2400.11,benchmark:399606
2024-10-21,2416.77,benchmark:399606
2024-10-22,2424.04,benchmark:399606
2024-10-23,2411.27,benchmark:399606
2024-10-24,2378.24,benchmark:399606
2024-10-25,2448.05,benchmark:399606
2024-10-28,2437.36,benchmark:399606
2024-10-29,2380.71,benchmark:399606
2024-10-30,2352.51,benchmark:399606
2024-10-31,2366.66,benchmark:399606
2024-11-01,2322.14,benchmark:399606
2024-11-04,2390.2,benchmark:399606
2024-11-05,2503.75,benchmark:399606
2024-11-06,2477.5,benchmark:399606
2024-11-07,2571.02,benchmark:399606
2024-11-08,2539.12,benchmark:399606
2024-11-11,2616.61,benchmark:399606
2024-11-12,2614.82,benchmark:399606
2024-11-13,2643.74,benchmark:399606
2024-11-14,2553.75,benchmark:399606
2024-11-15,2453.84,benchmark:399606
2024-11-18,2396.81,benchmark:399606
2024-11-19,2468.64,benchmark:399606
2024-11-20,2480.94,benchmark:399606
2024-11-21,2478.77,benchmark:399606
2024-11-22,2379.99,benchmark:399606
2024-11-25,2379.57,benchmark:399606
2024-11-26,2352.12,benchmark:399606
2024-11-27,2416.32,benchmark:399606
2024-11-28,2373.68,benchmark:399606
2024-11-29,2432.97,benchmark:399606
2024-12-02,2467.43,benchmark:399606
2024-12-03,2456.49,benchmark:399606
2024-12-04,2421.38,benchmark:399606
2024-12-05,2430.19,benchmark:399606
2024-12-06,2480.08,benchmark:399606
2024-12-09,2459.91,benchmark:399606
2024-12-10,2476.79,benchmark:399606
2024-12-11,2474.09,benchmark:399606
2024-12-12,2507.52,benchmark:399606
2024-12-13,2445.29,benchmark:399606
2024-12-16,2408.39,benchmark:399606
2024-12-17,2408.01,benchmark:399606
2024-12-18,2409.06,benchmark:399606
2024-12-19,2421.53,benchmark:399606
2024-12-20,2417.29,benchmark:399606
2024-12-23,2393.53,benchmark:399606
2024-12-24,2421.54,benchmark:399606
2024-12-25,2408.29,benchmark:399606
2024-12-26,2417.65,benchmark:399606
2024-12-27,2412.25,benchmark:399606
2024-12-30,2413.77,benchmark:399606
2024-12-31,2343.0,benchmark:399606
2025-01-02,2254.21,benchmark:399606
2025-01-03,2205.56,benchmark:399606
2025-01-06,2203.61,benchmark:399606
2025-01-07,2219.11,benchmark:399606
2025-01-08,2197.33,benchmark:399606
2025-01-09,2199.75,benchmark:399606
2025-01-10,2161.07,benchmark:399606
2025-01-13,2168.9,benchmark:399606
2025-01-14,2270.97,benchmark:399606
2025-01-15,2229.59,benchmark:399606
2025-01-16,2244.27,benchmark:399606
2025-01-17,2261.77,benchmark:399606
2025-01-20,2302.75,benchmark:399606
2025-01-21,2311.13,benchmark:399606
2025-01-22,2298.71,benchmark:399606
2025-01-23,2290.26,benchmark:399606
2025-01-24,2323.72,benchmark:399606
2025-01-27,2260.18,benchmark:399606
2025-02-05,2259.2,benchmark:399606
2025-02-06,2322.52,benchmark:399606
2025-02-07,2381.23,benchmark:399606
2025-02-10,2391.66,benchmark:399606
2025-02-11,2357.56,benchmark:399606
2025-02-12,2400.3,benchmark:399606
2025-02-13,2383.21,benchmark:399606
2025-02-14,2426.07,benchmark:399606
2025-02-17,2438.47,benchmark:399606
2025-02-18,2390.24,benchmark:399606
2025-02-19,2438.87,benchmark:399606
2025-02-20,2437.34,benchmark:399606
2025-02-21,2498.59,benchmark:399606
2025-02-24,2481.87,benchmark:399606
2025-02-25,2453.77,benchmark:399606
2025-02-26,2484.03,benchmark:399606
2025-02-27,2471.21,benchmark:399606
2025-02-28,2376.9,benchmark:399606
2025-03-03,2405.52,benchmark:399606
2025-03-04,2398.46,benchmark:399606
2025-03-05,2398.77,benchmark:399606
2025-03-06,2447.31,benchmark:399606
2025-03-07,2415.13,benchmark:399606
2025-03-10,2409.19,benchmark:399606
2025-03-11,2413.73,benchmark:399606
2025-03-12,2399.76,benchmark:399606
2025-03-13,2372.09,benchmark:399606
2025-03-14,2438.58,benchmark:399606
2025-03-17,2425.89,benchmark:399606
2025-03-18,2440.69,benchmark:399606
2025-03-19,2433.79,benchmark:399606
2025-03-20,2409.36,benchmark:399606
2025-03-21,2357.06,benchmark:399606
2025-03-24,2357.36,benchmark:399606
2025-03-25,2349.61,benchmark:399606
2025-03-26,2343.5,benchmark:399606
2025-03-27,2349.19,benchmark:399606
2025-03-28,2331.12,benchmark:399606
2025-03-31,2304.27,benchmark:399606
2025-04-01,2302.28,benchmark:399606
2025-04-02,2305.29,benchmark:399606
2025-04-03,2262.32,benchmark:399606
2025-04-07,1979.51,benchmark:399606
2025-04-08,2015.77,benchmark:399606
2025-04-09,2035.54,benchmark:399606
2025-04-10,2081.73,benchmark:399606
2025-04-11,2110.04,benchmark:399606
2025-04-14,2117.2,benchmark:399606
2025-04-15,2114.45,benchmark:399606
2025-04-16,2089.46,benchmark:399606
2025-04-17,2091.29,benchmark:399606
2025-04-18,2096.98,benchmark:399606
2025-04-21,2130.23,benchmark:399606
2025-04-22,2121.28,benchmark:399606
2025-04-23,2144.08,benchmark:399606
2025-04-24,2129.45,benchmark:399606
2025-04-25,2141.91,benchmark:399606
2025-04-28,2127.91,benchmark:399606
2025-04-29,2125.19,benchmark:399606
2025-04-30,2143.46,benchmark:399606
2025-05-06,2185.72,benchmark:399606
2025-05-07,2196.83,benchmark:399606
2025-05-08,2233.08,benchmark:399606
2025-05-09,2213.65,benchmark:399606
2025-05-12,2271.91,benchmark:399606
2025-05-13,2269.22,benchmark:399606
2025-05-14,2292.19,benchmark:399606
2025-05-15,2248.37,benchmark:399606
2025-05-16,2244.19,benchmark:399606
2025-05-19,2237.27,benchmark:399606
2025-05-20,2254.61,benchmark:399606
2025-05-21,2273.54,benchmark:399606
2025-05-22,2251.9,benchmark:399606
2025-05-23,2226.02,benchmark:399606
2025-05-26,2209.41,benchmark:399606
2025-05-27,2194.64,benchmark:399606
2025-05-28,2188.65,benchmark:399606
2025-05-29,2219.57,benchmark:399606
2025-05-30,2199.03,benchmark:399606
2025-06-03,2209.52,benchmark:399606
2025-06-04,2234.44,benchmark:399606
2025-06-05,2260.58,benchmark:399606
2025-06-06,2251.03,benchmark:399606
2025-06-09,2275.4,benchmark:399606
2025-06-10,2249.0,benchmark:399606
2025-06-11,2276.65,benchmark:399606
2025-06-12,2282.71,benchmark:399606
2025-06-13,2258.11,benchmark:399606
2025-06-16,2273.03,benchmark:399606
2025-06-17,2265.02,benchmark:399606
2025-06-18,2270.96,benchmark:399606
2025-06-19,2240.4,benchmark:399606
2025-06-20,2221.97,benchmark:399606
2025-06-23,2230.53,benchmark:399606
2025-06-24,2282.08,benchmark:399606
2025-06-25,2353.46,benchmark:399606
2025-06-26,2338.02,benchmark:399606
2025-06-27,2348.99,benchmark:399606
2025-06-30,2380.92,benchmark:399606
2025-07-01,2375.32,benchmark:399606
2025-07-02,2348.56,benchmark:399606
2025-07-03,2393.2,benchmark:399606
2025-07-04,2384.72,benchmark:399606
2025-07-07,2355.91,benchmark:399606
2025-07-08,2412.2,benchmark:399606
2025-07-09,2416.28,benchmark:399606
2025-07-10,2421.7,benchmark:399606
2025-07-11,2441.24,benchmark:399606
2025-07-14,2430.17,benchmark:399606
2025-07-15,2472.18,benchmark:399606
2025-07-16,2466.91,benchmark:399606
2025-07-17,2510.24,benchmark:399606
2025-07-18,2518.97,benchmark:399606
2025-07-21,2540.8,benchmark:399606
2025-07-22,2556.25,benchmark:399606
2025-07-23,2556.05,benchmark:399606
2025-07-24,2594.43,benchmark:399606
2025-07-25,2588.56,benchmark:399606
2025-07-28,2613.49,benchmark:399606
2025-07-29,2662.16,benchmark:399606
2025-07-30,2619.12,benchmark:399606
2025-07-31,2575.57,benchmark:399606
2025-08-01,2569.28,benchmark:399606
2025-08-04,2582.21,benchmark:399606
2025-08-05,2592.23,benchmark:399606
2025-08-06,2609.46,benchmark:399606
2025-08-07,2591.66,benchmark:399606
2025-08-08,2581.81,benchmark:399606
2025-08-11,2632.54,benchmark:399606
2025-08-12,2665.26,benchmark:399606
2025-08-13,2761.62,benchmark:399606
2025-08-14,2731.92,benchmark:399606
2025-08-15,2803.34,benchmark:399606
2025-08-18,2882.96,benchmark:399606
2025-08-19,2878.03,benchmark:399606
2025-08-20,2886.36,benchmark:399606
2025-08-21,2872.87,benchmark:399606
2025-08-22,2969.27,benchmark:399606
2025-08-25,3058.3,benchmark:399606
2025-08-26,3035.24,benchmark:399606
2025-08-27,3014.29,benchmark:399606
2025-08-28,3129.38,benchmark:399606
2025-08-29,3199.09,benchmark:399606
2025-09-01,3272.42,benchmark:399606
2025-09-02,3179.27,benchmark:399606
2025-09-03,3209.38,benchmark:399606
2025-09-04,3073.09,benchmark:399606
2025-09-05,3275.01,benchmark:399606
2025-09-08,3247.4,benchmark:399606
2025-09-09,3175.13,benchmark:399606
2025-09-10,3215.54,benchmark:399606
2025-09-11,3381.04,benchmark:399606
2025-09-12,3344.14,benchmark:399606
2025-09-15,3394.8,benchmark:399606
2025-09-16,3417.98,benchmark:399606
2025-09-17,3485.13,benchmark:399606
2025-09-18,3428.11,benchmark:399606
2025-09-19,3422.89,benchmark:399606
2025-09-22,3441.59,benchmark:399606
2025-09-23,3449.12,benchmark:399606
2025-09-24,3527.77,benchmark:399606
2025-09-25,3583.49,benchmark:399606
2025-09-26,3490.31,benchmark:399606
2025-09-29,3586.26,benchmark:399606
2025-09-30,3586.44,benchmark:399606
2025-10-09,3612.65,benchmark:399606
2025-10-10,3448.18,benchmark:399606
2025-10-13,3410.26,benchmark:399606
2025-10-14,3274.26,benchmark:399606
2025-10-15,3351.67,benchmark:399606
2025-10-16,3364.49,benchmark:399606
2025-10-17,3251.43,benchmark:399606
2025-10-20,3316.74,benchmark:399606
2025-10-21,3416.75,benchmark:399606
2025-10-22,3389.72,benchmark:399606
2025-10-23,3392.9,benchmark:399606
2025-10-24,3514.18,benchmark:399606
2025-10-27,3583.86,benchmark:399606
2025-10-28,3578.59,benchmark:399606
2025-10-29,3683.52,benchmark:399606
2025-10-30,3615.65,benchmark:399606
2025-10-31,3532.0,benchmark:399606
2025-11-03,3543.46,benchmark:399606
2025-11-04,3473.87,benchmark:399606
2025-11-05,3509.52,benchmark:399606
2025-11-06,3574.32,benchmark:399606
2025-11-07,3556.12,benchmark:399606
2025-11-10,3523.56,benchmark:399606
2025-11-11,3474.22,benchmark:399606
2025-11-12,3461.11,benchmark:399606
2025-11-13,3549.49,benchmark:399606
2025-11-14,3449.45,benchmark:399606
2025-11-17,3442.46,benchmark:399606
2025-11-18,3402.57,benchmark:399606
2025-11-19,3411.02,benchmark:399606
2025-11-20,3372.77,benchmark:399606
2025-11-21,3237.23,benchmark:399606
2025-11-24,3247.16,benchmark:399606
2025-11-25,3304.69,benchmark:399606
2025-11-26,3375.38,benchmark:399606
2025-11-27,3360.52,benchmark:399606
2025-11-28,3384.13,benchmark:399606
2025-12-01,3428.37,benchmark:399606
2025-12-02,3404.7,benchmark:399606
2025-12-03,3366.61,benchmark:399606
2025-12-04,3400.64,benchmark:399606
2025-12-05,3447.0,benchmark:399606
2025-12-08,3536.76,benchmark:399606
2025-12-09,3558.2,benchmark:399606
2025-12-10,3557.53,benchmark:399606
2025-12-11,3507.28,benchmark:399606
2025-12-12,3541.3,benchmark:399606
2025-12-15,3478.6,benchmark:399606
2025-12-16,3405.38,benchmark:399606
2025-12-17,3520.84,benchmark:399606
2025-12-18,3444.52,benchmark:399606
2025-12-19,3461.34,benchmark:399606
2025-12-22,3538.66,benchmark:399606
2025-12-23,3553.1,benchmark:399606
2025-12-24,3580.34,benchmark:399606
2025-12-25,3591.17,benchmark:399606
2025-12-26,3596.19,benchmark:399606
2025-12-29,3572.62,benchmark:399606
2025-12-30,3595.11,benchmark:399606
2025-12-31,3551.1,benchmark:399606
2026-01-05,3652.41,benchmark:399606
2026-01-06,3679.83,benchmark:399606
2026-01-07,3691.36,benchmark:399606
2026-01-08,3661.0,benchmark:399606
2026-01-09,3689.31,benchmark:399606
2026-01-12,3756.42,benchmark:399606
2026-01-13,3682.75,benchmark:399606
2026-01-14,3712.95,benchmark:399606
2026-01-15,3734.01,benchmark:399606
2026-01-16,3726.36,benchmark:399606
2026-01-19,3700.41,benchmark:399606
2026-01-20,3634.3,benchmark:399606
2026-01-21,3653.75,benchmark:399606
2026-01-22,3690.47,benchmark:399606
2026-01-23,3713.59,benchmark:399606
2026-01-26,3679.94,benchmark:399606
2026-01-27,3705.94,benchmark:399606
2026-01-28,3684.83,benchmark:399606
2026-01-29,3663.71,benchmark:399606
2026-01-30,3710.1,benchmark:399606
2026-02-02,3618.92,benchmark:399606
2026-02-03,3686.31,benchmark:399606
2026-02-04,3671.48,benchmark:399606
2026-02-05,3614.67,benchmark:399606
2026-02-06,3588.27,benchmark:399606
2026-02-09,3695.04,benchmark:399606
2026-02-10,3681.48,benchmark:399606
2026-02-11,3641.79,benchmark:399606
2026-02-12,3689.82,benchmark:399606
2026-02-13,3632.05,benchmark:399606
2026-02-24,3667.87,benchmark:399606
2026-02-25,3719.49,benchmark:399606
2026-02-26,3708.58,benchmark:399606
2026-02-27,3670.13,benchmark:399606
2026-03-02,3652.24,benchmark:399606
2026-03-03,3558.35,benchmark:399606
2026-03-04,3508.34,benchmark:399606
2026-03-05,3566.62,benchmark:399606
2026-03-06,3580.35,benchmark:399606
2026-03-09,3557.37,benchmark:399606
2026-03-10,3665.58,benchmark:399606
2026-03-11,3713.68,benchmark:399606
2026-03-12,3678.2,benchmark:399606
2026-03-13,3670.17,benchmark:399606
2026-03-16,3721.99,benchmark:399606
2026-03-17,3636.66,benchmark:399606
2026-03-18,3710.18,benchmark:399606
2026-03-19,3668.86,benchmark:399606
2026-03-20,3716.54,benchmark:399606
2026-03-23,3586.95,benchmark:399606
2026-03-24,3605.05,benchmark:399606
2026-03-25,3677.59,benchmark:399606
2026-03-26,3628.27,benchmark:399606
2026-03-27,3654.2,benchmark:399606
2026-03-30,3629.23,benchmark:399606
2026-03-31,3531.21,benchmark:399606
2026-04-01,3600.59,benchmark:399606
2026-04-02,3517.57,benchmark:399606
2026-04-03,3492.01,benchmark:399606
2026-04-07,3504.45,benchmark:399606
2026-04-08,3711.56,benchmark:399606
2026-04-09,3684.6,benchmark:399606
2026-04-10,3824.46,benchmark:399606
2026-04-13,3855.13,benchmark:399606
2026-04-14,3946.16,benchmark:399606
2026-04-15,3898.66,benchmark:399606
2026-04-16,4022.12,benchmark:399606
2026-04-17,4079.82,benchmark:399606
2026-04-20,4079.02,benchmark:399606
2026-04-21,4092.79,benchmark:399606
2026-04-22,4175.87,benchmark:399606
2026-04-23,4139.69,benchmark:399606
2026-04-24,4081.32,benchmark:399606
2026-04-27,4060.2,benchmark:399606
2026-04-28,4002.41,benchmark:399606
2026-04-29,4103.22,benchmark:399606
2026-04-30,4092.87,benchmark:399606
2026-05-06,4205.36,benchmark:399606
2026-05-07,4266.46,benchmark:399606
2026-05-08,4225.51,benchmark:399606
2026-05-11,4373.77,benchmark:399606
2026-05-12,4381.14,benchmark:399606
2026-05-13,4496.32,benchmark:399606
2026-05-14,4399.46,benchmark:399606
2026-05-15,4374.88,benchmark:399606
2026-05-18,4359.2,benchmark:399606
2026-05-19,4352.21,benchmark:399606
2026-05-20,4367.11,benchmark:399606
2026-05-21,4264.75,benchmark:399606
2026-05-22,4386.05,benchmark:399606
2026-05-25,4478.18,benchmark:399606
2026-05-26,4502.95,benchmark:399606
2026-05-27,4506.41,benchmark:399606
2026-05-28,4595.59,benchmark:399606
2026-05-29,4499.21,benchmark:399606
2026-06-01,4402.54,benchmark:399606
2026-06-02,4519.64,benchmark:399606
2026-06-03,4594.44,benchmark:399606
2026-06-04,4557.28,benchmark:399606
2026-06-05,4411.33,benchmark:399606
2026-06-08,4248.44,benchmark:399606
2026-06-09,4415.99,benchmark:399606
2026-06-10,4297.08,benchmark:399606
2026-06-11,4249.18,benchmark:399606
2026-06-12,4270.96,benchmark:399606
2026-06-15,4497.52,benchmark:399606
2026-06-16,4575.0,benchmark:399606
2026-06-17,4646.62,benchmark:399606
2026-06-18,4741.95,benchmark:399606
2026-06-22,4861.27,benchmark:399606
2026-06-23,4674.83,benchmark:399606
2026-06-24,4741.59,benchmark:399606
2026-06-25,4876.06,benchmark:399606
2026-06-26,4677.92,benchmark:399606
2026-06-29,4703.0,benchmark:399606
2026-06-30,4843.76,benchmark:399606
2026-07-01,4752.31,benchmark:399606
2026-07-02,4480.78,benchmark:399606
2026-07-03,4483.78,benchmark:399606
2026-07-06,4405.05,benchmark:399606
2026-07-07,4364.06,benchmark:399606
2026-07-08,4289.88,benchmark:399606
2026-07-09,4482.69,benchmark:399606
2026-07-10,4287.1,benchmark:399606
2026-07-13,4154.1,benchmark:399606
2026-07-14,4296.52,benchmark:399606
2026-07-15,4244.72,benchmark:399606
2026-07-16,4119.51,benchmark:399606
2026-07-17,3825.43,benchmark:399606
2026-07-20,3841.58,benchmark:399606
2026-07-21,4112.55,benchmark:399606
2026-07-22,3979.51,benchmark:399606
2026-07-23,3989.32,benchmark:399606
2026-07-24,3883.72,benchmark:399606
2026-07-27,4006.35,benchmark:399606
2026-07-28,3712.07,benchmark:399606
2026-07-29,3769.72,benchmark:399606
2026-07-30,3620.12,benchmark:399606
2026-07-31,3730.96,benchmark:399606
2026-08-03,3684.76,benchmark:399606
2026-08-04,3892.75,benchmark:399606
2026-08-05,3944.27,benchmark:399606
2026-08-06,3922.42,benchmark:399606
2026-08-07,3975.48,benchmark:399606
2026-08-10,3948.91,benchmark:399606
2026-08-11,3962.25,benchmark:399606
2026-08-12,4021.33,benchmark:399606
2023-08-14,1.0,etf:518880.SS
2023-08-15,1.0000226290421126,etf:518880.SS
2023-08-16,1.0017650652847865,etf:518880.SS
2023-08-17,1.0015614039057728,etf:518880.SS
2023-08-18,1.0002036613790137,etf:518880.SS
2023-08-21,1.004163743748727,etf:518880.SS
2023-08-22,1.0039374533276004,etf:518880.SS
2023-08-23,1.00504627639112,etf:518880.SS
2023-08-24,1.0080559389921022,etf:518880.SS
2023-08-25,1.0064492770021043,etf:518880.SS
2023-08-28,1.0066981964653432,etf:518880.SS
2023-08-29,1.0093684234346356,etf:518880.SS
2023-08-30,1.0128306668778706,etf:518880.SS
2023-08-31,1.0176280238057518,etf:518880.SS
2023-09-01,1.0168360073318092,etf:518880.SS
2023-09-04,1.0205471702382833,etf:518880.SS
2023-09-05,1.0213165576701133,etf:518880.SS
2023-09-06,1.0175601366794138,etf:518880.SS
2023-09-07,1.0181032336901175,etf:518880.SS
2023-09-08,1.0252766400398265,etf:518880.SS
2023-09-11,1.0261591726822197,etf:518880.SS
2023-09-12,1.0289878029463007,etf:518880.SS
2023-09-13,1.0307754972731997,etf:518880.SS
2023-09-14,1.040573872507976,etf:518880.SS
2023-09-15,1.029463012830666,etf:518880.SS
2023-09-18,1.0283994478513718,etf:518880.SS
2023-09-19,1.0329478853160141,etf:518880.SS
2023-09-20,1.0346224344323498,etf:518880.SS
2023-09-21,1.036410128759249,etf:518880.SS
2023-09-22,1.0339209341268578,etf:518880.SS
2023-09-25,1.042587857256002,etf:518880.SS
2023-09-26,1.0388993233916404,etf:518880.SS
2023-09-27,1.0141657803625168,etf:518880.SS
2023-09-28,0.9799732977303065,etf:518880.SS
2023-10-09,0.960059740671177,etf:518880.SS
2023-10-10,0.9859021067638203,etf:518880.SS
2023-10-11,0.9870788169536782,etf:518880.SS
2023-10-12,0.9885044466067747,etf:518880.SS
2023-10-13,0.994591658935077,etf:518880.SS
2023-10-16,1.0085311488764677,etf:518880.SS
2023-10-17,1.0136226833518134,etf:518880.SS
2023-10-18,1.0210676382068742,etf:518880.SS
2023-10-19,1.0274716571247535,etf:518880.SS
2023-10-20,1.040415469213188,etf:518880.SS
2023-10-23,1.035097644316716,etf:518880.SS
2023-10-24,1.0368400805593898,etf:518880.SS
2023-10-25,1.0319069493788326,etf:518880.SS
2023-10-26,1.038605145844176,etf:518880.SS
2023-10-27,1.0421579054558618,etf:518880.SS
2023-10-30,1.0446697291303657,etf:518880.SS
2023-10-31,1.0445339548776897,etf:518880.SS
2023-11-01,1.0413432599398065,etf:518880.SS
2023-11-02,1.0433346156457193,etf:518880.SS
2023-11-03,1.0446697291303657,etf:518880.SS
2023-11-06,1.0396008236971326,etf:518880.SS
2023-11-07,1.0327442239370004,etf:518880.SS
2023-11-08,1.029621416125455,etf:518880.SS
2023-11-09,1.0246430268606725,etf:518880.SS
2023-11-10,1.0283768188092597,etf:518880.SS
2023-11-13,1.0271548505351766,etf:518880.SS
2023-11-14,1.0311601909891153,etf:518880.SS
2023-11-15,1.0328573691475638,etf:518880.SS
2023-11-16,1.0313864814102418,etf:518880.SS
2023-11-17,1.0330157724423523,etf:518880.SS
2023-11-20,1.0216333642596906,etf:518880.SS
2023-11-21,1.0223348645651826,etf:518880.SS
2023-11-22,1.0200267022696925,etf:518880.SS
2023-11-23,1.0184200402796946,etf:518880.SS
2023-11-24,1.01846529836392,etf:518880.SS
2023-11-27,1.028874657735738,etf:518880.SS
2023-11-28,1.032133239799959,etf:518880.SS
2023-11-29,1.038356226380937,etf:518880.SS
2023-11-30,1.0379489036229095,etf:518880.SS
2023-12-01,1.038559887759951,etf:518880.SS
2023-12-04,1.0518657645221876,etf:518880.SS
2023-12-05,1.0376320970333324,etf:518880.SS
2023-12-06,1.0371116290647415,etf:518880.SS
2023-12-07,1.0387409200968523,etf:518880.SS
2023-12-08,1.0379715326650223,etf:518880.SS
2023-12-11,1.0275621732932045,etf:518880.SS
2023-12-12,1.024077300807857,etf:518880.SS
2023-12-13,1.0202529926908195,etf:518880.SS
2023-12-14,1.0399402593288225,etf:518880.SS
2023-12-15,1.0377226132017832,etf:518880.SS
2023-12-18,1.037292661401643,etf:518880.SS
2023-12-19,1.0376547260754452,etf:518880.SS
2023-12-20,1.0433572446878323,etf:518880.SS
2023-12-21,1.0410490823923424,etf:518880.SS
2023-12-22,1.0478604240682492,etf:518880.SS
2023-12-25,1.0485392953316288,etf:518880.SS
2023-12-26,1.0517752483537375,etf:518880.SS
2023-12-27,1.0554411531759864,etf:518880.SS
2023-12-28,1.0555090403023242,etf:518880.SS
2023-12-29,1.0497838926478245,etf:518880.SS
2023-12-31,1.0497838926478245,etf:518880.SS
2024-01-02,1.0586318481138697,etf:518880.SS
2024-01-03,1.0539023783123262,etf:518880.SS
2024-01-04,1.0515036998483855,etf:518880.SS
2024-01-05,1.0506437962481048,etf:518880.SS
2024-01-08,1.0484261501210652,etf:518880.SS
2024-01-09,1.0476567626892352,etf:518880.SS
2024-01-10,1.0464121653730396,etf:518880.SS
2024-01-11,1.0466610848362787,etf:518880.SS
2024-01-12,1.0487882147948675,etf:518880.SS
2024-01-15,1.0580434930189404,etf:518880.SS
2024-01-16,1.0564368310289425,etf:518880.SS
2024-01-17,1.0446471000882531,etf:518880.SS
2024-01-18,1.0417958407820596,etf:518880.SS
2024-01-19,1.0494444570161345,etf:518880.SS
2024-01-22,1.0469778914258558,etf:518880.SS
2024-01-23,1.047226810889095,etf:518880.SS
2024-01-24,1.0460953587834627,etf:518880.SS
2024-01-25,1.0412301147292435,etf:518880.SS
2024-01-26,1.0487655857527551,etf:518880.SS
2024-01-29,1.0486071824579666,etf:518880.SS
2024-01-30,1.05068905433233,etf:518880.SS
2024-01-31,1.050372247742753,etf:518880.SS
2024-02-01,1.050372247742753,etf:518880.SS
2024-02-02,1.0580887511031656,etf:518880.SS
2024-02-05,1.04838089203684,etf:518880.SS
2024-02-06,1.0477020207734606,etf:518880.SS
2024-02-07,1.0504627639112036,etf:518880.SS
2024-02-08,1.0515489579326107,etf:518880.SS
2024-02-19,1.0491276504265574,etf:518880.SS
2024-02-20,1.049421827974022,etf:518880.SS
2024-02-21,1.0492407956371208,etf:518880.SS
2024-02-22,1.0486750695843046,etf:518880.SS
2024-02-23,1.0453033423095202,etf:518880.SS
2024-02-26,1.0513000384693718,etf:518880.SS
2024-02-27,1.052884071417257,etf:518880.SS
2024-02-28,1.05025910253219,etf:518880.SS
2024-02-29,1.0521373130275395,etf:518880.SS
2024-03-01,1.0574777669661244,etf:518880.SS
2024-03-04,1.069697449706954,etf:518880.SS
2024-03-05,1.0861035052386232,etf:518880.SS
2024-03-06,1.0932090244619945,etf:518880.SS
2024-03-07,1.104862981150008,etf:518880.SS
2024-03-08,1.1064696431400056,etf:518880.SS
2024-03-11,1.1096150799936637,etf:518880.SS
2024-03-12,1.105157158697472,etf:518880.SS
2024-03-13,1.104138851802403,etf:518880.SS
2024-03-14,1.1050440134869088,etf:518880.SS
2024-03-15,1.1091851281935232,etf:518880.SS
2024-03-18,1.1007671245276183,etf:518880.SS
2024-03-19,1.1024869317281796,etf:518880.SS
2024-03-20,1.1049534973184583,etf:518880.SS
2024-03-21,1.1261795388201215,etf:518880.SS
2024-03-22,1.1179425674911176,etf:518880.SS
2024-03-25,1.117806793238442,etf:518880.SS
2024-03-26,1.1207938267973112,etf:518880.SS
2024-03-27,1.128261410694485,etf:518880.SS
2024-03-28,1.134484397275463,etf:518880.SS
2024-03-29,1.1535833088185377,etf:518880.SS
2024-04-01,1.1670702179176753,etf:518880.SS
2024-04-02,1.1671833631282384,etf:518880.SS
2024-04-03,1.175284560204566,etf:518880.SS
2024-04-08,1.2114683985426893,etf:518880.SS
2024-04-09,1.214500690185784,etf:518880.SS
2024-04-10,1.2197279989138057,etf:518880.SS
2024-04-11,1.2114910275848019,etf:518880.SS
2024-04-12,1.2400036206467375,etf:518880.SS
2024-04-15,1.2213799189880288,etf:518880.SS
2024-04-16,1.2296847774433703,etf:518880.SS
2024-04-17,1.233939037360548,etf:518880.SS
2024-04-18,1.2315177298544948,etf:518880.SS
2024-04-19,1.2362924577402634,etf:518880.SS
2024-04-22,1.216627820144373,etf:518880.SS
2024-04-23,1.1892014211038444,etf:518880.SS
2024-04-24,1.198524586454255,etf:518880.SS
2024-04-25,1.1980493765698894,etf:518880.SS
2024-04-26,1.2084813649838198,etf:518880.SS
2024-04-29,1.1999049580231265,etf:518880.SS
2024-04-30,1.1928673259260931,etf:518880.SS
2024-05-06,1.189088275893281,etf:518880.SS
2024-05-07,1.1906496797990536,etf:518880.SS
2024-05-08,1.1891787920617316,etf:518880.SS
2024-05-09,1.1875268719875083,etf:518880.SS
2024-05-10,1.2156095132493039,etf:518880.SS
2024-05-13,1.2083682197732568,etf:518880.SS
2024-05-14,1.2032314272136857,etf:518880.SS
2024-05-15,1.2147948677332485,etf:518880.SS
2024-05-16,1.2242990654205606,etf:518880.SS
2024-05-17,1.2266524858002759,etf:518880.SS
2024-05-20,1.2535357878301008,etf:518880.SS
2024-05-21,1.242990654205607,etf:518880.SS
2024-05-22,1.2421986377316645,etf:518880.SS
2024-05-23,1.2162657554705707,etf:518880.SS
2024-05-24,1.2046117987825573,etf:518880.SS
2024-05-27,1.204951234414247,etf:518880.SS
2024-05-28,1.2073499128781877,etf:518880.SS
2024-05-29,1.214002851259306,etf:518880.SS
2024-05-30,1.205154895793261,etf:518880.SS
2024-05-31,1.20925075241565,etf:518880.SS
2024-06-03,1.199565522391437,etf:518880.SS
2024-06-04,1.2089339458260728,etf:518880.SS
2024-06-05,1.2018284266027017,etf:518880.SS
2024-06-06,1.221696725577606,etf:518880.SS
2024-06-07,1.2228734357674635,etf:518880.SS
2024-06-11,1.1879568237876486,etf:518880.SS
2024-06-12,1.1923694869996149,etf:518880.SS
2024-06-13,1.1929804711366565,etf:518880.SS
2024-06-14,1.1929125840103187,etf:518880.SS
2024-06-17,1.1952660043900338,etf:518880.SS
2024-06-18,1.1959222466113006,etf:518880.SS
2024-06-19,1.2011721843814347,etf:518880.SS
2024-06-20,1.2105179787739582,etf:518880.SS
2024-06-21,1.2146817225226851,etf:518880.SS
2024-06-24,1.2009458939603084,etf:518880.SS
2024-06-25,1.200334909823267,etf:518880.SS
2024-06-26,1.1925278902944034,etf:518880.SS
2024-06-27,1.187481613903283,etf:518880.SS
2024-06-28,1.200561200244393,etf:518880.SS
2024-06-30,1.2005385712022805,etf:518880.SS
2024-07-01,1.1990450544228457,etf:518880.SS
2024-07-02,1.1996786676019997,etf:518880.SS
2024-07-03,1.2098391075105783,etf:518880.SS
2024-07-04,1.2148401258174735,etf:518880.SS
2024-07-05,1.2181213369238073,etf:518880.SS
2024-07-08,1.2208368219773251,etf:518880.SS
2024-07-09,1.2135728994591655,etf:518880.SS
2024-07-10,1.224321694462673,etf:518880.SS
2024-07-11,1.2263356792106983,etf:518880.SS
2024-07-12,1.2295942612749196,etf:518880.SS
2024-07-15,1.2304089067909747,etf:518880.SS
2024-07-16,1.2460003168065887,etf:518880.SS
2024-07-17,1.2602792423796694,etf:518880.SS
2024-07-18,1.2606639360955842,etf:518880.SS
2024-07-19,1.2265167115475994,etf:518880.SS
2024-07-22,1.2295263741485816,etf:518880.SS
2024-07-23,1.2222624516304217,etf:518880.SS
2024-07-24,1.2361114254033618,etf:518880.SS
2024-07-25,1.2055848475934006,etf:518880.SS
2024-07-26,1.2123056731008568,etf:518880.SS
2024-07-29,1.2194564504084533,etf:518880.SS
2024-07-30,1.2192075309452144,etf:518880.SS
2024-07-31,1.2291869385168919,etf:518880.SS
2024-08-01,1.240840895204905,etf:518880.SS
2024-08-02,1.2464076395646162,etf:518880.SS
2024-08-05,1.223507048946617,etf:518880.SS
2024-08-06,1.2094770428367758,etf:518880.SS
2024-08-07,1.2103822045212815,etf:518880.SS
2024-08-08,1.211377882374238,etf:518880.SS
2024-08-09,1.22395962978887,etf:518880.SS
2024-08-12,1.2307936005068894,etf:518880.SS
2024-08-13,1.2389626847095552,etf:518880.SS
2024-08-14,1.236473490077164,etf:518880.SS
2024-08-15,1.234165327781674,etf:518880.SS
2024-08-16,1.2352062637188557,etf:518880.SS
2024-08-19,1.2484668823968672,etf:518880.SS
2024-08-20,1.249507818334049,etf:518880.SS
2024-08-21,1.2533094974089736,etf:518880.SS
2024-08-22,1.2497793668394006,etf:518880.SS
2024-08-23,1.2468375913647565,etf:518880.SS
2024-08-26,1.253988368672353,etf:518880.SS
2024-08-27,1.2520196420085525,etf:518880.SS
2024-08-28,1.250571383313343,etf:518880.SS
2024-08-29,1.2539657396302404,etf:518880.SS
2024-08-30,1.2507750446923571,etf:518880.SS
2024-09-02,1.2447330904482803,etf:518880.SS
2024-09-03,1.2464302686067288,etf:518880.SS
2024-09-04,1.23780860356181,etf:518880.SS
2024-09-05,1.2470412527437702,etf:518880.SS
2024-09-06,1.2493267859971477,etf:518880.SS
2024-09-09,1.2436468964268732,etf:518880.SS
2024-09-10,1.2490099794075704,etf:518880.SS
2024-09-11,1.2555497725781257,etf:518880.SS
2024-09-12,1.253920481546015,etf:518880.SS
2024-09-13,1.270349166119797,etf:518880.SS
2024-09-18,1.269059310719376,etf:518880.SS
2024-09-19,1.271344843972753,etf:518880.SS
2024-09-20,1.2827498811975273,etf:518880.SS
2024-09-23,1.2912131429476577,etf:518880.SS
2024-09-24,1.2907605621054046,etf:518880.SS
2024-09-25,1.2986580978027185,etf:518880.SS
2024-09-26,1.3018714217827143,etf:518880.SS
2024-09-27,1.301894050824827,etf:518880.SS
2024-09-30,1.2976397909076494,etf:518880.SS
2024-10-08,1.293498676201035,etf:518880.SS
2024-10-09,1.2830440587449918,etf:518880.SS
2024-10-10,1.2879319318413236,etf:518880.SS
2024-10-11,1.3018714217827145,etf:518880.SS
2024-10-14,1.309474779932564,etf:518880.SS
2024-10-15,1.3147473467448108,etf:518880.SS
2024-10-16,1.3293204498653557,etf:518880.SS
2024-10-17,1.3352040008146442,etf:518880.SS
2024-10-18,1.3443008757439283,etf:518880.SS
2024-10-21,1.3599601728858803,etf:518880.SS
2024-10-22,1.3619967866760185,etf:518880.SS
2024-10-23,1.3700074675838958,etf:518880.SS
2024-10-24,1.3576293815482778,etf:518880.SS
2024-10-25,1.3542350252313806,etf:518880.SS
2024-10-28,1.361023737865175,etf:518880.SS
2024-10-29,1.3715688714896686,etf:518880.SS
2024-10-30,1.3873413138421837,etf:518880.SS
2024-10-31,1.3813446176823323,etf:518880.SS
2024-11-01,1.3675182729515047,etf:518880.SS
2024-11-04,1.3583082528116575,etf:518880.SS
2024-11-05,1.358919236948699,etf:518880.SS
2024-11-06,1.3608879636124993,etf:518880.SS
2024-11-07,1.3289131271073287,etf:518880.SS
2024-11-08,1.3350908556040813,etf:518880.SS
2024-11-11,1.3359960172885874,etf:518880.SS
2024-11-12,1.3132085718811517,etf:518880.SS
2024-11-13,1.3136837817655171,etf:518880.SS
2024-11-14,1.28763775429386,etf:518880.SS
2024-11-15,1.289425448620759,etf:518880.SS
2024-11-18,1.3042927292887683,etf:518880.SS
2024-11-19,1.3226901405263507,etf:518880.SS
2024-11-20,1.3242515444321232,etf:518880.SS
2024-11-21,1.3425131814170297,etf:518880.SS
2024-11-22,1.3588060917381357,etf:518880.SS
2024-11-25,1.3426036975854803,etf:518880.SS
2024-11-26,1.3218754950102953,etf:518880.SS
2024-11-27,1.3366070014256288,etf:518880.SS
2024-11-28,1.33217170917155,etf:518880.SS
2024-11-29,1.338915163721119,etf:518880.SS
2024-12-02,1.3351361136883069,etf:518880.SS
2024-12-03,1.342829988006607,etf:518880.SS
2024-12-04,1.3409517775112572,etf:518880.SS
2024-12-05,1.3412459550587217,etf:518880.SS
2024-12-06,1.3370595822678817,etf:518880.SS
2024-12-09,1.3438709239437887,etf:518880.SS
2024-12-10,1.3490303455454724,etf:518880.SS
2024-12-11,1.3602090923491201,etf:518880.SS
2024-12-12,1.3689665316467146,etf:518880.SS
2024-12-13,1.355072299789549,etf:518880.SS
2024-12-16,1.346088570070828,etf:518880.SS
2024-12-17,1.3457943925233635,etf:518880.SS
2024-12-18,1.3420379715326642,etf:518880.SS
2024-12-19,1.337693195447036,etf:518880.SS
2024-12-20,1.3318096444977474,etf:518880.SS
2024-12-23,1.3460433119866027,etf:518880.SS
2024-12-24,1.3415401326061858,etf:518880.SS
2024-12-25,1.3424679233328043,etf:518880.SS
2024-12-26,1.3451834083863219,etf:518880.SS
2024-12-27,1.346201715281391,etf:518880.SS
2024-12-30,1.3416759068588615,etf:518880.SS
2024-12-31,1.3379873729945,etf:518880.SS
2025-01-02,1.3535561539680012,etf:518880.SS
2025-01-03,1.3641465456767201,etf:518880.SS
2025-01-06,1.3585345432327836,etf:518880.SS
2025-01-07,1.359982801927993,etf:518880.SS
2025-01-08,1.3672014663619274,etf:518880.SS
2025-01-09,1.3715688714896683,etf:518880.SS
2025-01-10,1.3790364553868422,etf:518880.SS
2025-01-13,1.385666764725848,etf:518880.SS
2025-01-14,1.3759589056595223,etf:518880.SS
2025-01-15,1.3803941979136012,etf:518880.SS
2025-01-16,1.3859156841890872,etf:518880.SS
2025-01-17,1.387205539589508,etf:518880.SS
2025-01-20,1.3867303297051423,etf:518880.SS
2025-01-21,1.389966282727251,etf:518880.SS
2025-01-22,1.399719399877802,etf:518880.SS
2025-01-23,1.4009187391097724,etf:518880.SS
2025-01-24,1.4040189178792053,etf:518880.SS
2025-01-27,1.398836867235409,etf:518880.SS
2025-02-05,1.4523771808739325,etf:518880.SS
2025-02-06,1.451313615894638,etf:518880.SS
2025-02-07,1.454775859337873,etf:518880.SS
2025-02-10,1.4778122242085479,etf:518880.SS
2025-02-11,1.486411260211354,etf:518880.SS
2025-02-12,1.479034192482631,etf:518880.SS
2025-02-13,1.4869543572220576,etf:518880.SS
2025-02-14,1.4928605372134587,etf:518880.SS
2025-02-17,1.4704577855219378,etf:518880.SS
2025-02-18,1.4846235658844549,etf:518880.SS
2025-02-19,1.4933810051820495,etf:518880.SS
2025-02-20,1.4982688782783813,etf:518880.SS
2025-02-21,1.4858681632006505,etf:518880.SS
2025-02-24,1.4903487135389548,etf:518880.SS
2025-02-25,1.4893982937702237,etf:518880.SS
2025-02-26,1.4766807721029158,etf:518880.SS
2025-02-27,1.4705256726482758,etf:518880.SS
2025-02-28,1.4581702156547705,etf:518880.SS
2025-03-03,1.4600257971080075,etf:518880.SS
2025-03-04,1.4774049014505206,etf:518880.SS
2025-03-05,1.481410241904459,etf:518880.SS
2025-03-06,1.4771786110293939,etf:518880.SS
2025-03-07,1.476658143060803,etf:518880.SS
2025-03-10,1.482043855083613,etf:518880.SS
2025-03-11,1.4707293340272896,etf:518880.SS
2025-03-12,1.47654499785024,etf:518880.SS
2025-03-13,1.4860039374533267,etf:518880.SS
2025-03-14,1.5055554298386542,etf:518880.SS
2025-03-17,1.5110769161141402,etf:518880.SS
2025-03-18,1.5226856147179282,etf:518880.SS
2025-03-19,1.5375528953859374,etf:518880.SS
2025-03-20,1.5408793645764967,etf:518880.SS
2025-03-21,1.5351768459641093,etf:518880.SS
2025-03-24,1.5337059582267871,etf:518880.SS
2025-03-25,1.5308546989205936,etf:518880.SS
2025-03-26,1.5376886696386134,etf:518880.SS
2025-03-27,1.540788848408046,etf:518880.SS
2025-03-28,1.5664501821637882,etf:518880.SS
2025-03-31,1.587449933244325,etf:518880.SS
2025-04-01,1.5984929057952968,etf:518880.SS
2025-04-02,1.5913647575298129,etf:518880.SS
2025-04-03,1.6047158923762748,etf:518880.SS
2025-04-07,1.5526917245592986,etf:518880.SS
2025-04-08,1.5585300174243615,etf:518880.SS
2025-04-09,1.5826752053585562,etf:518880.SS
2025-04-10,1.610033717272747,etf:518880.SS
2025-04-11,1.6443619741576332,etf:518880.SS
2025-04-14,1.655653866171844,etf:518880.SS
2025-04-15,1.6567400601932514,etf:518880.SS
2025-04-16,1.6972460455748903,etf:518880.SS
2025-04-17,1.7070670498517793,etf:518880.SS
2025-04-18,1.7126790522957158,etf:518880.SS
2025-04-21,1.7461247765382086,etf:518880.SS
2025-04-22,1.793080038921952,etf:518880.SS
2025-04-23,1.7091715507682554,etf:518880.SS
2025-04-24,1.7209160236247194,etf:518880.SS
2025-04-25,1.7060940010409353,etf:518880.SS
2025-04-28,1.690276300604195,etf:518880.SS
2025-04-29,1.6939648344685565,etf:518880.SS
2025-04-30,1.6941006087212322,etf:518880.SS
2025-05-06,1.7199882328981007,etf:518880.SS
2025-05-07,1.7336561743341399,etf:518880.SS
2025-05-08,1.707791179199384,etf:518880.SS
2025-05-09,1.7051435812722042,etf:518880.SS
2025-05-12,1.648186282274671,etf:518880.SS
2025-05-13,1.6580978027200104,etf:518880.SS
2025-05-14,1.646443846031997,etf:518880.SS
2025-05-15,1.5974972279423407,etf:518880.SS
2025-05-16,1.6204204476024526,etf:518880.SS
2025-05-19,1.63766377769229,etf:518880.SS
2025-05-20,1.635536647733701,etf:518880.SS
2025-05-21,1.6795275056006873,etf:518880.SS
2025-05-22,1.6894842841302522,etf:518880.SS
2025-05-23,1.6848905885813847,etf:518880.SS
2025-05-26,1.679595392727025,etf:518880.SS
2025-05-27,1.668371387839152,etf:518880.SS
2025-05-28,1.6704306306714032,etf:518880.SS
2025-05-29,1.6557896404245205,etf:518880.SS
2025-05-30,1.6684392749654904,etf:518880.SS
2025-06-03,1.6896653164671538,etf:518880.SS
2025-06-04,1.6914982688782783,etf:518880.SS
2025-06-05,1.6953225769953155,etf:518880.SS
2025-06-06,1.6924486886470094,etf:518880.SS
2025-06-09,1.675793713652101,etf:518880.SS
2025-06-10,1.6765631010839308,etf:518880.SS
2025-06-11,1.680975764295897,etf:518880.SS
2025-06-12,1.693670656921092,etf:518880.SS
2025-06-13,1.7185852322871167,etf:518880.SS
2025-06-16,1.7102124867054371,etf:518880.SS
2025-06-17,1.6992600303229157,etf:518880.SS
2025-06-18,1.6963408838903842,etf:518880.SS
2025-06-19,1.6867235409925092,etf:518880.SS
2025-06-20,1.6866103957819458,etf:518880.SS
2025-06-23,1.6878097350139163,etf:518880.SS
2025-06-24,1.6680772102916879,etf:518880.SS
2025-06-25,1.673576067525061,etf:518880.SS
2025-06-26,1.6782150211581537,etf:518880.SS
2025-06-27,1.6558122694666326,etf:518880.SS
2025-06-30,1.6581204317621225,etf:518880.SS
2025-07-01,1.6764273268312544,etf:518880.SS
2025-07-02,1.6717431151139364,etf:518880.SS
2025-07-03,1.6834875879704003,etf:518880.SS
2025-07-04,1.6742549387884402,etf:518880.SS
2025-07-07,1.6652033219433813,etf:518880.SS
2025-07-08,1.673259260935484,etf:518880.SS
2025-07-09,1.6556764952139569,etf:518880.SS
2025-07-10,1.6694123237763339,etf:518880.SS
2025-07-11,1.6692312914394327,etf:518880.SS
2025-07-14,1.6859088954764538,etf:518880.SS
2025-07-15,1.6829218619175845,etf:518880.SS
2025-07-16,1.6750469552623832,etf:518880.SS
2025-07-17,1.6718110022402748,etf:518880.SS
2025-07-18,1.677377746599986,etf:518880.SS
2025-07-21,1.6856373469711023,etf:518880.SS
2025-07-22,1.6921545110995446,etf:518880.SS
2025-07-23,1.7097825349052969,etf:518880.SS
2025-07-24,1.6812473128012484,etf:518880.SS
2025-07-25,1.6786676020004065,etf:518880.SS
2025-07-28,1.673372406146047,etf:518880.SS
2025-07-29,1.6644565635536641,etf:518880.SS
2025-07-30,1.6687334525129542,etf:518880.SS
2025-07-31,1.6636645470797211,etf:518880.SS
2025-08-01,1.6635061437849328,etf:518880.SS
2025-08-04,1.6823335068226553,etf:518880.SS
2025-08-05,1.6906383652779968,etf:518880.SS
2025-08-06,1.689076961372224,etf:518880.SS
2025-08-07,1.6953904641216526,etf:518880.SS
2025-08-08,1.6977665135434805,etf:518880.SS
2025-08-11,1.6811794256749097,etf:518880.SS
2025-08-12,1.6766536172523803,etf:518880.SS
2025-08-13,1.679821683148151,etf:518880.SS
2025-08-14,1.6800253445271647,etf:518880.SS
2025-08-15,1.6767215043787183,etf:518880.SS
2025-08-18,1.6786223439161805,etf:518880.SS
2025-08-19,1.6755447941888604,etf:518880.SS
2025-08-20,1.6694349528184456,etf:518880.SS
2025-08-21,1.6732366318933705,etf:518880.SS
2025-08-22,1.6729198253037936,etf:518880.SS
2025-08-25,1.681405716096036,etf:518880.SS
2025-08-26,1.6840759430653285,etf:518880.SS
2025-08-27,1.6861578149396919,etf:518880.SS
2025-08-28,1.6899821230567296,etf:518880.SS
2025-08-29,1.6939648344685554,etf:518880.SS
2025-09-01,1.7218664433934496,etf:518880.SS
2025-09-02,1.7333167387024493,etf:518880.SS
2025-09-03,1.7528682310877768,etf:518880.SS
2025-09-04,1.7532755538458042,etf:518880.SS
2025-09-05,1.7582313140684742,etf:518880.SS
2025-09-08,1.7791179199384477,etf:518880.SS
2025-09-09,1.8024710913986999,etf:518880.SS
2025-09-10,1.797583218302368,etf:518880.SS
2025-09-11,1.79059084428956,etf:518880.SS
2025-09-12,1.7989635898712395,etf:518880.SS
2025-09-15,1.7941209748591331,etf:518880.SS
2025-09-16,1.8168631621823437,etf:518880.SS
2025-09-17,1.8019732524722216,etf:518880.SS
2025-09-18,1.7862008101197064,etf:518880.SS
2025-09-19,1.7907492475843485,etf:518880.SS
2025-09-22,1.8183340499196656,etf:518880.SS
2025-09-23,1.8424792378538604,etf:518880.SS
2025-09-24,1.855400420900182,etf:518880.SS
2025-09-25,1.8447421420651253,etf:518880.SS
2025-09-26,1.84743499807653,etf:518880.SS
2025-09-29,1.8687289267045315,etf:518880.SS
2025-09-30,1.8881446448371826,etf:518880.SS
2025-10-09,1.9737050530651021,etf:518880.SS
2025-10-10,1.9436989432237317,etf:518880.SS
2025-10-13,2.006494535086328,etf:518880.SS
2025-10-14,2.036862709601501,etf:518880.SS
2025-10-15,2.076395646172296,etf:518880.SS
2025-10-16,2.096105541852412,etf:518880.SS
2025-10-17,2.158901133715008,etf:518880.SS
2025-10-20,2.109320902446198,etf:518880.SS
2025-10-21,2.137086737118416,etf:518880.SS
2025-10-22,2.0540607816071126,etf:518880.SS
2025-10-23,2.03754158086488,etf:518880.SS
2025-10-24,2.0253897852503884,etf:518880.SS
2025-10-27,2.0148672806680072,etf:518880.SS
2025-10-28,1.940983458170214,etf:518880.SS
2025-10-29,1.97608110248693,etf:518880.SS
2025-10-30,1.963069403272158,etf:518880.SS
2025-10-31,1.994636917019301,etf:518880.SS
2025-11-03,1.9913104478287416,etf:518880.SS
2025-11-04,1.9836844606367796,etf:518880.SS
2025-11-05,1.9695865674006001,etf:518880.SS
2025-11-06,1.9868298974904375,etf:518880.SS
2025-11-07,1.9868977846167755,etf:518880.SS
2025-11-10,2.0230589939127857,etf:518880.SS
2025-11-11,2.049037134258105,etf:518880.SS
2025-11-12,2.044782874340927,etf:518880.SS
2025-11-13,2.075648887782578,etf:518880.SS
2025-11-14,2.0516621031431717,etf:518880.SS
2025-11-17,2.015523522889274,etf:518880.SS
2025-11-18,1.9842275576474826,etf:518880.SS
2025-11-19,2.023873639428841,etf:518880.SS
2025-11-20,2.012264940825053,etf:518880.SS
2025-11-21,2.0002941775474623,etf:518880.SS
2025-11-24,2.0035527596116838,etf:518880.SS
2025-11-25,2.037089000022627,etf:518880.SS
2025-11-26,2.036251725464459,etf:518880.SS
2025-11-27,2.042293679708536,etf:518880.SS
2025-11-28,2.0513000384693694,etf:518880.SS
2025-12-01,2.0735217578239893,etf:518880.SS
2025-12-02,2.065782625421464,etf:518880.SS
2025-12-03,2.055328007965421,etf:518880.SS
2025-12-04,2.0536760878911977,etf:518880.SS
2025-12-05,2.069131723654136,etf:518880.SS
2025-12-08,2.0638591568418887,etf:518880.SS
2025-12-09,2.0487655857527525,etf:518880.SS
2025-12-10,2.0569120409133057,etf:518880.SS
2025-12-11,2.060080106809076,etf:518880.SS
2025-12-12,2.0856509243963672,etf:518880.SS
2025-12-15,2.1127152587630933,etf:518880.SS
2025-12-16,2.0869407797967883,etf:518880.SS
2025-12-17,2.1037767871285977,etf:518880.SS
2025-12-18,2.1098639994569,etf:518880.SS
2025-12-19,2.109750854246337,etf:518880.SS
2025-12-22,2.146952999479529,etf:518880.SS
2025-12-23,2.177411690163152,etf:518880.SS
2025-12-24,2.1791767554479393,etf:518880.SS
2025-12-25,2.1688805412866845,etf:518880.SS
2025-12-26,2.1775700934579407,etf:518880.SS
2025-12-29,2.1709850422031605,etf:518880.SS
2025-12-30,2.123147247177024,etf:518880.SS
2025-12-31,2.1079631599194375,etf:518880.SS
2026-01-05,2.1481297096693868,etf:518880.SS
2026-01-06,2.168518476612882,etf:518880.SS
2026-01-07,2.1612998121789477,etf:518880.SS
2026-01-08,2.153764341155436,etf:518880.SS
2026-01-09,2.169423638297388,etf:518880.SS
2026-01-12,2.2130298024484594,etf:518880.SS
2026-01-13,2.2158584327125403,etf:518880.SS
2026-01-14,2.243827928763772,etf:518880.SS
2026-01-15,2.2357493607295575,etf:518880.SS
2026-01-16,2.2321739720757594,etf:518880.SS
2026-01-19,2.260347129506005,etf:518880.SS
2026-01-20,2.283451381503018,etf:518880.SS
2026-01-21,2.3512253626303967,etf:518880.SS
2026-01-22,2.3423095200380137,etf:518880.SS
2026-01-23,2.3996967708356873,etf:518880.SS
2026-01-26,2.473376931954467,etf:518880.SS
2026-01-27,2.4726980606910876,etf:518880.SS
2026-01-28,2.560747663551399,etf:518880.SS
2026-01-29,2.6863614763187043,etf:518880.SS
2026-01-30,2.5156027245366674,etf:518880.SS
2026-02-02,2.226064130705345,etf:518880.SS
2026-02-03,2.372247742753047,etf:518880.SS
2026-02-04,2.4638048471408176,etf:518880.SS
2026-02-05,2.3886537982847154,etf:518880.SS
2026-02-06,2.363399787287001,etf:518880.SS
2026-02-09,2.4112828403973627,etf:518880.SS
2026-02-10,2.4127310990925723,etf:518880.SS
2026-02-11,2.4263311534022733,etf:518880.SS
2026-02-12,2.4252223303387535,etf:518880.SS
2026-02-13,2.395781946550199,etf:518880.SS
2026-02-24,2.479034192482629,etf:518880.SS
2026-02-25,2.4745536421443246,etf:518880.SS
2026-02-26,2.4720870765540464,etf:518880.SS
2026-02-27,2.4687153492792615,etf:518880.SS
2026-03-02,2.5904595958453043,etf:518880.SS
2026-03-03,2.5529180149804223,etf:518880.SS
2026-03-04,2.4905523749179665,etf:518880.SS
2026-03-05,2.482813242515441,etf:518880.SS
2026-03-06,2.4605688941187087,etf:518880.SS
2026-03-09,2.4626960240772973,etf:518880.SS
2026-03-10,2.472200221764609,etf:518880.SS
2026-03-11,2.4843520173791007,etf:518880.SS
2026-03-12,2.4757077232920692,etf:518880.SS
2026-03-13,2.442533547554928,etf:518880.SS
2026-03-16,2.406802290059058,etf:518880.SS
2026-03-17,2.4096535493652516,etf:518880.SS
2026-03-18,2.400805593899207,etf:518880.SS
2026-03-19,2.2910094815686417,etf:518880.SS
2026-03-20,2.24894209228123,etf:518880.SS
2026-03-23,1.9968093050621134,etf:518880.SS
2026-03-24,2.11491027584802,etf:518880.SS
2026-03-25,2.192278970831161,etf:518880.SS
2026-03-26,2.140345319182635,etf:518880.SS
2026-03-27,2.1456857731212193,etf:518880.SS
2026-03-30,2.177615351542165,etf:518880.SS
2026-03-31,2.19954289334932,etf:518880.SS
2026-04-01,2.2620443076644516,etf:518880.SS
2026-04-02,2.2180534497974653,etf:518880.SS
2026-04-03,2.2328981014233618,etf:518880.SS
2026-04-07,2.2189359824398585,etf:518880.SS
2026-04-08,2.2877282704623068,etf:518880.SS
2026-04-09,2.2361566834875837,etf:518880.SS
2026-04-10,2.260324500463891,etf:518880.SS
2026-04-13,2.249553076418271,etf:518880.SS
2026-04-14,2.2625874046751555,etf:518880.SS
2026-04-15,2.2773415401326016,etf:518880.SS
2026-04-16,2.2841302527663956,etf:518880.SS
2026-04-17,2.2725215541626076,etf:518880.SS
2026-04-20,2.2745355389106328,etf:518880.SS
2026-04-21,2.2669321807607834,etf:518880.SS
2026-04-22,2.2639225181598013,etf:518880.SS
2026-04-23,2.2388495394989882,etf:518880.SS
2026-04-24,2.2295716322328025,etf:518880.SS
2026-04-27,2.23801226494082,etf:518880.SS
2026-04-28,2.202439410739738,etf:518880.SS
2026-04-29,2.1789730940689225,etf:518880.SS
2026-04-30,2.1868932588083494,etf:518880.SS
2026-05-06,2.215473738996623,etf:518880.SS
2026-05-07,2.241316105089266,etf:518880.SS
2026-05-08,2.226380937294919,etf:518880.SS
2026-05-11,2.2129166572378938,etf:518880.SS
2026-05-12,2.2187096920187317,etf:518880.SS
2026-05-13,2.221809870788164,etf:518880.SS
2026-05-14,2.2189586114819706,etf:518880.SS
2026-05-15,2.1700798805186525,etf:518880.SS
2026-05-18,2.1562987938720504,etf:518880.SS
2026-05-19,2.152655518091914,etf:518880.SS
2026-05-20,2.1245276187458937,etf:518880.SS
2026-05-21,2.1383765925188336,etf:518880.SS
2026-05-22,2.13980222217193,etf:518880.SS
2026-05-25,2.1501889525016353,etf:518880.SS
2026-05-26,2.139327012287565,etf:518880.SS
2026-05-27,2.1189382453440695,etf:518880.SS
2026-05-28,2.074268516213704,etf:518880.SS
2026-05-29,2.124097666945753,etf:518880.SS
2026-06-01,2.11466135638478,etf:518880.SS
2026-06-02,2.1292797175895495,etf:518880.SS
2026-06-03,2.097757461926632,etf:518880.SS
2026-06-04,2.101378108664655,etf:518880.SS
2026-06-05,2.101129189201416,etf:518880.SS
2026-06-08,2.0291009481568594,etf:518880.SS
2026-06-09,2.0375868389491028,etf:518880.SS
2026-06-10,1.974293408160028,etf:518880.SS
2026-06-11,1.9319544703672646,etf:518880.SS
2026-06-12,1.9566427553121628,etf:518880.SS
2026-06-15,2.021203412459546,etf:518880.SS
2026-06-16,2.0276300604195376,etf:518880.SS
2026-06-17,2.024801430155457,etf:518880.SS
2026-06-18,2.017628023805748,etf:518880.SS
2026-06-22,1.9711027132221448,etf:518880.SS
2026-06-23,1.9378832794007788,etf:518880.SS
2026-06-24,1.9280170170396642,etf:518880.SS
2026-06-25,1.886017514878591,etf:518880.SS
2026-06-26,1.904799619832088,etf:518880.SS
2026-06-29,1.9113167839605305,etf:518880.SS
2026-06-30,1.8945939218392842,etf:518880.SS
2026-07-01,1.8726211219479034,etf:518880.SS
2026-07-02,1.9117919938448957,etf:518880.SS
2026-07-03,1.9633862098617316,etf:518880.SS
2026-07-06,1.9564164648910365,etf:518880.SS
2026-07-07,1.9451698309610508,etf:518880.SS
2026-07-08,1.9419112488968295,etf:518880.SS
2026-07-09,1.9368876015478218,etf:518880.SS
2026-07-10,1.933606390441488,etf:518880.SS
2026-07-13,1.9102532189812358,etf:518880.SS
2026-07-14,1.8960421805344936,etf:518880.SS
2026-07-15,1.8919689529542167,etf:518880.SS
2026-07-16,1.8904528071326698,etf:518880.SS
2026-07-17,1.8799529315924013,etf:518880.SS
2026-07-20,1.8809938675295832,etf:518880.SS
2026-07-21,1.9109999773709536,etf:518880.SS
2026-07-22,1.93695548867416,etf:518880.SS
2026-07-23,1.9298047113665637,etf:518880.SS
2026-07-24,1.9037586838949068,etf:518880.SS
2026-07-27,1.9258898870810754,etf:518880.SS
2026-07-28,1.9028308931682878,etf:518880.SS
2026-07-29,1.8999796338620945,etf:518880.SS
2026-07-30,1.8971962616822389,etf:518880.SS
2026-07-31,1.9062931366115228,etf:518880.SS
2026-08-03,1.9021293928627958,etf:518880.SS
2026-08-04,1.9046185874951873,etf:518880.SS
2026-08-05,1.9491299133307647,etf:518880.SS
2026-08-06,1.9937091262926796,etf:518880.SS
2026-08-07,2.004163743748723,etf:518880.SS
2026-08-10,2.034667692516572,etf:518880.SS
2026-08-11,2.039080355728538,etf:518880.SS
2026-08-12,2.0584734448190773,etf:518880.SS
2023-08-14,455.95,benchmark:Au99.99
2023-08-15,456.0,benchmark:Au99.99
2023-08-16,456.79,benchmark:Au99.99
2023-08-17,456.7,benchmark:Au99.99
2023-08-18,456.1,benchmark:Au99.99
2023-08-21,457.92,benchmark:Au99.99
2023-08-22,457.82,benchmark:Au99.99
2023-08-23,458.32,benchmark:Au99.99
2023-08-24,459.7,benchmark:Au99.99
2023-08-25,459.0,benchmark:Au99.99
2023-08-28,459.14,benchmark:Au99.99
2023-08-29,460.35,benchmark:Au99.99
2023-08-30,461.96,benchmark:Au99.99
2023-08-31,464.16,benchmark:Au99.99
2023-09-01,463.79,benchmark:Au99.99
2023-09-04,465.5,benchmark:Au99.99
2023-09-05,465.85,benchmark:Au99.99
2023-09-06,464.13,benchmark:Au99.99
2023-09-07,464.38,benchmark:Au99.99
2023-09-08,467.68,benchmark:Au99.99
2023-09-11,468.09,benchmark:Au99.99
2023-09-12,469.4,benchmark:Au99.99
2023-09-13,470.21,benchmark:Au99.99
2023-09-14,474.7,benchmark:Au99.99
2023-09-15,469.6,benchmark:Au99.99
2023-09-18,469.18,benchmark:Au99.99
2023-09-19,471.26,benchmark:Au99.99
2023-09-20,472.0,benchmark:Au99.99
2023-09-21,472.83,benchmark:Au99.99
2023-09-22,471.72,benchmark:Au99.99
2023-09-25,475.73,benchmark:Au99.99
2023-09-26,474.04,benchmark:Au99.99
2023-09-27,462.68,benchmark:Au99.99
2023-09-28,447.1,benchmark:Au99.99
2023-10-09,438.0,benchmark:Au99.99
2023-10-10,449.88,benchmark:Au99.99
2023-10-11,450.42,benchmark:Au99.99
2023-10-12,451.05,benchmark:Au99.99
2023-10-13,453.99,benchmark:Au99.99
2023-10-16,460.24,benchmark:Au99.99
2023-10-17,462.61,benchmark:Au99.99
2023-10-18,466.0,benchmark:Au99.99
2023-10-19,468.95,benchmark:Au99.99
2023-10-20,474.84,benchmark:Au99.99
2023-10-23,472.47,benchmark:Au99.99
2023-10-24,473.31,benchmark:Au99.99
2023-10-25,471.0,benchmark:Au99.99
2023-10-26,474.17,benchmark:Au99.99
2023-10-27,475.8,benchmark:Au99.99
2023-10-30,476.9,benchmark:Au99.99
2023-10-31,476.86,benchmark:Au99.99
2023-11-01,475.4,benchmark:Au99.99
2023-11-02,476.32,benchmark:Au99.99
2023-11-03,476.99,benchmark:Au99.99
2023-11-06,474.63,benchmark:Au99.99
2023-11-07,471.44,benchmark:Au99.99
2023-11-08,470.5,benchmark:Au99.99
2023-11-09,467.73,benchmark:Au99.99
2023-11-10,469.46,benchmark:Au99.99
2023-11-13,468.94,benchmark:Au99.99
2023-11-14,470.78,benchmark:Au99.99
2023-11-15,471.55,benchmark:Au99.99
2023-11-16,470.88,benchmark:Au99.99
2023-11-17,471.65,benchmark:Au99.99
2023-11-20,466.35,benchmark:Au99.99
2023-11-21,466.79,benchmark:Au99.99
2023-11-22,465.69,benchmark:Au99.99
2023-11-23,465.0,benchmark:Au99.99
2023-11-24,465.02,benchmark:Au99.99
2023-11-27,469.83,benchmark:Au99.99
2023-11-28,471.31,benchmark:Au99.99
2023-11-29,474.22,benchmark:Au99.99
2023-11-30,474.04,benchmark:Au99.99
2023-12-01,474.32,benchmark:Au99.99
2023-12-04,480.45,benchmark:Au99.99
2023-12-05,473.93,benchmark:Au99.99
2023-12-06,473.7,benchmark:Au99.99
2023-12-07,474.45,benchmark:Au99.99
2023-12-08,474.1,benchmark:Au99.99
2023-12-11,469.34,benchmark:Au99.99
2023-12-12,467.76,benchmark:Au99.99
2023-12-13,466.01,benchmark:Au99.99
2023-12-14,475.03,benchmark:Au99.99
2023-12-15,474.0,benchmark:Au99.99
2023-12-18,473.82,benchmark:Au99.99
2023-12-19,473.99,benchmark:Au99.99
2023-12-20,476.6,benchmark:Au99.99
2023-12-21,475.54,benchmark:Au99.99
2023-12-22,478.66,benchmark:Au99.99
2023-12-25,479.0,benchmark:Au99.99
2023-12-26,480.49,benchmark:Au99.99
2023-12-27,482.17,benchmark:Au99.99
2023-12-28,482.19,benchmark:Au99.99
2023-12-29,479.59,benchmark:Au99.99
2024-01-02,483.66,benchmark:Au99.99
2024-01-03,481.49,benchmark:Au99.99
2024-01-04,480.4,benchmark:Au99.99
2024-01-05,480.0,benchmark:Au99.99
2024-01-08,479.0,benchmark:Au99.99
2024-01-09,478.66,benchmark:Au99.99
2024-01-10,478.08,benchmark:Au99.99
2024-01-11,478.2,benchmark:Au99.99
2024-01-12,479.18,benchmark:Au99.99
2024-01-15,483.44,benchmark:Au99.99
2024-01-16,482.7,benchmark:Au99.99
2024-01-17,477.3,benchmark:Au99.99
2024-01-18,476.0,benchmark:Au99.99
2024-01-19,479.51,benchmark:Au99.99
2024-01-22,478.39,benchmark:Au99.99
2024-01-23,478.52,benchmark:Au99.99
2024-01-24,478.0,benchmark:Au99.99
2024-01-25,475.8,benchmark:Au99.99
2024-01-26,479.26,benchmark:Au99.99
2024-01-29,479.2,benchmark:Au99.99
2024-01-30,480.15,benchmark:Au99.99
2024-01-31,480.0,benchmark:Au99.99
2024-02-01,480.0,benchmark:Au99.99
2024-02-02,483.55,benchmark:Au99.99
2024-02-05,479.11,benchmark:Au99.99
2024-02-06,478.81,benchmark:Au99.99
2024-02-07,480.08,benchmark:Au99.99
2024-02-08,480.58,benchmark:Au99.99
2024-02-09,479.99,benchmark:Au99.99
2024-02-19,479.52,benchmark:Au99.99
2024-02-20,479.66,benchmark:Au99.99
2024-02-21,479.57,benchmark:Au99.99
2024-02-22,479.32,benchmark:Au99.99
2024-02-23,477.81,benchmark:Au99.99
2024-02-26,480.57,benchmark:Au99.99
2024-02-27,481.3,benchmark:Au99.99
2024-02-28,480.1,benchmark:Au99.99
2024-02-29,480.96,benchmark:Au99.99
2024-03-01,483.4,benchmark:Au99.99
2024-03-04,489.0,benchmark:Au99.99
2024-03-05,496.52,benchmark:Au99.99
2024-03-06,499.76,benchmark:Au99.99
2024-03-07,505.1,benchmark:Au99.99
2024-03-08,505.84,benchmark:Au99.99
2024-03-11,507.29,benchmark:Au99.99
2024-03-12,505.24,benchmark:Au99.99
2024-03-13,504.79,benchmark:Au99.99
2024-03-14,505.2,benchmark:Au99.99
2024-03-15,507.12,benchmark:Au99.99
2024-03-18,503.26,benchmark:Au99.99
2024-03-19,504.06,benchmark:Au99.99
2024-03-20,505.2,benchmark:Au99.99
2024-03-21,514.94,benchmark:Au99.99
2024-03-22,511.16,benchmark:Au99.99
2024-03-25,511.13,benchmark:Au99.99
2024-03-26,512.52,benchmark:Au99.99
2024-03-27,515.94,benchmark:Au99.99
2024-03-28,518.8,benchmark:Au99.99
2024-03-29,527.54,benchmark:Au99.99
2024-04-01,533.74,benchmark:Au99.99
2024-04-02,533.8,benchmark:Au99.99
2024-04-03,537.5,benchmark:Au99.99
2024-04-08,554.11,benchmark:Au99.99
2024-04-09,555.5,benchmark:Au99.99
2024-04-10,557.9,benchmark:Au99.99
2024-04-11,554.14,benchmark:Au99.99
2024-04-12,567.21,benchmark:Au99.99
2024-04-15,558.68,benchmark:Au99.99
2024-04-16,562.5,benchmark:Au99.99
2024-04-17,564.46,benchmark:Au99.99
2024-04-18,563.37,benchmark:Au99.99
2024-04-19,565.55,benchmark:Au99.99
2024-04-22,556.55,benchmark:Au99.99
2024-04-23,544.01,benchmark:Au99.99
2024-04-24,548.33,benchmark:Au99.99
2024-04-25,548.16,benchmark:Au99.99
2024-04-26,553.0,benchmark:Au99.99
2024-04-29,549.06,benchmark:Au99.99
2024-04-30,545.8,benchmark:Au99.99
2024-05-06,544.13,benchmark:Au99.99
2024-05-07,544.84,benchmark:Au99.99
2024-05-08,544.18,benchmark:Au99.99
2024-05-09,543.43,benchmark:Au99.99
2024-05-10,556.34,benchmark:Au99.99
2024-05-13,553.01,benchmark:Au99.99
2024-05-14,550.66,benchmark:Au99.99
2024-05-15,555.99,benchmark:Au99.99
2024-05-16,560.35,benchmark:Au99.99
2024-05-17,561.44,benchmark:Au99.99
2024-05-20,573.8,benchmark:Au99.99
2024-05-21,568.96,benchmark:Au99.99
2024-05-22,568.6,benchmark:Au99.99
2024-05-23,556.72,benchmark:Au99.99
2024-05-24,551.43,benchmark:Au99.99
2024-05-27,551.6,benchmark:Au99.99
2024-05-28,552.7,benchmark:Au99.99
2024-05-29,555.76,benchmark:Au99.99
2024-05-30,551.72,benchmark:Au99.99
2024-05-31,553.6,benchmark:Au99.99
2024-06-03,549.19,benchmark:Au99.99
2024-06-04,553.49,benchmark:Au99.99
2024-06-05,550.25,benchmark:Au99.99
2024-06-06,559.36,benchmark:Au99.99
2024-06-07,559.9,benchmark:Au99.99
2024-06-11,543.95,benchmark:Au99.99
2024-06-12,545.97,benchmark:Au99.99
2024-06-13,546.26,benchmark:Au99.99
2024-06-14,546.24,benchmark:Au99.99
2024-06-17,547.33,benchmark:Au99.99
2024-06-18,547.64,benchmark:Au99.99
2024-06-19,550.06,benchmark:Au99.99
2024-06-20,554.35,benchmark:Au99.99
2024-06-21,556.25,benchmark:Au99.99
2024-06-24,549.98,benchmark:Au99.99
2024-06-25,549.75,benchmark:Au99.99
2024-06-26,546.18,benchmark:Au99.99
2024-06-27,543.88,benchmark:Au99.99
2024-06-28,549.88,benchmark:Au99.99
2024-07-01,549.2,benchmark:Au99.99
2024-07-02,549.5,benchmark:Au99.99
2024-07-03,554.16,benchmark:Au99.99
2024-07-04,556.45,benchmark:Au99.99
2024-07-05,557.96,benchmark:Au99.99
2024-07-08,559.22,benchmark:Au99.99
2024-07-09,555.9,benchmark:Au99.99
2024-07-10,560.85,benchmark:Au99.99
2024-07-11,561.78,benchmark:Au99.99
2024-07-12,563.26,benchmark:Au99.99
2024-07-15,563.66,benchmark:Au99.99
2024-07-16,570.82,benchmark:Au99.99
2024-07-17,577.37,benchmark:Au99.99
2024-07-18,577.56,benchmark:Au99.99
2024-07-19,561.9,benchmark:Au99.99
2024-07-22,563.32,benchmark:Au99.99
2024-07-23,560.0,benchmark:Au99.99
2024-07-24,566.35,benchmark:Au99.99
2024-07-25,552.4,benchmark:Au99.99
2024-07-26,555.5,benchmark:Au99.99
2024-07-29,558.79,benchmark:Au99.99
2024-07-30,558.68,benchmark:Au99.99
2024-07-31,563.26,benchmark:Au99.99
2024-08-01,568.61,benchmark:Au99.99
2024-08-02,571.17,benchmark:Au99.99
2024-08-05,560.7,benchmark:Au99.99
2024-08-06,554.28,benchmark:Au99.99
2024-08-07,554.7,benchmark:Au99.99
2024-08-08,555.16,benchmark:Au99.99
2024-08-09,560.94,benchmark:Au99.99
2024-08-12,564.1,benchmark:Au99.99
2024-08-13,567.84,benchmark:Au99.99
2024-08-14,566.71,benchmark:Au99.99
2024-08-15,565.66,benchmark:Au99.99
2024-08-16,566.14,benchmark:Au99.99
2024-08-19,572.26,benchmark:Au99.99
2024-08-20,572.75,benchmark:Au99.99
2024-08-21,574.5,benchmark:Au99.99
2024-08-22,572.89,benchmark:Au99.99
2024-08-23,571.58,benchmark:Au99.99
2024-08-26,574.89,benchmark:Au99.99
2024-08-27,573.99,benchmark:Au99.99
2024-08-28,573.33,benchmark:Au99.99
2024-08-29,574.9,benchmark:Au99.99
2024-08-30,573.44,benchmark:Au99.99
2024-09-02,570.7,benchmark:Au99.99
2024-09-03,571.48,benchmark:Au99.99
2024-09-04,567.53,benchmark:Au99.99
2024-09-05,571.79,benchmark:Au99.99
2024-09-06,572.84,benchmark:Au99.99
2024-09-09,570.26,benchmark:Au99.99
2024-09-10,572.72,benchmark:Au99.99
2024-09-11,575.74,benchmark:Au99.99
2024-09-12,575.0,benchmark:Au99.99
2024-09-13,582.54,benchmark:Au99.99
2024-09-18,581.98,benchmark:Au99.99
2024-09-19,583.05,benchmark:Au99.99
2024-09-20,588.3,benchmark:Au99.99
2024-09-23,592.2,benchmark:Au99.99
2024-09-24,592.0,benchmark:Au99.99
2024-09-25,595.66,benchmark:Au99.99
2024-09-26,597.15,benchmark:Au99.99
2024-09-27,597.16,benchmark:Au99.99
2024-09-30,595.25,benchmark:Au99.99
2024-10-08,593.4,benchmark:Au99.99
2024-10-09,588.6,benchmark:Au99.99
2024-10-10,590.89,benchmark:Au99.99
2024-10-11,597.3,benchmark:Au99.99
2024-10-14,600.82,benchmark:Au99.99
2024-10-15,603.26,benchmark:Au99.99
2024-10-16,609.96,benchmark:Au99.99
2024-10-17,612.66,benchmark:Au99.99
2024-10-18,616.83,benchmark:Au99.99
2024-10-21,624.06,benchmark:Au99.99
2024-10-22,625.0,benchmark:Au99.99
2024-10-23,628.68,benchmark:Au99.99
2024-10-24,623.03,benchmark:Au99.99
2024-10-25,621.5,benchmark:Au99.99
2024-10-28,624.65,benchmark:Au99.99
2024-10-29,629.5,benchmark:Au99.99
2024-10-30,636.75,benchmark:Au99.99
2024-10-31,634.0,benchmark:Au99.99
2024-11-01,627.67,benchmark:Au99.99
2024-11-04,623.48,benchmark:Au99.99
2024-11-05,623.78,benchmark:Au99.99
2024-11-06,624.69,benchmark:Au99.99
2024-11-07,610.01,benchmark:Au99.99
2024-11-08,612.85,benchmark:Au99.99
2024-11-11,613.3,benchmark:Au99.99
2024-11-12,602.81,benchmark:Au99.99
2024-11-13,603.09,benchmark:Au99.99
2024-11-14,591.12,benchmark:Au99.99
2024-11-15,591.97,benchmark:Au99.99
2024-11-18,598.77,benchmark:Au99.99
2024-11-19,607.3,benchmark:Au99.99
2024-11-20,608.0,benchmark:Au99.99
2024-11-21,616.42,benchmark:Au99.99
2024-11-22,623.91,benchmark:Au99.99
2024-11-25,616.51,benchmark:Au99.99
2024-11-26,607.0,benchmark:Au99.99
2024-11-27,613.8,benchmark:Au99.99
2024-11-28,611.77,benchmark:Au99.99
2024-11-29,614.88,benchmark:Au99.99
2024-12-02,613.18,benchmark:Au99.99
2024-12-03,616.72,benchmark:Au99.99
2024-12-04,615.86,benchmark:Au99.99
2024-12-05,616.0,benchmark:Au99.99
2024-12-06,614.09,benchmark:Au99.99
2024-12-09,617.26,benchmark:Au99.99
2024-12-10,619.63,benchmark:Au99.99
2024-12-11,624.79,benchmark:Au99.99
2024-12-12,628.83,benchmark:Au99.99
2024-12-13,622.43,benchmark:Au99.99
2024-12-16,618.34,benchmark:Au99.99
2024-12-17,618.21,benchmark:Au99.99
2024-12-18,616.5,benchmark:Au99.99
2024-12-19,614.53,benchmark:Au99.99
2024-12-20,611.83,benchmark:Au99.99
2024-12-23,618.4,benchmark:Au99.99
2024-12-24,616.34,benchmark:Au99.99
2024-12-25,616.8,benchmark:Au99.99
2024-12-26,618.07,benchmark:Au99.99
2024-12-27,618.55,benchmark:Au99.99
2024-12-30,616.5,benchmark:Au99.99
2024-12-31,614.8,benchmark:Au99.99
2025-01-02,621.99,benchmark:Au99.99
2025-01-03,626.87,benchmark:Au99.99
2025-01-06,624.32,benchmark:Au99.99
2025-01-07,625.0,benchmark:Au99.99
2025-01-08,628.35,benchmark:Au99.99
2025-01-09,630.37,benchmark:Au99.99
2025-01-10,633.82,benchmark:Au99.99
2025-01-13,636.9,benchmark:Au99.99
2025-01-14,632.44,benchmark:Au99.99
2025-01-15,634.5,benchmark:Au99.99
2025-01-16,637.04,benchmark:Au99.99
2025-01-17,637.63,benchmark:Au99.99
2025-01-20,637.5,benchmark:Au99.99
2025-01-21,639.0,benchmark:Au99.99
2025-01-22,643.48,benchmark:Au99.99
2025-01-23,644.02,benchmark:Au99.99
2025-01-24,645.51,benchmark:Au99.99
2025-01-27,643.1,benchmark:Au99.99
2025-02-05,667.87,benchmark:Au99.99
2025-02-06,667.38,benchmark:Au99.99
2025-02-07,668.99,benchmark:Au99.99
2025-02-10,679.65,benchmark:Au99.99
2025-02-11,683.52,benchmark:Au99.99
2025-02-12,680.21,benchmark:Au99.99
2025-02-13,683.86,benchmark:Au99.99
2025-02-14,686.58,benchmark:Au99.99
2025-02-17,676.28,benchmark:Au99.99
2025-02-18,682.85,benchmark:Au99.99
2025-02-19,686.9,benchmark:Au99.99
2025-02-20,689.18,benchmark:Au99.99
2025-02-21,683.47,benchmark:Au99.99
2025-02-24,685.58,benchmark:Au99.99
2025-02-25,685.17,benchmark:Au99.99
2025-02-26,679.3,benchmark:Au99.99
2025-02-27,676.52,benchmark:Au99.99
2025-02-28,670.78,benchmark:Au99.99
2025-03-03,671.78,benchmark:Au99.99
2025-03-04,679.97,benchmark:Au99.99
2025-03-05,681.57,benchmark:Au99.99
2025-03-06,679.7,benchmark:Au99.99
2025-03-07,679.48,benchmark:Au99.99
2025-03-10,681.99,benchmark:Au99.99
2025-03-11,676.71,benchmark:Au99.99
2025-03-12,679.43,benchmark:Au99.99
2025-03-13,683.77,benchmark:Au99.99
2025-03-14,692.67,benchmark:Au99.99
2025-03-17,695.4,benchmark:Au99.99
2025-03-18,700.8,benchmark:Au99.99
2025-03-19,707.7,benchmark:Au99.99
2025-03-20,709.09,benchmark:Au99.99
2025-03-21,706.55,benchmark:Au99.99
2025-03-24,705.92,benchmark:Au99.99
2025-03-25,704.56,benchmark:Au99.99
2025-03-26,707.79,benchmark:Au99.99
2025-03-27,709.29,benchmark:Au99.99
2025-03-28,721.03,benchmark:Au99.99
2025-03-31,730.8,benchmark:Au99.99
2025-04-01,735.84,benchmark:Au99.99
2025-04-02,732.5,benchmark:Au99.99
2025-04-03,738.94,benchmark:Au99.99
2025-04-07,713.98,benchmark:Au99.99
2025-04-08,717.5,benchmark:Au99.99
2025-04-09,728.88,benchmark:Au99.99
2025-04-10,741.26,benchmark:Au99.99
2025-04-11,757.1,benchmark:Au99.99
2025-04-14,762.47,benchmark:Au99.99
2025-04-15,762.9,benchmark:Au99.99
2025-04-16,781.62,benchmark:Au99.99
2025-04-17,786.0,benchmark:Au99.99
2025-04-18,788.62,benchmark:Au99.99
2025-04-21,804.11,benchmark:Au99.99
2025-04-22,825.8,benchmark:Au99.99
2025-04-23,786.99,benchmark:Au99.99
2025-04-24,792.47,benchmark:Au99.99
2025-04-25,785.6,benchmark:Au99.99
2025-04-28,778.4,benchmark:Au99.99
2025-04-29,780.05,benchmark:Au99.99
2025-04-30,780.19,benchmark:Au99.99
2025-05-06,792.2,benchmark:Au99.99
2025-05-07,798.51,benchmark:Au99.99
2025-05-08,786.5,benchmark:Au99.99
2025-05-09,785.5,benchmark:Au99.99
2025-05-12,759.0,benchmark:Au99.99
2025-05-13,763.9,benchmark:Au99.99
2025-05-14,758.38,benchmark:Au99.99
2025-05-15,735.86,benchmark:Au99.99
2025-05-16,746.4,benchmark:Au99.99
2025-05-19,754.5,benchmark:Au99.99
2025-05-20,753.49,benchmark:Au99.99
2025-05-21,773.82,benchmark:Au99.99
2025-05-22,778.36,benchmark:Au99.99
2025-05-23,776.4,benchmark:Au99.99
2025-05-26,773.94,benchmark:Au99.99
2025-05-27,768.75,benchmark:Au99.99
2025-05-28,769.67,benchmark:Au99.99
2025-05-29,763.02,benchmark:Au99.99
2025-05-30,768.79,benchmark:Au99.99
2025-06-03,778.5,benchmark:Au99.99
2025-06-04,779.46,benchmark:Au99.99
2025-06-05,781.25,benchmark:Au99.99
2025-06-06,779.88,benchmark:Au99.99
2025-06-09,772.3,benchmark:Au99.99
2025-06-10,772.68,benchmark:Au99.99
2025-06-11,774.69,benchmark:Au99.99
2025-06-12,780.54,benchmark:Au99.99
2025-06-13,792.07,benchmark:Au99.99
2025-06-16,788.2,benchmark:Au99.99
2025-06-17,783.19,benchmark:Au99.99
2025-06-18,781.85,benchmark:Au99.99
2025-06-19,777.41,benchmark:Au99.99
2025-06-20,777.4,benchmark:Au99.99
2025-06-23,777.98,benchmark:Au99.99
2025-06-24,768.87,benchmark:Au99.99
2025-06-25,771.49,benchmark:Au99.99
2025-06-26,773.64,benchmark:Au99.99
2025-06-27,763.3,benchmark:Au99.99
2025-06-30,764.43,benchmark:Au99.99
2025-07-01,772.88,benchmark:Au99.99
2025-07-02,770.7,benchmark:Au99.99
2025-07-03,776.14,benchmark:Au99.99
2025-07-04,771.9,benchmark:Au99.99
2025-07-07,767.75,benchmark:Au99.99
2025-07-08,771.48,benchmark:Au99.99
2025-07-09,763.38,benchmark:Au99.99
2025-07-10,769.73,benchmark:Au99.99
2025-07-11,769.66,benchmark:Au99.99
2025-07-14,777.4,benchmark:Au99.99
2025-07-15,776.02,benchmark:Au99.99
2025-07-16,772.4,benchmark:Au99.99
2025-07-17,770.91,benchmark:Au99.99
2025-07-18,773.5,benchmark:Au99.99
2025-07-21,777.34,benchmark:Au99.99
2025-07-22,780.35,benchmark:Au99.99
2025-07-23,788.5,benchmark:Au99.99
2025-07-24,775.34,benchmark:Au99.99
2025-07-25,774.21,benchmark:Au99.99
2025-07-28,771.8,benchmark:Au99.99
2025-07-29,767.69,benchmark:Au99.99
2025-07-30,769.68,benchmark:Au99.99
2025-07-31,767.36,benchmark:Au99.99
2025-08-01,767.29,benchmark:Au99.99
2025-08-04,776.01,benchmark:Au99.99
2025-08-05,779.85,benchmark:Au99.99
2025-08-06,779.14,benchmark:Au99.99
2025-08-07,782.08,benchmark:Au99.99
2025-08-08,783.18,benchmark:Au99.99
2025-08-11,775.54,benchmark:Au99.99
2025-08-12,773.47,benchmark:Au99.99
2025-08-13,774.96,benchmark:Au99.99
2025-08-14,775.05,benchmark:Au99.99
2025-08-15,773.55,benchmark:Au99.99
2025-08-18,774.46,benchmark:Au99.99
2025-08-19,773.05,benchmark:Au99.99
2025-08-20,770.24,benchmark:Au99.99
2025-08-21,772.0,benchmark:Au99.99
2025-08-22,771.87,benchmark:Au99.99
2025-08-25,775.85,benchmark:Au99.99
2025-08-26,777.1,benchmark:Au99.99
2025-08-27,778.07,benchmark:Au99.99
2025-08-28,779.85,benchmark:Au99.99
2025-08-29,781.71,benchmark:Au99.99
2025-09-01,794.66,benchmark:Au99.99
2025-09-02,799.95,benchmark:Au99.99
2025-09-03,809.0,benchmark:Au99.99
2025-09-04,809.19,benchmark:Au99.99
2025-09-05,811.5,benchmark:Au99.99
2025-09-08,821.2,benchmark:Au99.99
2025-09-09,832.0,benchmark:Au99.99
2025-09-10,829.75,benchmark:Au99.99
2025-09-11,826.52,benchmark:Au99.99
2025-09-12,830.41,benchmark:Au99.99
2025-09-15,828.21,benchmark:Au99.99
2025-09-16,838.73,benchmark:Au99.99
2025-09-17,831.85,benchmark:Au99.99
2025-09-18,824.59,benchmark:Au99.99
2025-09-19,826.71,benchmark:Au99.99
2025-09-22,839.5,benchmark:Au99.99
2025-09-23,850.65,benchmark:Au99.99
2025-09-24,856.63,benchmark:Au99.99
2025-09-25,851.74,benchmark:Au99.99
2025-09-26,853.0,benchmark:Au99.99
2025-09-29,862.9,benchmark:Au99.99
2025-09-30,871.86,benchmark:Au99.99
2025-10-09,911.5,benchmark:Au99.99
2025-10-10,897.63,benchmark:Au99.99
2025-10-13,926.73,benchmark:Au99.99
2025-10-14,940.72,benchmark:Au99.99
2025-10-15,959.04,benchmark:Au99.99
2025-10-16,968.14,benchmark:Au99.99
2025-10-17,997.17,benchmark:Au99.99
2025-10-20,974.3,benchmark:Au99.99
2025-10-21,987.12,benchmark:Au99.99
2025-10-22,948.8,benchmark:Au99.99
2025-10-23,941.21,benchmark:Au99.99
2025-10-24,935.6,benchmark:Au99.99
2025-10-27,930.79,benchmark:Au99.99
2025-10-28,896.6,benchmark:Au99.99
2025-10-29,912.94,benchmark:Au99.99
2025-10-30,906.89,benchmark:Au99.99
2025-10-31,921.5,benchmark:Au99.99
2025-11-03,920.0,benchmark:Au99.99
2025-11-04,916.49,benchmark:Au99.99
2025-11-05,910.0,benchmark:Au99.99
2025-11-06,918.0,benchmark:Au99.99
2025-11-07,918.03,benchmark:Au99.99
2025-11-10,934.81,benchmark:Au99.99
2025-11-11,946.79,benchmark:Au99.99
2025-11-12,944.84,benchmark:Au99.99
2025-11-13,959.14,benchmark:Au99.99
2025-11-14,948.03,benchmark:Au99.99
2025-11-17,931.42,benchmark:Au99.99
2025-11-18,916.96,benchmark:Au99.99
2025-11-19,935.33,benchmark:Au99.99
2025-11-20,929.95,benchmark:Au99.99
2025-11-21,924.44,benchmark:Au99.99
2025-11-24,926.0,benchmark:Au99.99
2025-11-25,941.54,benchmark:Au99.99
2025-11-26,941.16,benchmark:Au99.99
2025-11-27,943.98,benchmark:Au99.99
2025-11-28,948.15,benchmark:Au99.99
2025-12-01,958.46,benchmark:Au99.99
2025-12-02,954.89,benchmark:Au99.99
2025-12-03,950.06,benchmark:Au99.99
2025-12-04,949.32,benchmark:Au99.99
2025-12-05,956.5,benchmark:Au99.99
2025-12-08,954.1,benchmark:Au99.99
2025-12-09,947.13,benchmark:Au99.99
2025-12-10,950.91,benchmark:Au99.99
2025-12-11,952.39,benchmark:Au99.99
2025-12-12,964.25,benchmark:Au99.99
2025-12-15,976.82,benchmark:Au99.99
2025-12-16,964.89,benchmark:Au99.99
2025-12-17,972.71,benchmark:Au99.99
2025-12-18,975.55,benchmark:Au99.99
2025-12-19,975.51,benchmark:Au99.99
2025-12-22,992.79,benchmark:Au99.99
2025-12-23,1006.87,benchmark:Au99.99
2025-12-24,1007.69,benchmark:Au99.99
2025-12-25,1002.98,benchmark:Au99.99
2025-12-26,1007.0,benchmark:Au99.99
2025-12-29,1004.0,benchmark:Au99.99
2025-12-30,981.91,benchmark:Au99.99
2025-12-31,974.9,benchmark:Au99.99
2026-01-05,993.57,benchmark:Au99.99
2026-01-06,1003.01,benchmark:Au99.99
2026-01-07,999.68,benchmark:Au99.99
2026-01-08,996.21,benchmark:Au99.99
2026-01-09,1003.49,benchmark:Au99.99
2026-01-12,1023.71,benchmark:Au99.99
2026-01-13,1025.02,benchmark:Au99.99
2026-01-14,1038.0,benchmark:Au99.99
2026-01-15,1034.27,benchmark:Au99.99
2026-01-16,1032.63,benchmark:Au99.99
2026-01-19,1045.72,benchmark:Au99.99
2026-01-20,1056.43,benchmark:Au99.99
2026-01-21,1087.81,benchmark:Au99.99
2026-01-22,1083.69,benchmark:Au99.99
2026-01-23,1110.3,benchmark:Au99.99
2026-01-26,1144.45,benchmark:Au99.99
2026-01-27,1144.14,benchmark:Au99.99
2026-01-28,1184.96,benchmark:Au99.99
2026-01-29,1243.02,benchmark:Au99.99
2026-01-30,1163.95,benchmark:Au99.99
2026-02-02,1030.0,benchmark:Au99.99
2026-02-03,1097.89,benchmark:Au99.99
2026-02-04,1140.3,benchmark:Au99.99
2026-02-05,1105.47,benchmark:Au99.99
2026-02-06,1093.85,benchmark:Au99.99
2026-02-09,1116.02,benchmark:Au99.99
2026-02-10,1116.69,benchmark:Au99.99
2026-02-11,1123.02,benchmark:Au99.99
2026-02-12,1122.52,benchmark:Au99.99
2026-02-13,1108.92,benchmark:Au99.99
2026-02-24,1147.66,benchmark:Au99.99
2026-02-25,1145.64,benchmark:Au99.99
2026-02-26,1144.51,benchmark:Au99.99
2026-02-27,1142.97,benchmark:Au99.99
2026-03-02,1199.45,benchmark:Au99.99
2026-03-03,1182.0,benchmark:Au99.99
2026-03-04,1153.18,benchmark:Au99.99
2026-03-05,1149.61,benchmark:Au99.99
2026-03-06,1139.33,benchmark:Au99.99
2026-03-09,1140.38,benchmark:Au99.99
2026-03-10,1144.78,benchmark:Au99.99
2026-03-11,1150.42,benchmark:Au99.99
2026-03-12,1146.45,benchmark:Au99.99
2026-03-13,1131.09,benchmark:Au99.99
2026-03-16,1114.61,benchmark:Au99.99
2026-03-17,1115.97,benchmark:Au99.99
2026-03-18,1111.89,benchmark:Au99.99
2026-03-19,1061.0,benchmark:Au99.99
2026-03-20,1041.59,benchmark:Au99.99
2026-03-23,924.65,benchmark:Au99.99
2026-03-24,979.56,benchmark:Au99.99
2026-03-25,1015.45,benchmark:Au99.99
2026-03-26,991.36,benchmark:Au99.99
2026-03-27,993.9,benchmark:Au99.99
2026-03-30,1008.75,benchmark:Au99.99
2026-03-31,1018.9,benchmark:Au99.99
2026-04-01,1047.89,benchmark:Au99.99
2026-04-02,1027.5,benchmark:Au99.99
2026-04-03,1034.42,benchmark:Au99.99
2026-04-07,1028.0,benchmark:Au99.99
2026-04-08,1059.91,benchmark:Au99.99
2026-04-09,1036.0,benchmark:Au99.99
2026-04-10,1047.23,benchmark:Au99.99
2026-04-13,1042.3,benchmark:Au99.99
2026-04-14,1048.35,benchmark:Au99.99
2026-04-15,1055.19,benchmark:Au99.99
2026-04-16,1058.36,benchmark:Au99.99
2026-04-17,1053.0,benchmark:Au99.99
2026-04-20,1053.98,benchmark:Au99.99
2026-04-21,1050.48,benchmark:Au99.99
2026-04-22,1049.11,benchmark:Au99.99
2026-04-23,1037.5,benchmark:Au99.99
2026-04-24,1033.25,benchmark:Au99.99
2026-04-27,1037.21,benchmark:Au99.99
2026-04-28,1020.73,benchmark:Au99.99
2026-04-29,1009.88,benchmark:Au99.99
2026-04-30,1013.6,benchmark:Au99.99
2026-05-06,1026.94,benchmark:Au99.99
2026-05-07,1038.94,benchmark:Au99.99
2026-05-08,1032.0,benchmark:Au99.99
2026-05-11,1025.82,benchmark:Au99.99
2026-05-12,1028.51,benchmark:Au99.99
2026-05-13,1029.99,benchmark:Au99.99
2026-05-14,1028.68,benchmark:Au99.99
2026-05-15,1006.01,benchmark:Au99.99
2026-05-18,999.69,benchmark:Au99.99
2026-05-19,998.0,benchmark:Au99.99
2026-05-20,984.98,benchmark:Au99.99
2026-05-21,991.4,benchmark:Au99.99
2026-05-22,992.1,benchmark:Au99.99
2026-05-25,997.0,benchmark:Au99.99
2026-05-26,991.97,benchmark:Au99.99
2026-05-27,982.53,benchmark:Au99.99
2026-05-28,961.82,benchmark:Au99.99
2026-05-29,984.96,benchmark:Au99.99
2026-06-01,980.6,benchmark:Au99.99
2026-06-02,987.45,benchmark:Au99.99
2026-06-03,972.8,benchmark:Au99.99
2026-06-04,974.5,benchmark:Au99.99
2026-06-05,974.41,benchmark:Au99.99
2026-06-08,941.01,benchmark:Au99.99
2026-06-09,944.98,benchmark:Au99.99
2026-06-10,915.63,benchmark:Au99.99
2026-06-11,896.01,benchmark:Au99.99
2026-06-12,907.47,benchmark:Au99.99
2026-06-15,937.51,benchmark:Au99.99
2026-06-16,940.48,benchmark:Au99.99
2026-06-17,939.18,benchmark:Au99.99
2026-06-18,935.86,benchmark:Au99.99
2026-06-22,914.35,benchmark:Au99.99
2026-06-23,898.93,benchmark:Au99.99
2026-06-24,894.39,benchmark:Au99.99
2026-06-25,874.95,benchmark:Au99.99
2026-06-26,883.7,benchmark:Au99.99
2026-06-29,886.74,benchmark:Au99.99
2026-06-30,879.03,benchmark:Au99.99
2026-07-01,868.8,benchmark:Au99.99
2026-07-02,887.0,benchmark:Au99.99
2026-07-03,910.98,benchmark:Au99.99
2026-07-06,907.77,benchmark:Au99.99
2026-07-07,902.57,benchmark:Au99.99
2026-07-08,901.07,benchmark:Au99.99
2026-07-09,898.79,benchmark:Au99.99
2026-07-10,897.25,benchmark:Au99.99
2026-07-13,886.46,benchmark:Au99.99
2026-07-14,879.9,benchmark:Au99.99
2026-07-15,877.99,benchmark:Au99.99
2026-07-16,877.32,benchmark:Au99.99
2026-07-17,872.48,benchmark:Au99.99
2026-07-20,873.0,benchmark:Au99.99
2026-07-21,886.95,benchmark:Au99.99
2026-07-22,899.0,benchmark:Au99.99
2026-07-23,895.67,benchmark:Au99.99
2026-07-24,883.66,benchmark:Au99.99
2026-07-27,893.97,benchmark:Au99.99
2026-07-28,883.28,benchmark:Au99.99
2026-07-29,881.98,benchmark:Au99.99
2026-07-30,880.69,benchmark:Au99.99
2026-07-31,884.92,benchmark:Au99.99
2026-08-03,883.04,benchmark:Au99.99
2026-08-04,884.22,benchmark:Au99.99
2026-08-05,904.92,benchmark:Au99.99
2026-08-06,925.6,benchmark:Au99.99
2026-08-07,930.47,benchmark:Au99.99
2026-08-10,944.67,benchmark:Au99.99
2026-08-11,946.7,benchmark:Au99.99
2026-08-12,955.75,benchmark:Au99.99
2023-08-14,1.0,etf:511010.SS
2023-08-15,1.0014674402245032,etf:511010.SS
2023-08-16,1.0018834670922747,etf:511010.SS
2023-08-17,1.001611158597006,etf:511010.SS
2023-08-18,1.0018985953420119,etf:511010.SS
2023-08-21,1.0026096230796577,etf:511010.SS
2023-08-22,1.0022616733357035,etf:511010.SS
2023-08-23,1.0021633397124121,etf:511010.SS
2023-08-24,1.002322186334652,etf:511010.SS
2023-08-25,1.001596030347269,etf:511010.SS
2023-08-28,1.0008698743598863,etf:511010.SS
2023-08-29,1.000272308495269,etf:511010.SS
2023-08-30,1.0011800034794978,etf:511010.SS
2023-08-31,1.0013237218520006,etf:511010.SS
2023-09-01,0.9998562816274974,etf:511010.SS
2023-09-04,0.998676278148,etf:511010.SS
2023-09-05,0.9989258942686631,etf:511010.SS
2023-09-06,0.9975114029182397,etf:511010.SS
2023-09-07,0.997579480042057,etf:511010.SS
2023-09-08,0.9978064037881141,etf:511010.SS
2023-09-11,0.9980635840336455,etf:511010.SS
2023-09-12,0.9985628162749713,etf:511010.SS
2023-09-13,0.9992511516380115,etf:511010.SS
2023-09-14,0.9995915372570972,etf:511010.SS
2023-09-15,0.9986838422728682,etf:511010.SS
2023-09-18,0.9977005060399537,etf:511010.SS
2023-09-19,0.9973525562959994,etf:511010.SS
2023-09-20,0.997549223542582,etf:511010.SS
2023-09-21,0.9981089687828566,etf:511010.SS
2023-09-22,0.9977231984145593,etf:511010.SS
2023-09-25,0.9970499913012563,etf:511010.SS
2023-09-26,0.9967322980567762,etf:511010.SS
2023-09-27,0.9970121706769136,etf:511010.SS
2023-09-28,0.9981467894071997,etf:511010.SS
2023-10-09,0.9987140987723426,etf:511010.SS
2023-10-10,0.9978517885373255,etf:511010.SS
2023-10-11,0.9963465276884793,etf:511010.SS
2023-10-12,0.9967247339319082,etf:511010.SS
2023-10-13,0.9977156342896913,etf:511010.SS
2023-10-16,0.9977307625394284,etf:511010.SS
2023-10-17,0.9970953760504683,etf:511010.SS
2023-10-18,0.9964599895615083,etf:511010.SS
2023-10-19,0.9954010120799079,etf:511010.SS
2023-10-20,0.996270886439794,etf:511010.SS
2023-10-23,0.9970272989266514,etf:511010.SS
2023-10-24,0.9968155034303314,etf:511010.SS
2023-10-25,0.9983434566537832,etf:511010.SS
2023-10-26,0.9982678154050973,etf:511010.SS
2023-10-27,0.9983737131532574,etf:511010.SS
2023-10-30,0.9987973041458977,etf:511010.SS
2023-10-31,0.9996369220063093,etf:511010.SS
2023-11-01,0.999606665506835,etf:511010.SS
2023-11-02,1.0005824376148809,etf:511010.SS
2023-11-03,1.000370642118561,etf:511010.SS
2023-11-06,1.0005521811154068,etf:511010.SS
2023-11-07,1.000121025997898,etf:511010.SS
2023-11-08,1.0007110277376468,etf:511010.SS
2023-11-09,1.0005975658646182,etf:511010.SS
2023-11-10,1.0011270546054183,etf:511010.SS
2023-11-13,1.001558209722927,etf:511010.SS
2023-11-14,1.0012480806033155,etf:511010.SS
2023-11-15,1.0014144913504242,etf:511010.SS
2023-11-16,1.0016414150964814,etf:511010.SS
2023-11-17,1.0016867998456929,etf:511010.SS
2023-11-20,1.0013539783514758,etf:511010.SS
2023-11-21,1.000816925485807,etf:511010.SS
2023-11-22,0.9999773076253952,etf:511010.SS
2023-11-23,0.999114997390378,etf:511010.SS
2023-11-24,0.9988805095194522,etf:511010.SS
2023-11-27,0.9983358925289149,etf:511010.SS
2023-11-28,0.9992965363872237,etf:511010.SS
2023-11-29,0.9993267928866979,etf:511010.SS
2023-11-30,0.9998562816274978,etf:511010.SS
2023-12-01,1.0000529488740808,etf:511010.SS
2023-12-04,0.9995915372570978,etf:511010.SS
2023-12-05,0.9996444861311778,etf:511010.SS
2023-12-06,0.999357049386172,etf:511010.SS
2023-12-07,1.0003479497439551,etf:511010.SS
2023-12-08,1.0005673093651437,etf:511010.SS
2023-12-11,1.0015355173483211,etf:511010.SS
2023-12-12,1.0017094922202983,etf:511010.SS
2023-12-13,1.0027155208278187,etf:511010.SS
2023-12-14,1.0029121880744016,etf:511010.SS
2023-12-15,1.0039484731813961,etf:511010.SS
2023-12-18,1.0043493717994305,etf:511010.SS
2023-12-19,1.0039409090565274,etf:511010.SS
2023-12-20,1.0036912929358646,etf:511010.SS
2023-12-21,1.0048410399158876,etf:511010.SS
2023-12-22,1.0059605303964367,etf:511010.SS
2023-12-25,1.0072086109997513,etf:511010.SS
2023-12-26,1.0077607921151572,etf:511010.SS
2023-12-27,1.0088424619713634,etf:511010.SS
2023-12-28,1.0082070754824033,etf:511010.SS
2023-12-29,1.0087592565978092,etf:511010.SS
2023-12-31,1.0088046413470206,etf:511010.SS
2024-01-02,1.0080255364855577,etf:511010.SS
2024-01-03,1.0079347669871348,etf:511010.SS
2024-01-04,1.0081995113575348,etf:511010.SS
2024-01-05,1.0092282323396609,etf:511010.SS
2024-01-08,1.0089332314697863,etf:511010.SS
2024-01-09,1.0095686179587466,etf:511010.SS
2024-01-10,1.009084513967158,etf:511010.SS
2024-01-11,1.0094551560857181,etf:511010.SS
2024-01-12,1.008940795594655,etf:511010.SS
2024-01-15,1.0087970772221522,etf:511010.SS
2024-01-16,1.0083129732305633,etf:511010.SS
2024-01-17,1.009152591090975,etf:511010.SS
2024-01-18,1.0093038735883464,etf:511010.SS
2024-01-19,1.0099619524519123,etf:511010.SS
2024-01-22,1.0106351595652154,etf:511010.SS
2024-01-23,1.010128363199021,etf:511010.SS
2024-01-24,1.0107259290636383,etf:511010.SS
2024-01-25,1.0122992670363016,etf:511010.SS
2024-01-26,1.0121177280394558,etf:511010.SS
2024-01-29,1.0130783718977643,etf:511010.SS
2024-01-30,1.0147576076185876,etf:511010.SS
2024-01-31,1.0145609403720046,etf:511010.SS
2024-02-01,1.0142281188777875,etf:511010.SS
2024-02-02,1.014833248867273,etf:511010.SS
2024-02-05,1.0149694031149075,etf:511010.SS
2024-02-06,1.0132523467697414,etf:511010.SS
2024-02-07,1.0146290174958217,etf:511010.SS
2024-02-08,1.0141827341285758,etf:511010.SS
2024-02-19,1.0145306838725303,etf:511010.SS
2024-02-20,1.0157031232271592,etf:511010.SS
2024-02-21,1.015793892725582,etf:511010.SS
2024-02-22,1.0170268450791595,etf:511010.SS
2024-02-23,1.0171024863278453,etf:511010.SS
2024-02-26,1.0179950530623367,etf:511010.SS
2024-02-27,1.017246204700348,etf:511010.SS
2024-02-28,1.0181917203089197,etf:511010.SS
2024-02-29,1.0184942853036627,etf:511010.SS
2024-03-01,1.016678895335205,etf:511010.SS
2024-03-04,1.0174655643215367,etf:511010.SS
2024-03-05,1.0182597974327368,etf:511010.SS
2024-03-06,1.0206803173906804,etf:511010.SS
2024-03-07,1.01962133990908,etf:511010.SS
2024-03-08,1.0192204412910457,etf:511010.SS
2024-03-11,1.0184791570539256,etf:511010.SS
2024-03-12,1.0170268450791595,etf:511010.SS
2024-03-13,1.0176471033183825,etf:511010.SS
2024-03-14,1.0174882566961423,etf:511010.SS
2024-03-15,1.0180177454369426,etf:511010.SS
2024-03-18,1.0193414672889427,etf:511010.SS
2024-03-19,1.0197348017821086,etf:511010.SS
2024-03-20,1.0189330045460396,etf:511010.SS
2024-03-21,1.0199087766540857,etf:511010.SS
2024-03-22,1.0195003139111827,etf:511010.SS
2024-03-25,1.0191145435428852,etf:511010.SS
2024-03-26,1.019175056541834,etf:511010.SS
2024-03-27,1.020634932641469,etf:511010.SS
2024-03-28,1.0202718546477774,etf:511010.SS
2024-03-29,1.0211568572574004,etf:511010.SS
2024-04-01,1.0203777523959372,etf:511010.SS
2024-04-02,1.0212022420066118,etf:511010.SS
2024-04-03,1.021822500245835,etf:511010.SS
2024-04-08,1.0230025037253325,etf:511010.SS
2024-04-09,1.023668146713767,etf:511010.SS
2024-04-10,1.0236303260894242,etf:511010.SS
2024-04-11,1.024416995075756,etf:511010.SS
2024-04-12,1.0255516138060419,etf:511010.SS
2024-04-15,1.0251507151880075,etf:511010.SS
2024-04-16,1.0251507151880075,etf:511010.SS
2024-04-17,1.0255364855563047,etf:511010.SS
2024-04-18,1.026648411911985,etf:511010.SS
2024-04-19,1.0267089249109336,etf:511010.SS
2024-04-22,1.0272232854019965,etf:511010.SS
2024-04-23,1.0280402108878026,etf:511010.SS
2024-04-24,1.0263231545426363,etf:511010.SS
2024-04-25,1.0274653373977911,etf:511010.SS
2024-04-26,1.0250145609403734,etf:511010.SS
2024-04-29,1.0226242974819042,etf:511010.SS
2024-04-30,1.0249918685657677,etf:511010.SS
2024-05-06,1.0258844353002594,etf:511010.SS
2024-05-07,1.0268526432834366,etf:511010.SS
2024-05-08,1.026421488165928,etf:511010.SS
2024-05-09,1.0255440496811736,etf:511010.SS
2024-05-10,1.0257331528028877,etf:511010.SS
2024-05-13,1.0270644387797567,etf:511010.SS
2024-05-14,1.0272535419014712,etf:511010.SS
2024-05-15,1.026973669281334,etf:511010.SS
2024-05-16,1.0265273859140882,etf:511010.SS
2024-05-17,1.0271627724030483,etf:511010.SS
2024-05-20,1.0272459777766028,etf:511010.SS
2024-05-21,1.0271703365279168,etf:511010.SS
2024-05-22,1.027563671021083,etf:511010.SS
2024-05-23,1.0280326467629344,etf:511010.SS
2024-05-24,1.0278057230168771,etf:511010.SS
2024-05-27,1.0279645696391173,etf:511010.SS
2024-05-28,1.0285243148793914,etf:511010.SS
2024-05-29,1.0287890592497915,etf:511010.SS
2024-05-30,1.0288571363736088,etf:511010.SS
2024-05-31,1.0289479058720317,etf:511010.SS
2024-06-03,1.0297118824837574,etf:511010.SS
2024-06-04,1.0297497031081002,etf:511010.SS
2024-06-05,1.0305968850933804,etf:511010.SS
2024-06-06,1.030589320968512,etf:511010.SS
2024-06-07,1.0306422698425919,etf:511010.SS
2024-06-11,1.0310280402108891,etf:511010.SS
2024-06-12,1.0307935523399634,etf:511010.SS
2024-06-13,1.030748167590752,etf:511010.SS
2024-06-14,1.0310734249601008,etf:511010.SS
2024-06-17,1.030838937089175,etf:511010.SS
2024-06-18,1.0313306052056324,etf:511010.SS
2024-06-19,1.0326316346830269,etf:511010.SS
2024-06-20,1.032450095686181,etf:511010.SS
2024-06-21,1.0320718894427525,etf:511010.SS
2024-06-24,1.0328207378047412,etf:511010.SS
2024-06-25,1.033531765542387,etf:511010.SS
2024-06-26,1.0341671520313471,etf:511010.SS
2024-06-27,1.0352261295129475,etf:511010.SS
2024-06-28,1.0351883088886045,etf:511010.SS
2024-06-30,1.0353093348865017,etf:511010.SS
2024-07-01,1.0337511251635754,etf:511010.SS
2024-07-02,1.0352034371383414,etf:511010.SS
2024-07-03,1.0360808756230961,etf:511010.SS
2024-07-04,1.0357858747532216,etf:511010.SS
2024-07-05,1.034802538520307,etf:511010.SS
2024-07-08,1.033403175419621,etf:511010.SS
2024-07-09,1.0345983071488554,etf:511010.SS
2024-07-10,1.0345226659001696,etf:511010.SS
2024-07-11,1.034908436268467,etf:511010.SS
2024-07-12,1.035384976135187,etf:511010.SS
2024-07-15,1.0360506191236214,etf:511010.SS
2024-07-16,1.0361565168717815,etf:511010.SS
2024-07-17,1.0364136971173128,etf:511010.SS
2024-07-18,1.0362624146199415,etf:511010.SS
2024-07-19,1.0368751087342958,etf:511010.SS
2024-07-22,1.039030884321839,etf:511010.SS
2024-07-23,1.040059605303965,etf:511010.SS
2024-07-24,1.0398705021822507,etf:511010.SS
2024-07-25,1.0399007586817253,etf:511010.SS
2024-07-26,1.040006656429885,etf:511010.SS
2024-07-29,1.0404831962966055,etf:511010.SS
2024-07-30,1.0410429415368798,etf:511010.SS
2024-07-31,1.042215380891509,etf:511010.SS
2024-08-01,1.043191152999555,etf:511010.SS
2024-08-02,1.0435693592429836,etf:511010.SS
2024-08-05,1.0437962829890408,etf:511010.SS
2024-08-06,1.043599615742458,etf:511010.SS
2024-08-07,1.0443711564790523,etf:511010.SS
2024-08-08,1.0427599978820463,etf:511010.SS
2024-08-09,1.041451404279783,etf:511010.SS
2024-08-12,1.0386526780784109,etf:511010.SS
2024-08-13,1.040392426798183,etf:511010.SS
2024-08-14,1.0412169164088574,etf:511010.SS
2024-08-15,1.0403243496743657,etf:511010.SS
2024-08-16,1.0407025559177945,etf:511010.SS
2024-08-19,1.0411488392850403,etf:511010.SS
2024-08-20,1.041209352283989,etf:511010.SS
2024-08-21,1.041474096654389,etf:511010.SS
2024-08-22,1.0419884571454519,etf:511010.SS
2024-08-23,1.0430171781275779,etf:511010.SS
2024-08-26,1.0432743583731094,etf:511010.SS
2024-08-27,1.0423742275137493,etf:511010.SS
2024-08-28,1.043070127001658,etf:511010.SS
2024-08-29,1.0426994848830982,etf:511010.SS
2024-08-30,1.0432062812492924,etf:511010.SS
2024-09-02,1.0453544927119673,etf:511010.SS
2024-09-03,1.0465269320665962,etf:511010.SS
2024-09-04,1.0470337284327906,etf:511010.SS
2024-09-05,1.0473211651777965,etf:511010.SS
2024-09-06,1.0474043705513507,etf:511010.SS
2024-09-09,1.048017064665705,etf:511010.SS
2024-09-10,1.049045785647831,etf:511010.SS
2024-09-11,1.0503241227506197,etf:511010.SS
2024-09-12,1.050195532627854,etf:511010.SS
2024-09-13,1.0502938662511456,etf:511010.SS
2024-09-18,1.0505434823718083,etf:511010.SS
2024-09-19,1.0497265568860024,etf:511010.SS
2024-09-20,1.0502333532521968,etf:511010.SS
2024-09-23,1.0501652761283797,etf:511010.SS
2024-09-24,1.0494239918912593,etf:511010.SS
2024-09-25,1.0516175881031455,etf:511010.SS
2024-09-26,1.0505207899972027,etf:511010.SS
2024-09-27,1.0465798809406759,etf:511010.SS
2024-09-30,1.0457856478294758,etf:511010.SS
2024-10-08,1.0434710256196922,etf:511010.SS
2024-10-09,1.0439626937361495,etf:511010.SS
2024-10-10,1.0464285984433046,etf:511010.SS
2024-10-11,1.0472682163037161,etf:511010.SS
2024-10-14,1.0473136010529276,etf:511010.SS
2024-10-15,1.0478355256688592,etf:511010.SS
2024-10-16,1.0473211651777963,etf:511010.SS
2024-10-17,1.0490230932732254,etf:511010.SS
2024-10-18,1.0481002700392597,etf:511010.SS
2024-10-21,1.047843089793728,etf:511010.SS
2024-10-22,1.0462924441956707,etf:511010.SS
2024-10-23,1.0455814164580248,etf:511010.SS
2024-10-24,1.045452826335259,etf:511010.SS
2024-10-25,1.0461184693236936,etf:511010.SS
2024-10-28,1.0464361625681737,etf:511010.SS
2024-10-29,1.0469580871841053,etf:511010.SS
2024-10-30,1.0470261643079224,etf:511010.SS
2024-10-31,1.0480775776646543,etf:511010.SS
2024-11-01,1.0490609138975688,etf:511010.SS
2024-11-04,1.0489323237748032,etf:511010.SS
2024-11-05,1.0494315560161291,etf:511010.SS
2024-11-06,1.049257581144152,etf:511010.SS
2024-11-07,1.0503619433749636,etf:511010.SS
2024-11-08,1.0508460473665524,etf:511010.SS
2024-11-11,1.0512469459845868,etf:511010.SS
2024-11-12,1.0525025907127699,etf:511010.SS
2024-11-13,1.0520109225963126,etf:511010.SS
2024-11-14,1.052646309085273,etf:511010.SS
2024-11-15,1.0526765655847472,etf:511010.SS
2024-11-18,1.0523815647148727,etf:511010.SS
2024-11-19,1.0532590031996274,etf:511010.SS
2024-11-20,1.0533346444483132,etf:511010.SS
2024-11-21,1.0541137493097763,etf:511010.SS
2024-11-22,1.0538792614388506,etf:511010.SS
2024-11-25,1.054635673925708,etf:511010.SS
2024-11-26,1.0543255448060964,etf:511010.SS
2024-11-27,1.0543406730558336,etf:511010.SS
2024-11-28,1.0550970855426909,etf:511010.SS
2024-11-29,1.0559518316528398,etf:511010.SS
2024-12-02,1.0583042744869662,etf:511010.SS
2024-12-03,1.057668887998006,etf:511010.SS
2024-12-04,1.0586976089801319,etf:511010.SS
2024-12-05,1.0586144036065777,etf:511010.SS
2024-12-06,1.0584782493589433,etf:511010.SS
2024-12-09,1.0596128680892294,etf:511010.SS
2024-12-10,1.0621014651709901,etf:511010.SS
2024-12-11,1.062351081291653,etf:511010.SS
2024-12-12,1.0642421125087964,etf:511010.SS
2024-12-13,1.0664886575947627,etf:511010.SS
2024-12-16,1.0673131472054374,etf:511010.SS
2024-12-17,1.0666172477175284,etf:511010.SS
2024-12-18,1.0664054522212085,etf:511010.SS
2024-12-19,1.067835071821369,etf:511010.SS
2024-12-20,1.069763923662855,etf:511010.SS
2024-12-23,1.0690075111759978,etf:511010.SS
2024-12-24,1.0681452009409804,etf:511010.SS
2024-12-25,1.0668744279630602,etf:511010.SS
2024-12-26,1.0671921212075404,etf:511010.SS
2024-12-27,1.068735202680729,etf:511010.SS
2024-12-30,1.0676837893239977,etf:511010.SS
2024-12-31,1.0688032798045466,etf:511010.SS
2025-01-02,1.0696958465390383,etf:511010.SS
2025-01-03,1.0724416238663304,etf:511010.SS
2025-01-06,1.0720634176229016,etf:511010.SS
2025-01-07,1.0704522590258956,etf:511010.SS
2025-01-08,1.0701723864057584,etf:511010.SS
2025-01-09,1.0677896870721577,etf:511010.SS
2025-01-10,1.0681830215653236,etf:511010.SS
2025-01-13,1.0662692979735746,etf:511010.SS
2025-01-14,1.068651997307175,etf:511010.SS
2025-01-15,1.0685612278087522,etf:511010.SS
2025-01-16,1.068213278064798,etf:511010.SS
2025-01-17,1.0680393031928208,etf:511010.SS
2025-01-20,1.0676913534488663,etf:511010.SS
2025-01-21,1.068924305802444,etf:511010.SS
2025-01-22,1.0683418681875638,etf:511010.SS
2025-01-23,1.067434173203335,etf:511010.SS
2025-01-24,1.0670408387101693,etf:511010.SS
2025-01-27,1.06974123128825,etf:511010.SS
2025-02-05,1.0701799505306273,etf:511010.SS
2025-02-06,1.071443159383679,etf:511010.SS
2025-02-07,1.0705203361497133,etf:511010.SS
2025-02-10,1.0681754574404556,etf:511010.SS
2025-02-11,1.0686973820563872,etf:511010.SS
2025-02-12,1.0681300726912444,etf:511010.SS
2025-02-13,1.0677896870721584,etf:511010.SS
2025-02-14,1.0659591688539638,etf:511010.SS
2025-02-17,1.0649304478718378,etf:511010.SS
2025-02-18,1.0640303170124774,etf:511010.SS
2025-02-19,1.065134679243289,etf:511010.SS
2025-02-20,1.0632058274018028,etf:511010.SS
2025-02-21,1.0614509504322938,etf:511010.SS
2025-02-24,1.0599003048342364,etf:511010.SS
2025-02-25,1.0608382563179395,etf:511010.SS
2025-02-26,1.0613904374333452,etf:511010.SS
2025-02-27,1.060081843831082,etf:511010.SS
2025-02-28,1.0613904374333452,etf:511010.SS
2025-03-03,1.063417622898123,etf:511010.SS
2025-03-04,1.0628276211583743,etf:511010.SS
2025-03-05,1.0631831350271974,etf:511010.SS
2025-03-06,1.061254283185711,etf:511010.SS
2025-03-07,1.0584631211092075,etf:511010.SS
2025-03-10,1.0585690188573675,etf:511010.SS
2025-03-11,1.0557702926559953,etf:511010.SS
2025-03-12,1.058932096851059,etf:511010.SS
2025-03-13,1.058379915735653,etf:511010.SS
2025-03-14,1.0593783802183048,etf:511010.SS
2025-03-17,1.05659478226667,etf:511010.SS
2025-03-18,1.0574722207514242,etf:511010.SS
2025-03-19,1.0574722207514242,etf:511010.SS
2025-03-20,1.059000173974876,etf:511010.SS
2025-03-21,1.0579941453673558,etf:511010.SS
2025-03-24,1.0583950439853902,etf:511010.SS
2025-03-25,1.059090943473299,etf:511010.SS
2025-03-26,1.0603390240766137,etf:511010.SS
2025-03-27,1.0603238958268766,etf:511010.SS
2025-03-28,1.0607323585697797,etf:511010.SS
2025-03-31,1.0605962043221453,etf:511010.SS
2025-04-01,1.059998638457528,etf:511010.SS
2025-04-02,1.0614433863074253,etf:511010.SS
2025-04-03,1.065119550993552,etf:511010.SS
2025-04-07,1.0683343040626956,etf:511010.SS
2025-04-08,1.066465965220158,etf:511010.SS
2025-04-09,1.0678955848203184,etf:511010.SS
2025-04-10,1.0692117425474503,etf:511010.SS
2025-04-11,1.069143665423633,etf:511010.SS
2025-04-14,1.0684099453113816,etf:511010.SS
2025-04-15,1.0683948170616444,etf:511010.SS
2025-04-16,1.0692798196712674,etf:511010.SS
2025-04-17,1.0684704583103302,etf:511010.SS
2025-04-18,1.0684099453113816,etf:511010.SS
2025-04-21,1.0672828907059642,etf:511010.SS
2025-04-22,1.0678955848203184,etf:511010.SS
2025-04-23,1.0670710952096438,etf:511010.SS
2025-04-24,1.0664584010952896,etf:511010.SS
2025-04-25,1.0665794270931865,etf:511010.SS
2025-04-28,1.0667836584646382,etf:511010.SS
2025-04-29,1.067759430572684,etf:511010.SS
2025-04-30,1.06862930493257,etf:511010.SS
2025-05-06,1.0684780224351984,etf:511010.SS
2025-05-07,1.068432637685987,etf:511010.SS
2025-05-08,1.0699832832840446,etf:511010.SS
2025-05-09,1.0695975129157473,etf:511010.SS
2025-05-12,1.0681376368161128,etf:511010.SS
2025-05-13,1.0685839201833585,etf:511010.SS
2025-05-14,1.0676081480753123,etf:511010.SS
2025-05-15,1.0667382737154265,etf:511010.SS
2025-05-16,1.0664357087206835,etf:511010.SS
2025-05-19,1.0673055830805696,etf:511010.SS
2025-05-20,1.066821479088981,etf:511010.SS
2025-05-21,1.0669727615863522,etf:511010.SS
2025-05-22,1.0671240440837237,etf:511010.SS
2025-05-23,1.0674493014530726,etf:511010.SS
2025-05-26,1.0677216099483413,etf:511010.SS
2025-05-27,1.0673434037049125,etf:511010.SS
2025-05-28,1.0672601983313583,etf:511010.SS
2025-05-29,1.0664054522212096,etf:511010.SS
2025-05-30,1.0676157122001813,etf:511010.SS
2025-06-03,1.0673282754551756,etf:511010.SS
2025-06-04,1.0678275076965011,etf:511010.SS
2025-06-05,1.06841750943625,etf:511010.SS
2025-06-06,1.0693327685453473,etf:511010.SS
2025-06-09,1.0694764869178504,etf:511010.SS
2025-06-10,1.0693025120458732,etf:511010.SS
2025-06-11,1.069763923662856,etf:511010.SS
2025-06-12,1.0694537945432445,etf:511010.SS
2025-06-13,1.0696504617898277,etf:511010.SS
2025-06-16,1.0699152061602277,etf:511010.SS
2025-06-17,1.071133030264068,etf:511010.SS
2025-06-18,1.0711632867635423,etf:511010.SS
2025-06-19,1.0710498248905138,etf:511010.SS
2025-06-20,1.0711557226386739,etf:511010.SS
2025-06-23,1.0711027737645937,etf:511010.SS
2025-06-24,1.0707396957709021,etf:511010.SS
2025-06-25,1.0704976437751077,etf:511010.SS
2025-06-26,1.070898542393142,etf:511010.SS
2025-06-27,1.071344825760388,etf:511010.SS
2025-06-30,1.0710649531402507,etf:511010.SS
2025-07-01,1.0712616203868335,etf:511010.SS
2025-07-02,1.071768416753028,etf:511010.SS
2025-07-03,1.0719423916250053,etf:511010.SS
2025-07-04,1.072086109997508,etf:511010.SS
2025-07-07,1.0720936741223768,etf:511010.SS
2025-07-08,1.071609570130788,etf:511010.SS
2025-07-09,1.0714053387593365,etf:511010.SS
2025-07-10,1.0705127720248448,etf:511010.SS
2025-07-11,1.0703387971528677,etf:511010.SS
2025-07-14,1.0697261030385132,etf:511010.SS
2025-07-15,1.0708834141434052,etf:511010.SS
2025-07-16,1.0706489262724794,etf:511010.SS
2025-07-17,1.0707321316460336,etf:511010.SS
2025-07-18,1.0708607217687995,etf:511010.SS
2025-07-21,1.0701496940311537,etf:511010.SS
2025-07-22,1.0695067434173249,etf:511010.SS
2025-07-23,1.0688411004288905,etf:511010.SS
2025-07-24,1.0672450700816214,etf:511010.SS
2025-07-25,1.0673736602043875,etf:511010.SS
2025-07-28,1.0685763560584907,etf:511010.SS
2025-07-29,1.0669198127122732,etf:511010.SS
2025-07-30,1.0678653283208448,etf:511010.SS
2025-07-31,1.0686671255569136,etf:511010.SS
2025-08-01,1.0687200744309937,etf:511010.SS
2025-08-04,1.0686217408077021,etf:511010.SS
2025-08-05,1.0687881515548106,etf:511010.SS
2025-08-06,1.0693932815442966,etf:511010.SS
2025-08-07,1.0702934124036567,etf:511010.SS
2025-08-08,1.0703690536523423,etf:511010.SS
2025-08-11,1.069272255546399,etf:511010.SS
2025-08-12,1.0689999470511302,etf:511010.SS
2025-08-13,1.0693554609199534,etf:511010.SS
2025-08-14,1.069113408924159,etf:511010.SS
2025-08-15,1.0685234071844103,etf:511010.SS
2025-08-18,1.0666172477175297,etf:511010.SS
2025-08-19,1.0671543005831985,etf:511010.SS
2025-08-20,1.06651134996937,etf:511010.SS
2025-08-21,1.0671694288329356,etf:511010.SS
2025-08-22,1.0670105822106957,etf:511010.SS
2025-08-25,1.067691353448867,etf:511010.SS
2025-08-26,1.0680544314425586,etf:511010.SS
2025-08-27,1.0679334054446614,etf:511010.SS
2025-08-28,1.0672375059567527,etf:511010.SS
2025-08-29,1.0679863543187413,etf:511010.SS
2025-09-01,1.0686217408077014,etf:511010.SS
2025-09-02,1.068909177552707,etf:511010.SS
2025-09-03,1.069922770285096,etf:511010.SS
2025-09-04,1.0697412312882502,etf:511010.SS
2025-09-05,1.0690907165495527,etf:511010.SS
2025-09-08,1.0686444331823068,etf:511010.SS
2025-09-09,1.0684931506849356,etf:511010.SS
2025-09-10,1.0676459686996551,etf:511010.SS
2025-09-11,1.0690604600500784,etf:511010.SS
2025-09-12,1.0692949479210043,etf:511010.SS
2025-09-15,1.0694991792924557,etf:511010.SS
2025-09-16,1.070686746896822,etf:511010.SS
2025-09-17,1.0715868777561823,etf:511010.SS
2025-09-18,1.0706489262724792,etf:511010.SS
2025-09-19,1.0697790519125931,etf:511010.SS
2025-09-22,1.0700135397835189,etf:511010.SS
2025-09-23,1.0695143075421931,etf:511010.SS
2025-09-24,1.0683985026151788,etf:511010.SS
2025-09-25,1.0685513526051809,etf:511010.SS
2025-09-26,1.0690710425711873,etf:511010.SS
2025-09-29,1.0685819226031812,etf:511010.SS
2025-09-30,1.0698811475181977,etf:511010.SS
2025-10-09,1.0709893099457117,etf:511010.SS
2025-10-10,1.0706606824672074,etf:511010.SS
2025-10-13,1.071027522443212,etf:511010.SS
2025-10-14,1.0713026524252156,etf:511010.SS
2025-10-15,1.0711650874342138,etf:511010.SS
2025-10-16,1.0711880149327142,etf:511010.SS
2025-10-17,1.0715701399077189,etf:511010.SS
2025-10-20,1.070805889957709,etf:511010.SS
2025-10-21,1.071119232437213,etf:511010.SS
2025-10-22,1.071188014932714,etf:511010.SS
2025-10-23,1.0710733774402124,etf:511010.SS
2025-10-24,1.070568972473206,etf:511010.SS
2025-10-27,1.0714478599157171,etf:511010.SS
2025-10-28,1.0729687173162368,etf:511010.SS
2025-10-29,1.0744284347207556,etf:511010.SS
2025-10-30,1.0751009746767641,etf:511010.SS
2025-10-31,1.0749710521852625,etf:511010.SS
2025-11-03,1.0748564146927608,etf:511010.SS
2025-11-04,1.0745736422112573,etf:511010.SS
2025-11-05,1.0745354297137568,etf:511010.SS
2025-11-06,1.0744360772202555,etf:511010.SS
2025-11-07,1.0741838747367523,etf:511010.SS
2025-11-10,1.074481932217256,etf:511010.SS
2025-11-11,1.0746729947047586,etf:511010.SS
2025-11-12,1.0748640571922612,etf:511010.SS
2025-11-13,1.0744131497217555,etf:511010.SS
2025-11-14,1.0742373722332532,etf:511010.SS
2025-11-17,1.0745812847107574,etf:511010.SS
2025-11-18,1.0745583572122572,etf:511010.SS
2025-11-19,1.074397864722755,etf:511010.SS
2025-11-20,1.0748869846907612,etf:511010.SS
2025-11-21,1.0746882797037587,etf:511010.SS
2025-11-24,1.0748640571922607,etf:511010.SS
2025-11-25,1.074565999711757,etf:511010.SS
2025-11-26,1.0737788222632467,etf:511010.SS
2025-11-27,1.0733049872942406,etf:511010.SS
2025-11-28,1.0737482522652464,etf:511010.SS
2025-12-01,1.074275584730753,etf:511010.SS
2025-12-02,1.0740845222432505,etf:511010.SS
2025-12-03,1.07404630974575,etf:511010.SS
2025-12-04,1.0728617223232348,etf:511010.SS
2025-12-05,1.073580117276244,etf:511010.SS
2025-12-08,1.0737864647627466,etf:511010.SS
2025-12-09,1.0740998072422507,etf:511010.SS
2025-12-10,1.074367294724754,etf:511010.SS
2025-12-11,1.0748258446947598,etf:511010.SS
2025-12-12,1.0743749372242541,etf:511010.SS
2025-12-15,1.0741533047387515,etf:511010.SS
2025-12-16,1.074206802235252,etf:511010.SS
2025-12-17,1.0748411296937601,etf:511010.SS
2025-12-18,1.0751621146727641,etf:511010.SS
2025-12-19,1.0759798621192744,etf:511010.SS
2025-12-22,1.0756818046387708,etf:511010.SS
2025-12-23,1.07640019959178,etf:511010.SS
2025-12-24,1.0765989045787827,etf:511010.SS
2025-12-25,1.0763925570922799,etf:511010.SS
2025-12-26,1.0768220655641854,etf:511010.SS
2025-12-29,1.075793193541756,etf:511010.SS
2025-12-30,1.0752403667834356,etf:511010.SS
2025-12-31,1.0751482289903822,etf:511010.SS
2026-01-05,1.074864137461801,etf:511010.SS
2026-01-06,1.073720093198055,etf:511010.SS
2026-01-07,1.073244047933946,etf:511010.SS
2026-01-08,1.073981150278373,etf:511010.SS
2026-01-09,1.0742805981057963,etf:511010.SS
2026-01-12,1.0747643215193265,etf:511010.SS
2026-01-13,1.0748257467146956,etf:511010.SS
2026-01-14,1.0755014238637537,etf:511010.SS
2026-01-15,1.075647308702755,etf:511010.SS
2026-01-16,1.0766377899780786,etf:511010.SS
2026-01-19,1.0767606403688164,etf:511010.SS
2026-01-20,1.077205973035241,etf:511010.SS
2026-01-21,1.0772213293340833,etf:511010.SS
2026-01-22,1.076860456311291,etf:511010.SS
2026-01-23,1.0776129149545601,etf:511010.SS
2026-01-26,1.077674340149929,etf:511010.SS
2026-01-27,1.0775745242074544,etf:511010.SS
2026-01-28,1.0782578795059337,etf:511010.SS
2026-01-29,1.0782194887588281,etf:511010.SS
2026-01-30,1.0781887761611437,etf:511010.SS
2026-02-02,1.0782425232070916,etf:511010.SS
2026-02-03,1.0785573273333573,etf:511010.SS
2026-02-04,1.078465189540304,etf:511010.SS
2026-02-05,1.0788490970113596,etf:511010.SS
2026-02-06,1.0793174641260475,etf:511010.SS
2026-02-09,1.0797935093901567,etf:511010.SS
2026-02-10,1.0799777849762633,etf:511010.SS
2026-02-11,1.0804077613438454,etf:511010.SS
2026-02-12,1.08078399066548,etf:511010.SS
2026-02-13,1.0809913006998502,etf:511010.SS
2026-02-24,1.0814135989180111,etf:511010.SS
2026-02-25,1.0806457839758998,etf:511010.SS
2026-02-26,1.0799547505279994,etf:511010.SS
2026-02-27,1.080384726895582,etf:511010.SS
2026-03-02,1.0811832544353779,etf:511010.SS
2026-03-03,1.0812830703778524,etf:511010.SS
2026-03-04,1.0818896441821204,etf:511010.SS
2026-03-05,1.0818205408373303,etf:511010.SS
2026-03-06,1.081858931584436,etf:511010.SS
2026-03-09,1.0808377377114278,etf:511010.SS
2026-03-10,1.0809145192056389,etf:511010.SS
2026-03-11,1.080584358780531,etf:511010.SS
2026-03-12,1.0810373695963766,etf:511010.SS
2026-03-13,1.0807455999183742,etf:511010.SS
2026-03-16,1.0802234857577384,etf:511010.SS
2026-03-17,1.0804000831944243,etf:511010.SS
2026-03-18,1.0812677140790101,etf:511010.SS
2026-03-19,1.0812216451824834,etf:511010.SS
2026-03-20,1.0813368174238,etf:511010.SS
2026-03-23,1.0810296914469555,etf:511010.SS
2026-03-24,1.080929875504481,etf:511010.SS
2026-03-25,1.0811256683147192,etf:511010.SS
2026-03-26,1.0816190725018076,etf:511010.SS
2026-03-27,1.0821047672484725,etf:511010.SS
2026-03-30,1.0833459871566165,etf:511010.SS
2026-03-31,1.0829528056950306,etf:511010.SS
2026-04-01,1.0822049899739747,etf:511010.SS
2026-04-02,1.0824594015079423,etf:511010.SS
2026-04-03,1.0827061036014862,etf:511010.SS
2026-04-07,1.0827986168865653,etf:511010.SS
2026-04-08,1.0824208543058258,etf:511010.SS
2026-04-09,1.082390016544133,etf:511010.SS
2026-04-10,1.0824979487100586,etf:511010.SS
2026-04-13,1.082783198005719,etf:511010.SS
2026-04-14,1.083145541705612,etf:511010.SS
2026-04-15,1.0840321273542861,etf:511010.SS
2026-04-16,1.0844638560179884,etf:511010.SS
2026-04-17,1.0849110035625373,etf:511010.SS
2026-04-20,1.084803071396612,etf:511010.SS
2026-04-21,1.0850883206922723,etf:511010.SS
2026-04-22,1.0856665287240166,etf:511010.SS
2026-04-23,1.085805298651635,etf:511010.SS
2026-04-24,1.0857050759261329,etf:511010.SS
2026-04-27,1.0851577056560817,etf:511010.SS
2026-04-28,1.085766751449519,etf:511010.SS
2026-04-29,1.0863526689216862,etf:511010.SS
2026-04-30,1.0861290951494118,etf:511010.SS
2026-05-06,1.0857898797707886,etf:511010.SS
2026-05-07,1.0859903252217933,etf:511010.SS
2026-05-08,1.0860828385068724,etf:511010.SS
2026-05-11,1.0863449594812629,etf:511010.SS
2026-05-12,1.086560823813114,etf:511010.SS
2026-05-13,1.0868229447875046,etf:511010.SS
2026-05-14,1.0868692014300443,etf:511010.SS
2026-05-15,1.0872623828916304,etf:511010.SS
2026-05-18,1.0879331042084535,etf:511010.SS
2026-05-19,1.0886809199295093,etf:511010.SS
2026-05-20,1.0890201353081326,etf:511010.SS
2026-05-21,1.0887271765720488,etf:511010.SS
2026-05-22,1.0882029346232673,etf:511010.SS
2026-05-25,1.088495893359351,etf:511010.SS
2026-05-26,1.0887503048933185,etf:511010.SS
2026-05-27,1.0893901884484485,etf:511010.SS
2026-05-28,1.090253645775853,etf:511010.SS
2026-05-29,1.090708502760825,etf:511010.SS
2026-06-01,1.090793306605481,etf:511010.SS
2026-06-02,1.0907855971650577,etf:511010.SS
2026-06-03,1.0905466045119367,etf:511010.SS
2026-06-04,1.0909397859735228,etf:511010.SS
2026-06-05,1.0906159894757461,etf:511010.SS
2026-06-08,1.0902073891333135,etf:511010.SS
2026-06-09,1.0896677283036857,etf:511010.SS
2026-06-10,1.0888119804167045,etf:511010.SS
2026-06-11,1.0882491912658068,etf:511010.SS
2026-06-12,1.0882954479083462,etf:511010.SS
2026-06-15,1.0883185762296161,etf:511010.SS
2026-06-16,1.0893901884484485,etf:511010.SS
2026-06-17,1.089798788790881,etf:511010.SS
2026-06-18,1.090323030739662,etf:511010.SS
2026-06-22,1.0904078345843178,etf:511010.SS
2026-06-23,1.090076328646118,etf:511010.SS
2026-06-24,1.0902382268950062,etf:511010.SS
2026-06-25,1.0906961676561477,etf:511010.SS
2026-06-26,1.091122641868766,etf:511010.SS
2026-06-29,1.0921306718258637,etf:511010.SS
2026-06-30,1.091409542702709,etf:511010.SS
2026-07-01,1.0902154149073782,etf:511010.SS
2026-07-02,1.0907737084220783,etf:511010.SS
2026-07-03,1.0907814624986714,etf:511010.SS
2026-07-06,1.0912932315538133,etf:511010.SS
2026-07-07,1.0913164937835926,etf:511010.SS
2026-07-08,1.0916654272302801,etf:511010.SS
2026-07-09,1.0916111486941287,etf:511010.SS
2026-07-10,1.0916033946175356,etf:511010.SS
2026-07-13,1.0915336079281983,etf:511010.SS
2026-07-14,1.0916886894600593,etf:511010.SS
2026-07-15,1.0918360169153276,etf:511010.SS
2026-07-16,1.091750722072804,etf:511010.SS
2026-07-17,1.0918670332217,etf:511010.SS
2026-07-20,1.0916654272302804,etf:511010.SS
2026-07-21,1.0919600821408166,etf:511010.SS
2026-07-22,1.0926501949575989,etf:511010.SS
2026-07-23,1.0921849503620153,etf:511010.SS
2026-07-24,1.0922779992811322,etf:511010.SS
2026-07-27,1.091991098447189,etf:511010.SS
2026-07-28,1.091711951689839,etf:511010.SS
2026-07-29,1.0918515250685141,etf:511010.SS
2026-07-30,1.092502867502331,etf:511010.SS
2026-07-31,1.0932627670084505,etf:511010.SS
2026-08-03,1.092937095791542,etf:511010.SS
2026-08-04,1.0935031433828353,etf:511010.SS
2026-08-05,1.0934178485403117,etf:511010.SS
2026-08-06,1.0934488648466838,etf:511010.SS
2026-08-07,1.093875339059302,etf:511010.SS
2026-08-10,1.0941002072805006,etf:511010.SS
2026-08-11,1.0937900442167783,etf:511010.SS
2026-08-12,1.0939606339018255,etf:511010.SS
2023-08-14,112.07,benchmark:000140
2023-08-15,112.23,benchmark:000140
2023-08-16,112.27,benchmark:000140
2023-08-17,112.26,benchmark:000140
2023-08-18,112.3,benchmark:000140
2023-08-21,112.37,benchmark:000140
2023-08-22,112.34,benchmark:000140
2023-08-23,112.3,benchmark:000140
2023-08-24,112.29,benchmark:000140
2023-08-25,112.22,benchmark:000140
2023-08-28,112.1,benchmark:000140
2023-08-29,112.03,benchmark:000140
2023-08-30,112.11,benchmark:000140
2023-08-31,112.17,benchmark:000140
2023-09-01,112.0,benchmark:000140
2023-09-04,111.84,benchmark:000140
2023-09-05,111.86,benchmark:000140
2023-09-06,111.69,benchmark:000140
2023-09-07,111.64,benchmark:000140
2023-09-08,111.65,benchmark:000140
2023-09-11,111.65,benchmark:000140
2023-09-12,111.72,benchmark:000140
2023-09-13,111.78,benchmark:000140
2023-09-14,111.82,benchmark:000140
2023-09-15,111.75,benchmark:000140
2023-09-18,111.56,benchmark:000140
2023-09-19,111.57,benchmark:000140
2023-09-20,111.54,benchmark:000140
2023-09-21,111.59,benchmark:000140
2023-09-22,111.57,benchmark:000140
2023-09-25,111.49,benchmark:000140
2023-09-26,111.44,benchmark:000140
2023-09-27,111.42,benchmark:000140
2023-09-28,111.61,benchmark:000140
2023-10-09,111.53,benchmark:000140
2023-10-10,111.45,benchmark:000140
2023-10-11,111.27,benchmark:000140
2023-10-12,111.27,benchmark:000140
2023-10-13,111.36,benchmark:000140
2023-10-16,111.39,benchmark:000140
2023-10-17,111.27,benchmark:000140
2023-10-18,111.22,benchmark:000140
2023-10-19,111.04,benchmark:000140
2023-10-20,111.12,benchmark:000140
2023-10-23,111.26,benchmark:000140
2023-10-24,111.17,benchmark:000140
2023-10-25,111.4,benchmark:000140
2023-10-26,111.39,benchmark:000140
2023-10-27,111.35,benchmark:000140
2023-10-30,111.39,benchmark:000140
2023-10-31,111.5,benchmark:000140
2023-11-01,111.48,benchmark:000140
2023-11-02,111.59,benchmark:000140
2023-11-03,111.55,benchmark:000140
2023-11-06,111.55,benchmark:000140
2023-11-07,111.52,benchmark:000140
2023-11-08,111.54,benchmark:000140
2023-11-09,111.55,benchmark:000140
2023-11-10,111.56,benchmark:000140
2023-11-13,111.62,benchmark:000140
2023-11-14,111.58,benchmark:000140
2023-11-15,111.58,benchmark:000140
2023-11-16,111.61,benchmark:000140
2023-11-17,111.62,benchmark:000140
2023-11-20,111.53,benchmark:000140
2023-11-21,111.49,benchmark:000140
2023-11-22,111.4,benchmark:000140
2023-11-23,111.27,benchmark:000140
2023-11-24,111.28,benchmark:000140
2023-11-27,111.2,benchmark:000140
2023-11-28,111.25,benchmark:000140
2023-11-29,111.27,benchmark:000140
2023-11-30,111.31,benchmark:000140
2023-12-01,111.34,benchmark:000140
2023-12-04,111.28,benchmark:000140
2023-12-05,111.28,benchmark:000140
2023-12-06,111.24,benchmark:000140
2023-12-07,111.3,benchmark:000140
2023-12-08,111.32,benchmark:000140
2023-12-11,111.44,benchmark:000140
2023-12-12,111.4,benchmark:000140
2023-12-13,111.56,benchmark:000140
2023-12-14,111.58,benchmark:000140
2023-12-15,111.68,benchmark:000140
2023-12-18,111.7,benchmark:000140
2023-12-19,111.66,benchmark:000140
2023-12-20,111.64,benchmark:000140
2023-12-21,111.72,benchmark:000140
2023-12-22,111.83,benchmark:000140
2023-12-25,111.98,benchmark:000140
2023-12-26,112.04,benchmark:000140
2023-12-27,112.12,benchmark:000140
2023-12-28,112.11,benchmark:000140
2023-12-29,112.12,benchmark:000140
2024-01-02,112.03,benchmark:000140
2024-01-03,112.02,benchmark:000140
2024-01-04,112.01,benchmark:000140
2024-01-05,112.15,benchmark:000140
2024-01-08,112.12,benchmark:000140
2024-01-09,112.14,benchmark:000140
2024-01-10,112.12,benchmark:000140
2024-01-11,112.14,benchmark:000140
2024-01-12,112.07,benchmark:000140
2024-01-15,112.06,benchmark:000140
2024-01-16,111.98,benchmark:000140
2024-01-17,112.02,benchmark:000140
2024-01-18,112.05,benchmark:000140
2024-01-19,112.13,benchmark:000140
2024-01-22,112.16,benchmark:000140
2024-01-23,112.14,benchmark:000140
2024-01-24,112.15,benchmark:000140
2024-01-25,112.37,benchmark:000140
2024-01-26,112.33,benchmark:000140
2024-01-29,112.38,benchmark:000140
2024-01-30,112.6,benchmark:000140
2024-01-31,112.61,benchmark:000140
2024-02-01,112.58,benchmark:000140
2024-02-02,112.54,benchmark:000140
2024-02-05,112.6,benchmark:000140
2024-02-06,112.43,benchmark:000140
2024-02-07,112.49,benchmark:000140
2024-02-08,112.48,benchmark:000140
2024-02-19,112.48,benchmark:000140
2024-02-20,112.57,benchmark:000140
2024-02-21,112.59,benchmark:000140
2024-02-22,112.72,benchmark:000140
2024-02-23,112.73,benchmark:000140
2024-02-26,112.77,benchmark:000140
2024-02-27,112.73,benchmark:000140
2024-02-28,112.77,benchmark:000140
2024-02-29,112.87,benchmark:000140
2024-03-01,112.64,benchmark:000140
2024-03-04,112.72,benchmark:000140
2024-03-05,112.76,benchmark:000140
2024-03-06,112.92,benchmark:000140
2024-03-07,112.93,benchmark:000140
2024-03-08,112.93,benchmark:000140
2024-03-11,112.84,benchmark:000140
2024-03-12,112.67,benchmark:000140
2024-03-13,112.64,benchmark:000140
2024-03-14,112.6,benchmark:000140
2024-03-15,112.68,benchmark:000140
2024-03-18,112.76,benchmark:000140
2024-03-19,112.87,benchmark:000140
2024-03-20,112.78,benchmark:000140
2024-03-21,112.86,benchmark:000140
2024-03-22,112.8,benchmark:000140
2024-03-25,112.77,benchmark:000140
2024-03-26,112.77,benchmark:000140
2024-03-27,112.83,benchmark:000140
2024-03-28,112.87,benchmark:000140
2024-03-29,112.99,benchmark:000140
2024-04-01,112.86,benchmark:000140
2024-04-02,112.89,benchmark:000140
2024-04-03,112.95,benchmark:000140
2024-04-08,113.06,benchmark:000140
2024-04-09,113.18,benchmark:000140
2024-04-10,113.17,benchmark:000140
2024-04-11,113.18,benchmark:000140
2024-04-12,113.33,benchmark:000140
2024-04-15,113.34,benchmark:000140
2024-04-16,113.32,benchmark:000140
2024-04-17,113.29,benchmark:000140
2024-04-18,113.46,benchmark:000140
2024-04-19,113.45,benchmark:000140
2024-04-22,113.48,benchmark:000140
2024-04-23,113.57,benchmark:000140
2024-04-24,113.4,benchmark:000140
2024-04-25,113.43,benchmark:000140
2024-04-26,113.25,benchmark:000140
2024-04-29,112.93,benchmark:000140
2024-04-30,113.15,benchmark:000140
2024-05-06,113.19,benchmark:000140
2024-05-07,113.34,benchmark:000140
2024-05-08,113.32,benchmark:000140
2024-05-09,113.2,benchmark:000140
2024-05-10,113.2,benchmark:000140
2024-05-13,113.32,benchmark:000140
2024-05-14,113.35,benchmark:000140
2024-05-15,113.35,benchmark:000140
2024-05-16,113.29,benchmark:000140
2024-05-17,113.23,benchmark:000140
2024-05-20,113.33,benchmark:000140
2024-05-21,113.28,benchmark:000140
2024-05-22,113.32,benchmark:000140
2024-05-23,113.37,benchmark:000140
2024-05-24,113.36,benchmark:000140
2024-05-27,113.34,benchmark:000140
2024-05-28,113.38,benchmark:000140
2024-05-29,113.4,benchmark:000140
2024-05-30,113.42,benchmark:000140
2024-05-31,113.41,benchmark:000140
2024-06-03,113.47,benchmark:000140
2024-06-04,113.5,benchmark:000140
2024-06-05,113.55,benchmark:000140
2024-06-06,113.56,benchmark:000140
2024-06-07,113.57,benchmark:000140
2024-06-11,113.6,benchmark:000140
2024-06-12,113.58,benchmark:000140
2024-06-13,113.57,benchmark:000140
2024-06-14,113.57,benchmark:000140
2024-06-17,113.56,benchmark:000140
2024-06-18,113.57,benchmark:000140
2024-06-19,113.7,benchmark:000140
2024-06-20,113.73,benchmark:000140
2024-06-21,113.67,benchmark:000140
2024-06-24,113.7,benchmark:000140
2024-06-25,113.79,benchmark:000140
2024-06-26,113.84,benchmark:000140
2024-06-27,113.94,benchmark:000140
2024-06-28,113.98,benchmark:000140
2024-07-01,113.77,benchmark:000140
2024-07-02,113.95,benchmark:000140
2024-07-03,114.08,benchmark:000140
2024-07-04,114.02,benchmark:000140
2024-07-05,113.88,benchmark:000140
2024-07-08,113.7,benchmark:000140
2024-07-09,113.8,benchmark:000140
2024-07-10,113.83,benchmark:000140
2024-07-11,113.86,benchmark:000140
2024-07-12,113.92,benchmark:000140
2024-07-15,113.94,benchmark:000140
2024-07-16,113.97,benchmark:000140
2024-07-17,113.98,benchmark:000140
2024-07-18,113.97,benchmark:000140
2024-07-19,114.02,benchmark:000140
2024-07-22,114.25,benchmark:000140
2024-07-23,114.34,benchmark:000140
2024-07-24,114.35,benchmark:000140
2024-07-25,114.33,benchmark:000140
2024-07-26,114.35,benchmark:000140
2024-07-29,114.37,benchmark:000140
2024-07-30,114.38,benchmark:000140
2024-07-31,114.52,benchmark:000140
2024-08-01,114.63,benchmark:000140
2024-08-02,114.66,benchmark:000140
2024-08-05,114.72,benchmark:000140
2024-08-06,114.64,benchmark:000140
2024-08-07,114.74,benchmark:000140
2024-08-08,114.59,benchmark:000140
2024-08-09,114.42,benchmark:000140
2024-08-12,114.06,benchmark:000140
2024-08-13,114.24,benchmark:000140
2024-08-14,114.35,benchmark:000140
2024-08-15,114.23,benchmark:000140
2024-08-16,114.29,benchmark:000140
2024-08-19,114.32,benchmark:000140
2024-08-20,114.33,benchmark:000140
2024-08-21,114.2,benchmark:000140
2024-08-22,114.39,benchmark:000140
2024-08-23,114.49,benchmark:000140
2024-08-26,114.53,benchmark:000140
2024-08-27,114.44,benchmark:000140
2024-08-28,114.47,benchmark:000140
2024-08-29,114.44,benchmark:000140
2024-08-30,114.44,benchmark:000140
2024-09-02,114.66,benchmark:000140
2024-09-03,114.78,benchmark:000140
2024-09-04,114.78,benchmark:000140
2024-09-05,114.89,benchmark:000140
2024-09-06,114.9,benchmark:000140
2024-09-09,114.93,benchmark:000140
2024-09-10,115.02,benchmark:000140
2024-09-11,115.2,benchmark:000140
2024-09-12,115.16,benchmark:000140
2024-09-13,115.19,benchmark:000140
2024-09-18,115.2,benchmark:000140
2024-09-19,115.08,benchmark:000140
2024-09-20,115.11,benchmark:000140
2024-09-23,115.1,benchmark:000140
2024-09-24,115.01,benchmark:000140
2024-09-25,115.24,benchmark:000140
2024-09-26,115.13,benchmark:000140
2024-09-27,114.7,benchmark:000140
2024-09-30,114.43,benchmark:000140
2024-10-08,114.31,benchmark:000140
2024-10-09,114.29,benchmark:000140
2024-10-10,114.56,benchmark:000140
2024-10-11,114.61,benchmark:000140
2024-10-14,114.65,benchmark:000140
2024-10-15,114.7,benchmark:000140
2024-10-16,114.64,benchmark:000140
2024-10-17,114.81,benchmark:000140
2024-10-18,114.74,benchmark:000140
2024-10-21,114.7,benchmark:000140
2024-10-22,114.55,benchmark:000140
2024-10-23,114.42,benchmark:000140
2024-10-24,114.4,benchmark:000140
2024-10-25,114.41,benchmark:000140
2024-10-28,114.44,benchmark:000140
2024-10-29,114.52,benchmark:000140
2024-10-30,114.53,benchmark:000140
2024-10-31,114.55,benchmark:000140
2024-11-01,114.74,benchmark:000140
2024-11-04,114.72,benchmark:000140
2024-11-05,114.76,benchmark:000140
2024-11-06,114.75,benchmark:000140
2024-11-07,114.85,benchmark:000140
2024-11-08,114.9,benchmark:000140
2024-11-11,114.9,benchmark:000140
2024-11-12,115.02,benchmark:000140
2024-11-13,115.01,benchmark:000140
2024-11-14,115.05,benchmark:000140
2024-11-15,115.06,benchmark:000140
2024-11-18,115.01,benchmark:000140
2024-11-19,115.07,benchmark:000140
2024-11-20,115.09,benchmark:000140
2024-11-21,115.16,benchmark:000140
2024-11-22,115.12,benchmark:000140
2024-11-25,115.17,benchmark:000140
2024-11-26,115.15,benchmark:000140
2024-11-27,115.15,benchmark:000140
2024-11-28,115.19,benchmark:000140
2024-11-29,115.26,benchmark:000140
2024-12-02,115.55,benchmark:000140
2024-12-03,115.46,benchmark:000140
2024-12-04,115.57,benchmark:000140
2024-12-05,115.57,benchmark:000140
2024-12-06,115.56,benchmark:000140
2024-12-09,115.57,benchmark:000140
2024-12-10,115.94,benchmark:000140
2024-12-11,115.89,benchmark:000140
2024-12-12,116.04,benchmark:000140
2024-12-13,116.4,benchmark:000140
2024-12-16,116.47,benchmark:000140
2024-12-17,116.37,benchmark:000140
2024-12-18,116.36,benchmark:000140
2024-12-19,116.42,benchmark:000140
2024-12-20,116.65,benchmark:000140
2024-12-23,116.65,benchmark:000140
2024-12-24,116.52,benchmark:000140
2024-12-25,116.4,benchmark:000140
2024-12-26,116.35,benchmark:000140
2024-12-27,116.56,benchmark:000140
2024-12-30,116.4,benchmark:000140
2024-12-31,116.55,benchmark:000140
2025-01-02,116.61,benchmark:000140
2025-01-03,116.95,benchmark:000140
2025-01-06,116.87,benchmark:000140
2025-01-07,116.71,benchmark:000140
2025-01-08,116.69,benchmark:000140
2025-01-09,116.41,benchmark:000140
2025-01-10,116.41,benchmark:000140
2025-01-13,116.24,benchmark:000140
2025-01-14,116.39,benchmark:000140
2025-01-15,116.47,benchmark:000140
2025-01-16,116.43,benchmark:000140
2025-01-17,116.35,benchmark:000140
2025-01-20,116.39,benchmark:000140
2025-01-21,116.39,benchmark:000140
2025-01-22,116.35,benchmark:000140
2025-01-23,116.24,benchmark:000140
2025-01-24,116.15,benchmark:000140
2025-01-27,116.43,benchmark:000140
2025-02-05,116.43,benchmark:000140
2025-02-06,116.58,benchmark:000140
2025-02-07,116.49,benchmark:000140
2025-02-10,116.26,benchmark:000140
2025-02-11,116.29,benchmark:000140
2025-02-12,116.25,benchmark:000140
2025-02-13,116.18,benchmark:000140
2025-02-14,115.99,benchmark:000140
2025-02-17,115.9,benchmark:000140
2025-02-18,115.78,benchmark:000140
2025-02-19,115.86,benchmark:000140
2025-02-20,115.64,benchmark:000140
2025-02-21,115.52,benchmark:000140
2025-02-24,115.27,benchmark:000140
2025-02-25,115.35,benchmark:000140
2025-02-26,115.41,benchmark:000140
2025-02-27,115.34,benchmark:000140
2025-02-28,115.37,benchmark:000140
2025-03-03,115.55,benchmark:000140
2025-03-04,115.51,benchmark:000140
2025-03-05,115.55,benchmark:000140
2025-03-06,115.39,benchmark:000140
2025-03-07,115.1,benchmark:000140
2025-03-10,115.06,benchmark:000140
2025-03-11,114.81,benchmark:000140
2025-03-12,115.06,benchmark:000140
2025-03-13,115.07,benchmark:000140
2025-03-14,115.05,benchmark:000140
2025-03-17,114.79,benchmark:000140
2025-03-18,114.83,benchmark:000140
2025-03-19,114.83,benchmark:000140
2025-03-20,115.02,benchmark:000140
2025-03-21,114.94,benchmark:000140
2025-03-24,114.93,benchmark:000140
2025-03-25,114.95,benchmark:000140
2025-03-26,115.1,benchmark:000140
2025-03-27,115.15,benchmark:000140
2025-03-28,115.13,benchmark:000140
2025-03-31,115.09,benchmark:000140
2025-04-01,115.09,benchmark:000140
2025-04-02,115.21,benchmark:000140
2025-04-03,115.62,benchmark:000140
2025-04-07,115.93,benchmark:000140
2025-04-08,115.78,benchmark:000140
2025-04-09,115.89,benchmark:000140
2025-04-10,115.95,benchmark:000140
2025-04-11,115.98,benchmark:000140
2025-04-14,115.94,benchmark:000140
2025-04-15,115.9,benchmark:000140
2025-04-16,115.97,benchmark:000140
2025-04-17,115.89,benchmark:000140
2025-04-18,115.87,benchmark:000140
2025-04-21,115.79,benchmark:000140
2025-04-22,115.79,benchmark:000140
2025-04-23,115.71,benchmark:000140
2025-04-24,115.61,benchmark:000140
2025-04-25,115.62,benchmark:000140
2025-04-28,115.64,benchmark:000140
2025-04-29,115.74,benchmark:000140
2025-04-30,115.79,benchmark:000140
2025-05-06,115.76,benchmark:000140
2025-05-07,115.74,benchmark:000140
2025-05-08,115.91,benchmark:000140
2025-05-09,115.88,benchmark:000140
2025-05-12,115.82,benchmark:000140
2025-05-13,115.74,benchmark:000140
2025-05-14,115.64,benchmark:000140
2025-05-15,115.58,benchmark:000140
2025-05-16,115.52,benchmark:000140
2025-05-19,115.55,benchmark:000140
2025-05-20,115.55,benchmark:000140
2025-05-21,115.55,benchmark:000140
2025-05-22,115.55,benchmark:000140
2025-05-23,115.57,benchmark:000140
2025-05-26,115.58,benchmark:000140
2025-05-27,115.58,benchmark:000140
2025-05-28,115.54,benchmark:000140
2025-05-29,115.41,benchmark:000140
2025-05-30,115.53,benchmark:000140
2025-06-03,115.51,benchmark:000140
2025-06-04,115.57,benchmark:000140
2025-06-05,115.61,benchmark:000140
2025-06-06,115.67,benchmark:000140
2025-06-09,115.69,benchmark:000140
2025-06-10,115.7,benchmark:000140
2025-06-11,115.71,benchmark:000140
2025-06-12,115.69,benchmark:000140
2025-06-13,115.7,benchmark:000140
2025-06-16,115.71,benchmark:000140
2025-06-17,115.84,benchmark:000140
2025-06-18,115.84,benchmark:000140
2025-06-19,115.83,benchmark:000140
2025-06-20,115.85,benchmark:000140
2025-06-23,115.84,benchmark:000140
2025-06-24,115.8,benchmark:000140
2025-06-25,115.78,benchmark:000140
2025-06-26,115.77,benchmark:000140
2025-06-27,115.8,benchmark:000140
2025-06-30,115.74,benchmark:000140
2025-07-01,115.78,benchmark:000140
2025-07-02,115.85,benchmark:000140
2025-07-03,115.87,benchmark:000140
2025-07-04,115.88,benchmark:000140
2025-07-07,115.86,benchmark:000140
2025-07-08,115.83,benchmark:000140
2025-07-09,115.79,benchmark:000140
2025-07-10,115.72,benchmark:000140
2025-07-11,115.69,benchmark:000140
2025-07-14,115.58,benchmark:000140
2025-07-15,115.68,benchmark:000140
2025-07-16,115.69,benchmark:000140
2025-07-17,115.69,benchmark:000140
2025-07-18,115.68,benchmark:000140
2025-07-21,115.63,benchmark:000140
2025-07-22,115.58,benchmark:000140
2025-07-23,115.48,benchmark:000140
2025-07-24,115.3,benchmark:000140
2025-07-25,115.31,benchmark:000140
2025-07-28,115.38,benchmark:000140
2025-07-29,115.27,benchmark:000140
2025-07-30,115.33,benchmark:000140
2025-07-31,115.41,benchmark:000140
2025-08-01,115.4,benchmark:000140
2025-08-04,115.38,benchmark:000140
2025-08-05,115.41,benchmark:000140
2025-08-06,115.45,benchmark:000140
2025-08-07,115.51,benchmark:000140
2025-08-08,115.53,benchmark:000140
2025-08-11,115.44,benchmark:000140
2025-08-12,115.41,benchmark:000140
2025-08-13,115.45,benchmark:000140
2025-08-14,115.42,benchmark:000140
2025-08-15,115.37,benchmark:000140
2025-08-18,115.11,benchmark:000140
2025-08-19,115.14,benchmark:000140
2025-08-20,115.06,benchmark:000140
2025-08-21,115.12,benchmark:000140
2025-08-22,115.11,benchmark:000140
2025-08-25,115.16,benchmark:000140
2025-08-26,115.17,benchmark:000140
2025-08-27,115.21,benchmark:000140
2025-08-28,115.15,benchmark:000140
2025-08-29,115.17,benchmark:000140
2025-09-01,115.21,benchmark:000140
2025-09-02,115.23,benchmark:000140
2025-09-03,115.32,benchmark:000140
2025-09-04,115.36,benchmark:000140
2025-09-05,115.26,benchmark:000140
2025-09-08,115.23,benchmark:000140
2025-09-09,115.21,benchmark:000140
2025-09-10,115.11,benchmark:000140
2025-09-11,115.19,benchmark:000140
2025-09-12,115.24,benchmark:000140
2025-09-15,115.28,benchmark:000140
2025-09-16,115.3,benchmark:000140
2025-09-17,115.43,benchmark:000140
2025-09-18,115.37,benchmark:000140
2025-09-19,115.25,benchmark:000140
2025-09-22,115.29,benchmark:000140
2025-09-23,115.23,benchmark:000140
2025-09-24,115.11,benchmark:000140
2025-09-25,115.08,benchmark:000140
2025-09-26,115.1,benchmark:000140
2025-09-29,115.12,benchmark:000140
2025-09-30,115.21,benchmark:000140
2025-10-09,115.27,benchmark:000140
2025-10-10,115.22,benchmark:000140
2025-10-13,115.26,benchmark:000140
2025-10-14,115.3,benchmark:000140
2025-10-15,115.26,benchmark:000140
2025-10-16,115.26,benchmark:000140
2025-10-17,115.3,benchmark:000140
2025-10-20,115.22,benchmark:000140
2025-10-21,115.23,benchmark:000140
2025-10-22,115.24,benchmark:000140
2025-10-23,115.23,benchmark:000140
2025-10-24,115.19,benchmark:000140
2025-10-27,115.23,benchmark:000140
2025-10-28,115.39,benchmark:000140
2025-10-29,115.53,benchmark:000140
2025-10-30,115.58,benchmark:000140
2025-10-31,115.58,benchmark:000140
2025-11-03,115.57,benchmark:000140
2025-11-04,115.53,benchmark:000140
2025-11-05,115.53,benchmark:000140
2025-11-06,115.52,benchmark:000140
2025-11-07,115.49,benchmark:000140
2025-11-10,115.48,benchmark:000140
2025-11-11,115.49,benchmark:000140
2025-11-12,115.51,benchmark:000140
2025-11-13,115.45,benchmark:000140
2025-11-14,115.45,benchmark:000140
2025-11-17,115.46,benchmark:000140
2025-11-18,115.47,benchmark:000140
2025-11-19,115.45,benchmark:000140
2025-11-20,115.46,benchmark:000140
2025-11-21,115.47,benchmark:000140
2025-11-24,115.48,benchmark:000140
2025-11-25,115.46,benchmark:000140
2025-11-26,115.34,benchmark:000140
2025-11-27,115.33,benchmark:000140
2025-11-28,115.32,benchmark:000140
2025-12-01,115.38,benchmark:000140
2025-12-02,115.36,benchmark:000140
2025-12-03,115.38,benchmark:000140
2025-12-04,115.25,benchmark:000140
2025-12-05,115.31,benchmark:000140
2025-12-08,115.3,benchmark:000140
2025-12-09,115.33,benchmark:000140
2025-12-10,115.36,benchmark:000140
2025-12-11,115.42,benchmark:000140
2025-12-12,115.38,benchmark:000140
2025-12-15,115.32,benchmark:000140
2025-12-16,115.32,benchmark:000140
2025-12-17,115.35,benchmark:000140
2025-12-18,115.39,benchmark:000140
2025-12-19,115.44,benchmark:000140
2025-12-22,115.4,benchmark:000140
2025-12-23,115.52,benchmark:000140
2025-12-24,115.49,benchmark:000140
2025-12-25,115.49,benchmark:000140
2025-12-26,115.52,benchmark:000140
2025-12-29,115.38,benchmark:000140
2025-12-30,115.36,benchmark:000140
2025-12-31,115.31,benchmark:000140
2026-01-05,115.28,benchmark:000140
2026-01-06,115.18,benchmark:000140
2026-01-07,115.14,benchmark:000140
2026-01-08,115.22,benchmark:000140
2026-01-09,115.21,benchmark:000140
2026-01-12,115.24,benchmark:000140
2026-01-13,115.26,benchmark:000140
2026-01-14,115.31,benchmark:000140
2026-01-15,115.38,benchmark:000140
2026-01-16,115.44,benchmark:000140
2026-01-19,115.43,benchmark:000140
2026-01-20,115.49,benchmark:000140
2026-01-21,115.48,benchmark:000140
2026-01-22,115.46,benchmark:000140
2026-01-23,115.5,benchmark:000140
2026-01-26,115.5,benchmark:000140
2026-01-27,115.48,benchmark:000140
2026-01-28,115.51,benchmark:000140
2026-01-29,115.51,benchmark:000140
2026-01-30,115.51,benchmark:000140
2026-02-02,115.51,benchmark:000140
2026-02-03,115.53,benchmark:000140
2026-02-04,115.5,benchmark:000140
2026-02-05,115.55,benchmark:000140
2026-02-06,115.6,benchmark:000140
2026-02-09,115.64,benchmark:000140
2026-02-10,115.66,benchmark:000140
2026-02-11,115.71,benchmark:000140
2026-02-12,115.74,benchmark:000140
2026-02-13,115.72,benchmark:000140
2026-02-24,115.73,benchmark:000140
2026-02-25,115.65,benchmark:000140
2026-02-26,115.59,benchmark:000140
2026-02-27,115.6,benchmark:000140
2026-03-02,115.66,benchmark:000140
2026-03-03,115.67,benchmark:000140
2026-03-04,115.72,benchmark:000140
2026-03-05,115.69,benchmark:000140
2026-03-06,115.71,benchmark:000140
2026-03-09,115.59,benchmark:000140
2026-03-10,115.61,benchmark:000140
2026-03-11,115.59,benchmark:000140
2026-03-12,115.6,benchmark:000140
2026-03-13,115.61,benchmark:000140
2026-03-16,115.55,benchmark:000140
2026-03-17,115.57,benchmark:000140
2026-03-18,115.65,benchmark:000140
2026-03-19,115.68,benchmark:000140
2026-03-20,115.66,benchmark:000140
2026-03-23,115.61,benchmark:000140
2026-03-24,115.6,benchmark:000140
2026-03-25,115.6,benchmark:000140
2026-03-26,115.65,benchmark:000140
2026-03-27,115.68,benchmark:000140
2026-03-30,115.79,benchmark:000140
2026-03-31,115.76,benchmark:000140
2026-04-01,115.68,benchmark:000140
2026-04-02,115.68,benchmark:000140
2026-04-03,115.7,benchmark:000140
2026-04-07,115.67,benchmark:000140
2026-04-08,115.65,benchmark:000140
2026-04-09,115.64,benchmark:000140
2026-04-10,115.64,benchmark:000140
2026-04-13,115.66,benchmark:000140
2026-04-14,115.68,benchmark:000140
2026-04-15,115.78,benchmark:000140
2026-04-16,115.82,benchmark:000140
2026-04-17,115.87,benchmark:000140
2026-04-20,115.86,benchmark:000140
2026-04-21,115.88,benchmark:000140
2026-04-22,115.93,benchmark:000140
2026-04-23,115.93,benchmark:000140
2026-04-24,115.94,benchmark:000140
2026-04-27,115.83,benchmark:000140
2026-04-28,115.91,benchmark:000140
2026-04-29,115.96,benchmark:000140
2026-04-30,115.93,benchmark:000140
2026-05-06,115.85,benchmark:000140
2026-05-07,115.87,benchmark:000140
2026-05-08,115.89,benchmark:000140
2026-05-11,115.91,benchmark:000140
2026-05-12,115.93,benchmark:000140
2026-05-13,115.96,benchmark:000140
2026-05-14,115.96,benchmark:000140
2026-05-15,116.0,benchmark:000140
2026-05-18,116.04,benchmark:000140
2026-05-19,116.12,benchmark:000140
2026-05-20,116.14,benchmark:000140
2026-05-21,116.11,benchmark:000140
2026-05-22,116.04,benchmark:000140
2026-05-25,116.05,benchmark:000140
2026-05-26,116.07,benchmark:000140
2026-05-27,116.12,benchmark:000140
2026-05-28,116.21,benchmark:000140
2026-05-29,116.23,benchmark:000140
2026-06-01,116.24,benchmark:000140
2026-06-02,116.23,benchmark:000140
2026-06-03,116.21,benchmark:000140
2026-06-04,116.24,benchmark:000140
2026-06-05,116.2,benchmark:000140
2026-06-08,116.14,benchmark:000140
2026-06-09,116.09,benchmark:000140
2026-06-10,116.0,benchmark:000140
2026-06-11,115.93,benchmark:000140
2026-06-12,115.94,benchmark:000140
2026-06-15,115.93,benchmark:000140
2026-06-16,115.99,benchmark:000140
2026-06-17,116.04,benchmark:000140
2026-06-18,116.09,benchmark:000140
2026-06-22,116.07,benchmark:000140
2026-06-23,116.04,benchmark:000140
2026-06-24,116.05,benchmark:000140
2026-06-25,116.09,benchmark:000140
2026-06-26,116.12,benchmark:000140
2026-06-29,116.2,benchmark:000140
2026-06-30,116.13,benchmark:000140
2026-07-01,116.0,benchmark:000140
2026-07-02,116.06,benchmark:000140
2026-07-03,116.05,benchmark:000140
2026-07-06,116.1,benchmark:000140
2026-07-07,116.1,benchmark:000140
2026-07-08,116.14,benchmark:000140
2026-07-09,116.14,benchmark:000140
2026-07-10,116.14,benchmark:000140
2026-07-13,116.13,benchmark:000140
2026-07-14,116.14,benchmark:000140
2026-07-15,116.16,benchmark:000140
2026-07-16,116.14,benchmark:000140
2026-07-17,116.16,benchmark:000140
2026-07-20,116.12,benchmark:000140
2026-07-21,116.15,benchmark:000140
2026-07-22,116.2,benchmark:000140
2026-07-23,116.16,benchmark:000140
2026-07-24,116.16,benchmark:000140
2026-07-27,116.12,benchmark:000140
2026-07-28,116.09,benchmark:000140
2026-07-29,116.12,benchmark:000140
2026-07-30,116.16,benchmark:000140
2026-07-31,116.21,benchmark:000140
2026-08-03,116.19,benchmark:000140
2026-08-04,116.22,benchmark:000140
2026-08-05,116.21,benchmark:000140
2026-08-06,116.21,benchmark:000140
2026-08-07,116.24,benchmark:000140
2026-08-10,116.26,benchmark:000140
2026-08-11,116.22,benchmark:000140
2026-08-12,116.23,benchmark:000140
