date,portfolio,daily_return,cumulative_return,rolling_volatility_20d
2023-08-15,equal_weight,-0.0021235955798339706,-0.0021235955798339923,
2023-08-16,equal_weight,-0.004320210265493719,-0.0064346314659039505,
2023-08-17,equal_weight,0.0029234449838346113,-0.0035299977731511056,
2023-08-18,equal_weight,-0.009114203170585755,-0.012612027826840677,
2023-08-21,equal_weight,-0.007660910669392806,-0.020176318877692112,
2023-08-22,equal_weight,0.0021674930490708454,-0.018052557859544405,
2023-08-23,equal_weight,-0.010852304082219712,-0.028708950094410435,
2023-08-24,equal_weight,0.005125736737986553,-0.02373036787663174,
2023-08-25,equal_weight,-0.006032250471219581,-0.029619470825045346,
2023-08-28,equal_weight,0.007146337278488413,-0.022684804275083126,
2023-08-29,equal_weight,0.011860478085053437,-0.011093378813997967,
2023-08-30,equal_weight,0.0009496965231702737,-0.010154217634117502,
2023-08-31,equal_weight,-0.0026747588807719104,-0.012801816431095348,
2023-09-01,equal_weight,0.0007786385096869355,-0.012033145908675658,
2023-09-04,equal_weight,0.008330798331534696,-0.0038025932890001224,
2023-09-05,equal_weight,-0.0037647420426520917,-0.007553019548826034,
2023-09-06,equal_weight,-0.0016928100329513197,-0.009233043754505954,
2023-09-07,equal_weight,-0.010707909787030291,-0.01984208694195333,
2023-09-08,equal_weight,-0.0001714256307326023,-0.02001011113041684,
2023-09-11,equal_weight,0.005758215854461613,-0.014367117815116015,0.10193288456223383
2023-09-12,equal_weight,-0.0014212512040259642,-0.015767949735648767,0.10183356579374449
2023-09-13,equal_weight,-0.005267867983143382,-0.020952754241219895,0.10233857724673277
2023-09-14,equal_weight,-0.00013240254607882482,-0.02108238258928985,0.10146838240072349
2023-09-15,equal_weight,-0.0035592289564112312,-0.024566574519119144,0.09731213247630244
2023-09-18,equal_weight,0.0013403810608369371,-0.023259122029497203,0.09382142240563908
2023-09-19,equal_weight,-0.0013059709054978217,-0.024534717198336997,0.0934974924391271
2023-09-20,equal_weight,-0.0027245694465685365,-0.027192440104046756,0.08545307448072577
2023-09-21,equal_weight,-0.00613601330765532,-0.03316160023735604,0.08600251790275243
2023-09-22,equal_weight,0.011940004206004228,-0.021617545677663608,0.09388907486382563
2023-09-25,equal_weight,-0.003085780720806475,-0.02463661939278672,0.09116272158305522
2023-09-26,equal_weight,-0.0038014751268097727,-0.028344439023766044,0.08024254230470565
2023-09-27,equal_weight,-3.0181979697596345e-05,-0.028373765512180515,0.0800233217210971
2023-09-28,equal_weight,-0.0032314007625153353,-0.0315134792671844,0.08020972010446487
2023-10-09,equal_weight,-0.003597766827734095,-0.03499786794458448,0.08046686342367537
2023-10-10,equal_weight,-0.006255808059537515,-0.041034736059767596,0.07404292231345351
2023-10-11,equal_weight,0.0018763793090879944,-0.0392353534803761,0.07485413079682851
2023-10-12,equal_weight,0.006705684176057392,-0.0327927691932941,0.08045810299448473
2023-10-13,equal_weight,-0.004604104422877264,-0.0372458922824902,0.07349793629519769
2023-10-16,equal_weight,-0.006110158467906124,-0.043128472446271715,0.07572240712711474
2023-10-17,equal_weight,0.002543863866891094,-0.040694321542070866,0.0726105765183256
2023-10-18,equal_weight,-0.0049330747542775995,-0.045426648166106864,0.07372239029796929
2023-10-19,equal_weight,-0.008440936623528473,-0.05348414133144597,0.07666445066471034
2023-10-20,equal_weight,-0.002016199586558276,-0.05539250621436442,0.07645234641801174
2023-10-23,equal_weight,-0.012709063481350235,-0.06739758281784525,0.08563745104621337
2023-10-24,equal_weight,0.0047808127335389645,-0.06293898530645159,0.08836653891731455
2023-10-25,equal_weight,-0.0001096510386513038,-0.06304173501999244,0.08860307264709638
2023-10-26,equal_weight,0.004970037159902319,-0.05838501762576409,0.09191301714146728
2023-10-27,equal_weight,0.013332458396092253,-0.04583097504812239,0.10434306497813604
2023-10-30,equal_weight,0.008176085455669302,-0.038029607560963075,0.0990458197366622
2023-10-31,equal_weight,-0.0014684948878664894,-0.03944225616453867,0.0987224828120212
2023-11-01,equal_weight,-0.002106101511225544,-0.04146528828044993,0.09820865820445297
2023-11-02,equal_weight,-0.004262968552824532,-0.045551491613301076,0.09899402527985658
2023-11-03,equal_weight,0.006077591427283325,-0.039750743540946765,0.10153490484295584
2023-11-06,equal_weight,0.01200277970871373,-0.028225083250212668,0.10979847360393477
2023-11-07,equal_weight,-0.002448012759869989,-0.030604000646137663,0.10755880429346072
2023-11-08,equal_weight,-0.001156541494900809,-0.031725147344381255,0.10760632978573978
2023-11-09,equal_weight,-0.0019883439043723475,-0.03365041074541608,0.10526096205704617
2023-11-10,equal_weight,-0.002093958162573961,-0.03567390635573575,0.10418378705274488
2023-11-13,equal_weight,0.0007267872631150586,-0.0349730464333855,0.10157067416941079
2023-11-14,equal_weight,0.001256753692390289,-0.033760245246234555,0.10132016831705813
2023-11-15,equal_weight,0.004722815258365775,-0.029196873389243816,0.10039828669048957
2023-11-16,equal_weight,-0.008818712005061347,-0.03775810657643719,0.1008704204744124
2023-11-17,equal_weight,0.0019408261625385003,-0.03589056233499022,0.10035922496012378
2023-11-20,equal_weight,0.000386611376132318,-0.0355178266585523,0.08634956130082162
2023-11-21,equal_weight,-0.0018289741589417874,-0.03728183963035381,0.08640525509846325
2023-11-22,equal_weight,-0.009344158705797724,-0.046277630909801415,0.09434886711048406
2023-11-23,equal_weight,0.003902508450594278,-0.042555721304906036,0.09381323197240417
2023-11-24,equal_weight,-0.005298340934736068,-0.0476285875194451,0.08370051513826159
2023-11-27,equal_weight,-0.0009730293648015475,-0.04855527286998629,0.07782366013737026
2023-11-28,equal_weight,0.0031042835729612416,-0.04560171863297591,0.07878572406520154
2023-11-29,equal_weight,-0.0038779379227955597,-0.04930281592174002,0.07956863937633427
2023-11-30,equal_weight,0.0003316011832239507,-0.04898756361061196,0.07826982517003753
2023-12-01,equal_weight,0.001076842802540856,-0.0479634727133591,0.07491775960965871
2023-12-04,equal_weight,-0.0021634370277970223,-0.0500231437883063,0.05893645455967136
2023-12-05,equal_weight,-0.01387817471813697,-0.06320708857699875,0.074297864109548
2023-12-06,equal_weight,0.0018698139952313176,-0.061455460080586555,0.07535974765727563
2023-12-07,equal_weight,-0.0005454503027044089,-0.06196738948398717,0.07542177179614361
2023-12-08,equal_weight,0.0028421465004410786,-0.059301363382709416,0.07690527788129115
2023-12-11,equal_weight,0.005410538950954492,-0.05421167676818184,0.08021064471509154
2023-12-12,equal_weight,-0.0012144655818042028,-0.05536030413441917,0.07976929995506211
2023-12-13,equal_weight,-0.009668466035670644,-0.06449352094984173,0.0821163686923406
2023-12-14,equal_weight,1.4687608328145351e-05,-0.06447978059708892,0.07804098355187508
2023-12-15,equal_weight,-0.0034089009738523354,-0.06766887638407004,0.07731448990820076
2023-12-18,equal_weight,-0.0069234954444841405,-0.07412386667117565,0.07907832838064752
2023-12-19,equal_weight,0.0012254098256300639,-0.07298928896007806,0.07991937414578387
2023-12-20,equal_weight,-0.006832603374847324,-0.07932318547284911,0.07725952023590954
2023-12-21,equal_weight,0.006330649177425497,-0.073494703554288,0.08004635028339573
2023-12-22,equal_weight,0.00019552740876060956,-0.07331354637447096,0.07907569744418162
2023-12-25,equal_weight,0.001103694573230918,-0.0722907675645178,0.07955065125287804
2023-12-26,equal_weight,-0.004899703791188381,-0.07683626800780241,0.07880953422260187
2023-12-27,equal_weight,0.002272168090542692,-0.07473868483362345,0.0795245447492265
2023-12-28,equal_weight,0.017720493320025586,-0.05834259787893947,0.10443433088239831
2023-12-29,equal_weight,0.0029167643554406375,-0.05559600513339591,0.10499932189070851
2024-01-02,equal_weight,-0.00702093458174753,-0.06222660380009537,0.10747904623429154
2024-01-03,equal_weight,-0.0031910303514664177,-0.06521906717016701,0.09609145426712763
2024-01-04,equal_weight,-0.007671321122483455,-0.07239007188507929,0.09942099929818156
2024-01-05,equal_weight,-0.006048249063378042,-0.07800048776398061,0.10130595341823649
2024-01-08,equal_weight,-0.012078971729271836,-0.0891372938066819,0.10774889016390782
2024-01-09,equal_weight,0.0018283957527461148,-0.08747187630334319,0.10538717084503278
2024-01-10,equal_weight,-0.0033119157625525644,-0.09049409257998664,0.10550410619077859
2024-01-11,equal_weight,0.007889522235167767,-0.08331852550037999,0.10669802747427885
2024-01-12,equal_weight,-0.0030236812169419204,-0.08609027805674319,0.106861835223878
2024-01-15,equal_weight,-0.0015633768359106792,-0.08751906334614279,0.1065439192374582
2024-01-16,equal_weight,0.0024399902500795486,-0.08529261875732386,0.10487366173180497
2024-01-17,equal_weight,-0.01821092298710045,-0.10195028443286658,0.12175592351135306
2024-01-18,equal_weight,0.005766893323816968,-0.09677132752370665,0.12272643319976921
2024-01-19,equal_weight,-0.0013710915901045339,-0.09800973676048019,0.1196924250663928
2024-01-22,equal_weight,-0.020702597696578697,-0.11668327830655911,0.13781474882937822
2024-01-23,equal_weight,0.007474662391924048,-0.11008078402675958,0.1417367805481774
2024-01-24,equal_weight,0.007094775512079132,-0.10376700696554397,0.14488594029414953
2024-01-25,equal_weight,0.012428941785428284,-0.09262777926893861,0.15261638954576312
2024-01-26,equal_weight,-0.006296384368054798,-0.09834094353555689,0.13666257230549092
2024-01-29,equal_weight,-0.012496261914770867,-0.10960831126296167,0.14001973214880378
2024-01-30,equal_weight,-0.011503643589627566,-0.11985105990535916,0.14264767715218613
2024-01-31,equal_weight,-0.008162569267072239,-0.12703533659422195,0.1437643442898261
2024-02-01,equal_weight,0.001330028195809585,-0.12587426897794685,0.14374790920958083
2024-02-02,equal_weight,-0.012560478756351624,-0.1368537066528296,0.14743541457442536
2024-02-05,equal_weight,-0.0022355171399180305,-0.1387832849858639,0.14371185528985628
2024-02-06,equal_weight,0.03694340632956659,-0.10696700594528208,0.2011541126982624
2024-02-07,equal_weight,0.020517051008597773,-0.08864460245390071,0.21484500078686578
2024-02-08,equal_weight,0.006156938860608596,-0.08303344299092374,0.2141080102551827
2024-02-19,equal_weight,0.0013847885422763049,-0.08176363820912713,0.21382628087587074
2024-02-20,equal_weight,0.0006154883364300146,-0.08119847443835893,0.21371135251404494
2024-02-21,equal_weight,0.0038375462786128358,-0.07767253106315597,0.21394307983814126
2024-02-22,equal_weight,0.004253500514566277,-0.07374941069943453,0.20243541497261638
2024-02-23,equal_weight,0.0009186008540823519,-0.0728985561170088,0.2018500347118657
2024-02-26,equal_weight,-0.0022111613739709043,-0.07494852701947552,0.20202391948497292
2024-02-27,equal_weight,0.012512485937564266,-0.06337383347228365,0.18786676895568333
2024-02-28,equal_weight,-0.012930728570124273,-0.07548509220332955,0.19523914965151326
2024-02-29,equal_weight,0.01768046614557406,-0.059139237674951994,0.20240185868839716
2024-03-01,equal_weight,0.005395580465262385,-0.05406274772521913,0.19934663132679248
2024-03-04,equal_weight,0.0031350273610692317,-0.05109720855748301,0.1968371955517206
2024-03-05,equal_weight,0.0030653791040111678,-0.04818846176885727,0.18855381935843818
2024-03-06,equal_weight,0.000925956200157141,-0.047307125973651054,0.1805074308257627
2024-03-07,equal_weight,-0.005699914389951787,-0.05273739379551834,0.17850198320413793
2024-03-08,equal_weight,0.004821594440225963,-0.048170077680008916,0.17819995593399043
2024-03-11,equal_weight,0.017108713368543603,-0.031885492363432966,0.17191967496805496
2024-03-12,equal_weight,-0.0007222612821497388,-0.032584723988986264,0.17106221565755964
2024-03-13,equal_weight,-0.003063063200335381,-0.0355479781203778,0.12833284244249268
2024-03-14,equal_weight,-0.002477401579620464,-0.03793731308285053,0.11395924619849854
2024-03-15,equal_weight,0.004626713573600627,-0.03348612459063627,0.11347831676998152
2024-03-18,equal_weight,0.00778086854010447,-0.02596580718388919,0.1147894890469685
2024-03-19,equal_weight,-0.005389869705533879,-0.031215724571902914,0.11835325139099477
2024-03-20,equal_weight,0.0014179718393996235,-0.029842015750892736,0.11835058142869999
2024-03-21,equal_weight,0.0018150962280838237,-0.028081085653036797,0.11820351901616487
2024-03-22,equal_weight,-0.009440781420515722,-0.03725675968185149,0.12546355061691705
2024-03-25,equal_weight,-0.007988992164855534,-0.04494810788552073,0.1295936538090081
2024-03-26,equal_weight,0.001319849756110614,-0.043687582878640385,0.12305110598780711
2024-03-27,equal_weight,-0.011809589307698043,-0.05498123977469571,0.12141278493591165
2024-03-28,equal_weight,0.007176274115836635,-0.048199526106710966,0.10732366261785621
2024-03-29,equal_weight,0.008958339558102013,-0.03967297427001237,0.11014323541802475
2024-04-01,equal_weight,0.0152071845137862,-0.025069103996160913,0.12133676353335981
2024-04-02,equal_weight,-0.0028836421237581128,-0.02788045579563081,0.12207713004275077
2024-04-03,equal_weight,5.719604526763804e-05,-0.02782485440217508,0.122130999699867
2024-04-08,equal_weight,-0.003507547487802932,-0.031234804891821177,0.12076646293469996
2024-04-09,equal_weight,0.00435358722485919,-0.027017201114509892,0.12058906024932048
2024-04-10,equal_weight,-0.007620401414848366,-0.03443172061175992,0.10845912843950832
2024-04-11,equal_weight,-0.0015438977394305554,-0.03592245929557325,0.10855986019659285
2024-04-12,equal_weight,0.001153125061133764,-0.03481075732251071,0.10809021595864171
2024-04-15,equal_weight,0.008006481939700884,-0.02708298708261969,0.11118758253515429
2024-04-16,equal_weight,-0.010395654674186683,-0.03719709637555002,0.11659899469551242
2024-04-17,equal_weight,0.012909787721147658,-0.02476751527245369,0.12250738260638454
2024-04-18,equal_weight,-0.0006992089822905445,-0.0254494065855968,0.12084487524354914
2024-04-19,equal_weight,-0.005849571538627597,-0.0311501099997864,0.12271158540814985
2024-04-22,equal_weight,-0.006243499416878607,-0.03719912372304568,0.12441874237845284
2024-04-23,equal_weight,-0.008408794242361517,-0.04529511818802401,0.12347916316862219
2024-04-24,equal_weight,0.006585962336398455,-0.039007467794034634,0.12241717682684447
2024-04-25,equal_weight,0.00011570132214178141,-0.03889627968748999,0.12236373043935718
2024-04-26,equal_weight,0.015837616337643915,-0.02367468770449821,0.12545546483362732
2024-04-29,equal_weight,0.011678346375607898,-0.012272822532237826,0.12904718862459463
2024-04-30,equal_weight,-0.004530802399632772,-0.016748019198091213,0.12812131134278043
2024-05-06,equal_weight,0.00944716586057568,-0.007459074652716002,0.12122136722796516
2024-05-07,equal_weight,0.0005386795810760958,-0.006924413122849082,0.1204018804331255
2024-05-08,equal_weight,-0.007769342658829425,-0.014639957643415857,0.12443358291189109
2024-05-09,equal_weight,0.009218706565013246,-0.005556212552041417,0.1268976775195272
2024-05-10,equal_weight,0.0021276465434094892,-0.0034403876650627163,0.1264415423343888
2024-05-13,equal_weight,-0.00475618543992673,-0.008180209983269182,0.12417150329237613
2024-05-14,equal_weight,-0.0012056175469544294,-0.009375965325530089,0.12407194181406214
2024-05-15,equal_weight,-0.003625276958295576,-0.012967251812769254,0.12534479952661967
2024-05-16,equal_weight,0.0017925931877961433,-0.01119790363223705,0.12274984020201062
2024-05-17,equal_weight,0.007806839789310294,-0.0034784840825597962,0.11754989106735055
2024-05-20,equal_weight,0.007191740733310415,0.0036882402950839666,0.11196884873817294
2024-05-21,equal_weight,-0.006235321759302127,-0.0025700788291835863,0.11506809862017559
2024-05-22,equal_weight,0.0030300675394796307,0.00045220119786182345,0.11214724587400023
2024-05-23,equal_weight,-0.013295478171809207,-0.012849289205102865,0.12114624671672651
2024-05-24,equal_weight,-0.009496443288501277,-0.02222370994737033,0.12235510918188693
2024-05-27,equal_weight,0.0057357104973901896,-0.01661546821641613,0.12189717505934508
2024-05-28,equal_weight,-0.0057966517469296265,-0.022315805880483097,0.12436371144348492
2024-05-29,equal_weight,0.0022936322816206277,-0.020073357851620233,0.11138000817225434
2024-05-30,equal_weight,-0.0025894409628141267,-0.02261082003935211,0.10309749299307679
2024-05-31,equal_weight,-0.00048636328174709296,-0.023086186248461926,0.10199700147952453
2024-06-03,equal_weight,-0.0017489478300348306,-0.024794757543153745,0.09532533622278404
2024-06-04,equal_weight,0.008955654146311031,-0.016061156670040933,0.10145261415344442
2024-06-05,equal_weight,-0.00492729943930228,-0.020909317981088305,0.0992071178423789
2024-06-06,equal_weight,-2.7351064895155525e-06,-0.020911995898366564,0.09265520116329612
2024-06-07,equal_weight,-0.00639914208475012,-0.027177319150087365,0.09406158987754572
2024-06-11,equal_weight,-0.006543696167237357,-0.03354317519816652,0.09516845407592782
2024-06-12,equal_weight,0.0004572313524692896,-0.03310128083705921,0.0953679020255913
2024-06-13,equal_weight,-0.001885328128035524,-0.034924202189258624,0.09497881723920512
2024-06-14,equal_weight,0.003930367589862626,-0.031131099551782504,0.0961405031355473
2024-06-17,equal_weight,0.00043309801139612686,-0.030711484357694885,0.09058381507798327
2024-06-18,equal_weight,0.0029013100902221195,-0.02789927780692536,0.08638910480848998
2024-06-19,equal_weight,-0.004523101831549115,-0.032296188363927114,0.08537409291264193
2024-06-20,equal_weight,-0.005494146493626584,-0.03761289486749653,0.08473747052003595
2024-06-21,equal_weight,0.00026111961757464564,-0.03736159671464567,0.07353133441657558
2024-06-24,equal_weight,-0.011688210928004518,-0.04861311741964236,0.07711710168871408
2024-06-25,equal_weight,-0.006152862032036377,-0.05446686964724845,0.07410475263034304
2024-06-26,equal_weight,0.007163637894541686,-0.04769341268410887,0.07928167721155889
2024-06-27,equal_weight,-0.008980107385585323,-0.05624522810220589,0.08253274746032628
2024-06-28,equal_weight,0.0008564771717443078,-0.055436923684350714,0.08303697102702709
2024-07-01,equal_weight,0.002861625135233359,-0.052733938243352485,0.08451976916179213
2024-07-02,equal_weight,-0.003851266599005432,-0.056382112387367345,0.08492172359217547
2024-07-03,equal_weight,-0.0010826231470346223,-0.057403694954452744,0.07524803489366409
2024-07-04,equal_weight,-0.004728600988335564,-0.06186085677409259,0.07515342764434305
2024-07-05,equal_weight,0.0017863187047079342,-0.06018504127492941,0.07608550849337296
2024-07-08,equal_weight,-0.008638089462860288,-0.06830324696693091,0.07817559374364318
2024-07-09,equal_weight,0.008610312262440334,-0.06028104698941439,0.08507107719365341
2024-07-10,equal_weight,-0.0005115959799225856,-0.06076180342803161,0.08486159227938686
2024-07-11,equal_weight,0.012308359094324973,-0.04920132242951769,0.09783118198277087
2024-07-12,equal_weight,0.0007830557820833528,-0.048456794027448846,0.09647243690114998
2024-07-15,equal_weight,-0.002756108270946145,-0.05107935012759246,0.09655899775211237
2024-07-16,equal_weight,0.00748060659911578,-0.04398084805211977,0.1003348008122758
2024-07-17,equal_weight,0.0013057727988239121,-0.04273250424835151,0.09960817523643975
2024-07-18,equal_weight,0.004846402819421125,-0.03809320035800057,0.09952681082310294
2024-07-19,equal_weight,-0.0034390487568244366,-0.04140124474149032,0.1002589105311887
2024-07-22,equal_weight,-0.0018217180821122224,-0.04314754142743493,0.09093645075884049
2024-07-23,equal_weight,-0.017252114043928127,-0.05965526916594188,0.10826882288862745
2024-07-24,equal_weight,-0.0038006668317409173,-0.0632292061948253,0.10526064722661249
2024-07-25,equal_weight,-0.007132699433111501,-0.06991091070475486,0.10354707824451242
2024-07-26,equal_weight,0.006872892238053874,-0.06351850862223896,0.10690129734461291
2024-07-29,equal_weight,-0.004036435531714667,-0.06729855578882926,0.10690728321948027
2024-07-30,equal_weight,-0.0016815918318613622,-0.06886697891898008,0.10634922482224031
2024-07-31,equal_weight,0.022687914487065666,-0.047741512560610655,0.1347342176135899
2024-08-01,equal_weight,-0.004140566656973798,-0.05168440230252247,0.1344448582479939
2024-08-02,equal_weight,-0.0071419038910579555,-0.058457181159669025,0.1370860395404427
2024-08-05,equal_weight,-0.015607482784806748,-0.0731522944958779,0.14500014892993715
2024-08-06,equal_weight,0.0031986951944017903,-0.07018759119433948,0.14186704005468817
2024-08-07,equal_weight,-0.00012853880940857376,-0.0703071081743406,0.1418728510772675
2024-08-08,equal_weight,-0.00047825298407297987,-0.0707517365741277,0.1336145662091163
2024-08-09,equal_weight,-0.003101632089736662,-0.07363392280730152,0.13359531572852956
2024-08-12,equal_weight,4.813886549024362e-05,-0.07358932859531675,0.133562525138423
2024-08-13,equal_weight,0.004646100300785561,-0.0692851316962525,0.1314916108604592
2024-08-14,equal_weight,-0.007867818913412351,-0.07660782774008679,0.13309543234512797
2024-08-15,equal_weight,0.004681391218331199,-0.0722850677337934,0.1329879372588085
2024-08-16,equal_weight,-0.0013051567244133366,-0.07349588111597927,0.13284938839725324
2024-08-19,equal_weight,0.002955091919135922,-0.07075797628121894,0.13385438758695145
2024-08-20,equal_weight,-0.007279791237800382,-0.0775226642232828,0.12241087009272385
2024-08-21,equal_weight,-0.0019998249128615254,-0.07936745738091922,0.12201713743726213
2024-08-22,equal_weight,-0.004928926336529349,-0.08390518736650032,0.12075408984396505
2024-08-23,equal_weight,0.0006736248954095636,-0.08328808309415481,0.11753922130678127
2024-08-26,equal_weight,0.0012698494421762296,-0.08212399697783557,0.11725410285653455
2024-08-27,equal_weight,-0.005460777591867983,-0.08713631368725239,0.1184033843082778
2024-08-28,equal_weight,-0.001233057341721322,-0.08826192695765112,0.07887505667844494
2024-08-29,equal_weight,0.004106821073638712,-0.08451758182564195,0.08151707855973248
2024-08-30,equal_weight,0.011188101288517504,-0.07427507180325021,0.09086073393712979
2024-09-02,equal_weight,-0.014524487262904806,-0.08772075173179739,0.08857741900583573
2024-09-03,equal_weight,0.006065100336502294,-0.08218768655614195,0.09083930112469567
2024-09-04,equal_weight,-0.0032008721583257848,-0.08512548643681295,0.09126633171337607
2024-09-05,equal_weight,0.004412906842087683,-0.08108823043625824,0.09311862484553854
2024-09-06,equal_weight,-0.0077563769189039405,-0.08821565647621166,0.09622905053907646
2024-09-09,equal_weight,-0.0048633087262208935,-0.09264994523050252,0.09724538953675385
2024-09-10,equal_weight,0.0012636040008090711,-0.09150341407116136,0.0953537523679718
2024-09-11,equal_weight,0.0035772626005138087,-0.08825348321162374,0.09335690621997443
2024-09-12,equal_weight,-0.0026701873661670655,-0.0906880172418989,0.09144978655848895
2024-09-13,equal_weight,-0.0021572524903108905,-0.09264963278117333,0.09153926283323521
2024-09-18,equal_weight,0.0006900698480594602,-0.09202349765112994,0.09058011009456722
2024-09-19,equal_weight,0.0061611097645534185,-0.08642935475652314,0.09106299560278629
2024-09-20,equal_weight,4.844930573832989e-05,-0.0863850928930181,0.09089650692152032
2024-09-23,equal_weight,0.0013519540070560776,-0.08514992755844863,0.08943806872591309
2024-09-24,equal_weight,0.030060499320573024,-0.057649077577393126,0.139451445768525
2024-09-25,equal_weight,0.009330710228430305,-0.04885627418677374,0.1422465138948554
2024-09-26,equal_weight,0.030836374214137922,-0.01952645032616762,0.172698230722722
2024-09-27,equal_weight,0.0498001948079861,0.029301323451666805,0.2367506559584325
2024-09-30,equal_weight,0.07851642233544942,0.11011838087423476,0.3488702273892142
2024-10-08,equal_weight,0.057847976559137156,0.17433648294891468,0.38823792848084115
2024-10-09,equal_weight,-0.06618871840684026,0.09660865616412972,0.47014843201072404
2024-10-10,equal_weight,-0.003604667662405104,0.09265574640294139,0.4723757585994372
2024-10-11,equal_weight,-0.02227957555708433,0.06831184014307468,0.4837224263636509
2024-10-14,equal_weight,0.016056051530915515,0.08546471009949919,0.4842726565184088
2024-10-15,equal_weight,-0.017618856971656795,0.06634006262447523,0.489976794676813
2024-10-16,equal_weight,-0.0029758871752742387,0.06316675490763002,0.4893492725701914
2024-10-17,equal_weight,-0.003513286030953422,0.05943154599903888,0.4905657862450724
2024-10-18,equal_weight,0.03468475795819473,0.09617767274529165,0.4990622753885685
2024-10-21,equal_weight,0.005577597028177928,0.10229171007515081,0.4972019470878279
2024-10-22,equal_weight,0.003576486726727346,0.10623404174521633,0.4957368248578666
2024-10-23,equal_weight,0.0014745180272382585,0.10786520378211417,0.4955404440055951
2024-10-24,equal_weight,-0.008831066242624442,0.09808157277961582,0.5001008272756977
2024-10-25,equal_weight,0.01083931684647288,0.10998402687024744,0.4988017565570601
2024-10-28,equal_weight,0.002684827595033368,0.11296414261563492,0.4985088567206129
2024-10-29,equal_weight,-0.006747112197343564,0.10545484867378696,0.49628757672844453
2024-10-30,equal_weight,-0.0013794982511826203,0.10392987564328005,0.4974968295036935
2024-10-31,equal_weight,0.0021643954490717433,0.10631921644221665,0.4903524682488782
2024-11-01,equal_weight,-0.006448660136709239,0.09918493981267029,0.46444615580842447
2024-11-04,equal_weight,0.010350168825269646,0.11056168950992529,0.3727733007626715
2024-11-05,equal_weight,0.02156148170193466,0.13450704505716327,0.31645205220280015
2024-11-06,equal_weight,-0.003724065543507682,0.13028206646179918,0.20535272327596454
2024-11-07,equal_weight,0.01425272260068391,0.14639166321560704,0.20910746488916276
2024-11-08,equal_weight,-0.003944362480339737,0.1418698789514452,0.18951795813422453
2024-11-11,equal_weight,0.010739273533637529,0.15413273192132637,0.18571099405999475
2024-11-12,equal_weight,-0.007633056510066384,0.14532317155845353,0.17391745106604195
2024-11-13,equal_weight,0.002610209458108637,0.14831270493344628,0.17222311417104333
2024-11-14,equal_weight,-0.020324337546934412,0.12497400990894558,0.19113900886832585
2024-11-15,equal_weight,-0.016062339270005048,0.10690429569185023,0.16257440440966447
2024-11-18,equal_weight,-0.006493874612821494,0.09971619798723386,0.16325562877685224
2024-11-19,equal_weight,0.013919643012666795,0.11502385487846345,0.1702936837474586
2024-11-20,equal_weight,0.003480291251846457,0.11890446264619703,0.1706022233642979
2024-11-21,equal_weight,0.002809725385554107,0.12204827691890374,0.16707947223412822
2024-11-22,equal_weight,-0.019715092811921207,0.09992699099999136,0.17835754432988554
2024-11-25,equal_weight,-0.00505384161101572,0.0943681342037963,0.17870022744258668
2024-11-26,equal_weight,-0.006509988809543944,0.08724380989660818,0.17859719654764938
2024-11-27,equal_weight,0.01460319288978842,0.1031210409707568,0.18670084356029207
2024-11-28,equal_weight,-0.0071854995587435026,0.09519456521762071,0.18822620721013295
2024-11-29,equal_weight,0.012137590705744338,0.10848758859338781,0.1918816354257119
2024-12-02,equal_weight,0.0065077630335985456,0.11570136314563872,0.18973582674426193
2024-12-03,equal_weight,0.0006546229289895677,0.11643172683985892,0.1723809386933069
2024-12-04,equal_weight,-0.005108351998208161,0.11072860059719347,0.17276766599366844
2024-12-05,equal_weight,0.0008522356136287934,0.1116752030676984,0.1635694083301615
2024-12-06,equal_weight,0.008818117587732634,0.12147808572771601,0.16725707271455786
2024-12-09,equal_weight,-0.0017821000017389517,0.11947949962919036,0.1615606871607103
2024-12-10,equal_weight,0.006266175524995354,0.12649435467050085,0.16206519128440003
2024-12-11,equal_weight,0.0024924335482180205,0.12930206699195979,0.1620330621005358
2024-12-12,equal_weight,0.008425797214395559,0.13881733720223166,0.14753938435946753
2024-12-13,equal_weight,-0.014152335468838696,0.1227004122084161,0.14479971097414865
2024-12-16,equal_weight,-0.009337887858491723,0.1122167616605314,0.14702119057340862
2024-12-17,equal_weight,-0.002096468952533814,0.1098850337512225,0.13853195474256216
2024-12-18,equal_weight,0.0018698019594596273,0.11196029896210535,0.13808253584216296
2024-12-19,equal_weight,0.0006345153027231818,0.11266585478781743,0.1376531969325614
2024-12-20,equal_weight,0.00048222173295140445,0.11320240644450918,0.11718143448415844
2024-12-23,equal_weight,-0.0032201171884238765,0.10961776424132252,0.11617909858510342
2024-12-24,equal_weight,0.005831481727977827,0.11608847995853555,0.11423919915538709
2024-12-25,equal_weight,-0.002763250098398462,0.11300444835646872,0.10362569792777006
2024-12-26,equal_weight,0.002715702752054971,0.11602703759991995,0.09981890753312023
2024-12-27,equal_weight,0.0004972652742426086,0.11658199909083411,0.09066504404447845
2024-12-30,equal_weight,-5.367231847563936e-05,0.11652206954617483,0.08772663039634442
2024-12-31,equal_weight,-0.014904355963590344,0.09988102718045422,0.10245580340066131
2025-01-02,equal_weight,-0.018208036369256476,0.07985435343569725,0.11908802951612898
2025-01-03,equal_weight,-0.00821316954090412,0.0709853265514464,0.12116214908181665
2025-01-06,equal_weight,-0.002865862894202009,0.06791602944384789,0.11444929453789172
2025-01-07,equal_weight,0.0051268794124605275,0.07339110614944011,0.11754501670266893
2025-01-08,equal_weight,-0.002346462895334467,0.0708724337466784,0.1133408121743726
2025-01-09,equal_weight,0.0004346882382525895,0.07133792939829697,0.11236881097100904
2025-01-10,equal_weight,-0.007641985122920181,0.0631507808802152,0.10572265252843176
2025-01-13,equal_weight,0.00017579302905454947,0.06333767537632773,0.09839381936306277
2025-01-14,equal_weight,0.02077471415391512,0.08542821163135961,0.12569712176481943
2025-01-15,equal_weight,-0.005213460969314233,0.07976937401502693,0.1264802559104241
2025-01-16,equal_weight,0.0025083881624528904,0.08247785473098523,0.12671558385432213
2025-01-17,equal_weight,0.004412989483146679,0.08725481811965219,0.1281868507925163
2025-01-20,equal_weight,0.005215070411123124,0.092924928550979,0.13006036626076226
2025-01-21,equal_weight,0.0018305041808369892,0.09492553220203259,0.1300942509016787
2025-01-22,equal_weight,-0.0018834833931078657,0.09286325814544028,0.1278719951571512
2025-01-23,equal_weight,-0.000977633825200619,0.0917948380579583,0.12770612736082326
2025-01-24,equal_weight,0.008182172079194762,0.10072809129812521,0.13120264823895894
2025-01-27,equal_weight,-0.008819566184305972,0.09102014704599659,0.1342477978195182
2025-02-05,equal_weight,0.006968319851994509,0.09862272439558328,0.13726980097808383
2025-02-06,equal_weight,0.011919966027273566,0.11171826994716927,0.13361710893460255
2025-02-07,equal_weight,0.0116476492118198,0.1246671743778851,0.11922253367001902
2025-02-10,equal_weight,0.0057788109825489984,0.1311664133968924,0.1134335917100741
2025-02-11,equal_weight,-0.0023879686701679505,0.12846522344095423,0.11313143745688899
2025-02-12,equal_weight,0.006852927655753649,0.136198513979229,0.11376938455126938
2025-02-13,equal_weight,-0.00198884865630391,0.13393878709140683,0.11355872926214965
2025-02-14,equal_weight,0.007478809817049293,0.14241929962423905,0.11428958228944712
2025-02-17,equal_weight,-0.0027091855372111118,0.13932427378026624,0.1092912823615039
2025-02-18,equal_weight,-0.007257919864362128,0.13105514950164654,0.1152998316258906
2025-02-19,equal_weight,0.010187018044830597,0.14257722871931855,0.09872780406227678
2025-02-20,equal_weight,0.0001002134030327451,0.1426917302716364,0.0948863409690538
2025-02-21,equal_weight,0.009689616465815542,0.15376397487662774,0.09791614472554218
2025-02-24,equal_weight,-0.003064669869486503,0.15022806918632425,0.10026902807300386
2025-02-25,equal_weight,-0.0061464322933902915,0.14315827023711347,0.10470893786668033
2025-02-26,equal_weight,0.004701516462279321,0.14853284766362385,0.10504450411484897
2025-02-27,equal_weight,-0.0017747663149866755,0.1464944702539348,0.10498621179140133
2025-02-28,equal_weight,-0.018360155694290038,0.12544465327743004,0.12804448345407504
2025-03-03,equal_weight,0.0028331680570858444,0.12863322711911374,0.12575709353205916
2025-03-04,equal_weight,0.002638445191680039,0.13161106403037648,0.11999442936627552
2025-03-05,equal_weight,0.002834604120995654,0.13481873341584127,0.11854668112440062
2025-03-06,equal_weight,0.009575861800980023,0.14568560077619463,0.11612008752856355
2025-03-07,equal_weight,-0.0049275241660113435,0.14004020729171862,0.1117929926166931
2025-03-10,equal_weight,-0.0009577558242381377,0.13894832714331917,0.1102832329152427
2025-03-11,equal_weight,-1.9865261803088105e-06,0.13894606459264924,0.10981725491109381
2025-03-12,equal_weight,5.6674505574072644e-05,0.1390106137977356,0.10720928542833268
2025-03-13,equal_weight,-0.0035041928879767648,0.1350193009055356,0.10774298371231045
2025-03-14,equal_weight,0.017782690020036695,0.15520299730029752,0.12235773627367642
2025-03-17,equal_weight,-0.0020380079795491836,0.1528486843738004,0.12214109331974236
2025-03-18,equal_weight,0.004096918240337155,0.15757181117716024,0.11904056010446734
2025-03-19,equal_weight,0.0008974128463647537,0.1586106309911004,0.11419276476225963
2025-03-20,equal_weight,-0.004495896774411113,0.15340163719242916,0.11568020002844392
2025-03-21,equal_weight,-0.011871568799280708,0.13970895030329622,0.11823220409307474
2025-03-24,equal_weight,0.0007292474009731542,0.14054008009317087,0.1179440316233411
2025-03-25,equal_weight,-0.0011769490442099517,0.13919772253602214,0.11603449787947054
2025-03-26,equal_weight,-0.0006502796092037855,0.13845692548620558,0.11461422381886252
2025-03-27,equal_weight,0.0023116506377372395,0.1410886401640421,0.1148891032706609
2025-03-28,equal_weight,-0.0003079695884326211,0.14073721956516572,0.09281663002868462
2025-03-31,equal_weight,-0.0034695977891564312,0.13677932023015393,0.09358071759453507
2025-04-01,equal_weight,0.002079083434353302,0.13914277928335994,0.09342229207720791
2025-04-02,equal_weight,-0.000334489843711272,0.13876174759315263,0.0929798027767534
2025-04-03,equal_weight,-0.003843922487404217,0.13438443570378356,0.08702362611393914
2025-04-07,equal_weight,-0.06441447047237413,0.0613136629658213,0.24326253418917737
2025-04-08,equal_weight,0.007809235095132605,0.06960171086959788,0.24642646601204798
2025-04-09,equal_weight,0.011290858840388563,0.08167843280246467,0.25146794376629583
2025-04-10,equal_weight,0.016564708394634173,0.09959612061860224,0.2603241385189076
2025-04-11,equal_weight,0.008260020752351327,0.10867880739411695,0.2625390315649388
2025-04-14,equal_weight,0.0037071686280986784,0.1127888666875263,0.25376277753293114
2025-04-15,equal_weight,-0.0009472540451221257,0.11173477293218981,0.25377548701603736
2025-04-16,equal_weight,0.001275339709204682,0.11315261243421393,0.25311915964717024
2025-04-17,equal_weight,0.002122789644810319,0.11551560127298299,0.2533315264188165
2025-04-18,equal_weight,0.0015467321216110273,0.11724100508563007,0.2533765934036366
2025-04-21,equal_weight,0.009923345697875363,0.12832777380693638,0.2533161189407009
2025-04-22,equal_weight,0.005421555296889658,0.13444506522564725,0.2541339787048935
2025-04-23,equal_weight,-0.009533102922789239,0.12363028365860096,0.2563071720711415
2025-04-24,equal_weight,-8.476090251274822e-05,0.12353504374166735,0.256312374323056
2025-04-25,equal_weight,0.000768368786770823,0.12439833300012149,0.256143837212832
2025-04-28,equal_weight,-0.004528087411966331,0.11930695906242783,0.2565159672356077
2025-04-29,equal_weight,0.0010769111800796205,0.12051235324058318,0.25640059310484176
2025-04-30,equal_weight,0.0016987990483977367,0.12241587855998604,0.2563515977184252
2025-05-06,equal_weight,0.013494505522865487,0.13756232583216566,0.2612034019798815
2025-05-07,equal_weight,0.0040766000557658005,0.14219971247309005,0.26113819569546237
2025-05-08,equal_weight,0.0029971175244064784,0.14562301924771526,0.09703029286904806
2025-05-09,equal_weight,-0.0044045578332028825,0.14057705640439022,0.10005401560081614
2025-05-12,equal_weight,0.006156353578720354,0.14759885204739165,0.09615592498745155
2025-05-13,equal_weight,-0.0023067249564896475,0.1449516571353351,0.08326261059005305
2025-05-14,equal_weight,0.0041106442868379615,0.14965814612344408,0.08040238375677188
2025-05-15,equal_weight,-0.0146710084161914,0.13279150178592403,0.09901751343610768
2025-05-16,equal_weight,0.0012017017325288261,0.13415277929621405,0.0987765283716613
2025-05-19,equal_weight,0.0009482567787735708,0.1352282473573465,0.09877201124740766
2025-05-20,equal_weight,0.0032377000335943374,0.13890377589195269,0.09901896483219765
2025-05-21,equal_weight,0.009041514654296746,0.14920119107151364,0.10300475090588593
2025-05-22,equal_weight,-0.0032037526804503,0.14551943467524175,0.0991168962522928
2025-05-23,equal_weight,-0.005226762519419515,0.13953207662881462,0.09970122582600402
2025-05-26,equal_weight,-0.003269358663566746,0.13580653756167615,0.09386391904258837
2025-05-27,equal_weight,-0.004307441401226542,0.1309141174579993,0.09542977871105061
2025-05-28,equal_weight,-0.0011403134313666022,0.12962452090013987,0.09555776622097803
2025-05-29,equal_weight,0.005029115077066427,0.13530553260962286,0.09524217009473204
2025-05-30,equal_weight,-0.001194825491350438,0.13394904061878976,0.09547255546664055
2025-06-03,equal_weight,0.003676826773207842,0.13811837481079037,0.09602738844968566
2025-06-04,equal_weight,0.004933409843710491,0.14373317920438988,0.08509977698767758
2025-06-05,equal_weight,0.004433654859823166,0.1488040973727105,0.08531997012404571
2025-06-06,equal_weight,-0.00033774307995630974,0.14841609673859746,0.08474206842743147
2025-06-09,equal_weight,0.0015033333546652595,0.15014254896185908,0.08312358787432357
2025-06-10,equal_weight,-0.004930540323627609,0.14447172474628278,0.08230697776176311
2025-06-11,equal_weight,0.006226719451293184,0.15159802909621556,0.08483982568004388
2025-06-12,equal_weight,0.0025087033395617686,0.15448704691764203,0.08407337420292255
2025-06-13,equal_weight,-0.002606940611764941,0.15147736774927578,0.06431065912084716
2025-06-16,equal_weight,0.0023545523784384236,0.15418858152422787,0.06452977141764626
2025-06-17,equal_weight,-0.0028353850072292855,0.15091601252465892,0.0658635223623038
2025-06-18,equal_weight,0.0005574559644294652,0.1515575975203982,0.06517448255390307
2025-06-19,equal_weight,-0.007579997723871301,0.14282879355228695,0.06316233219889278
2025-06-20,equal_weight,-0.0035862305123457896,0.13873034606246248,0.06341201618960829
2025-06-23,equal_weight,0.003616575684707035,0.14284865054347007,0.062034619363644565
2025-06-24,equal_weight,0.0077960700366365605,0.15175837866438258,0.06623186899095417
2025-06-25,equal_weight,0.014157638118279393,0.16806455698920897,0.07891250222042888
2025-06-26,equal_weight,-0.0027609914330465335,0.16483954075411655,0.07987075241321545
2025-06-27,equal_weight,-0.001647346303880193,0.16292064664204187,0.07952662473048375
2025-06-30,equal_weight,0.00547547737093792,0.16928819232692693,0.08036689166961895
2025-07-01,equal_weight,0.0026572845338964203,0.17239532375606492,0.0800896662444515
2025-07-02,equal_weight,-0.0030408801656707893,0.16883021006972987,0.08055206772374829
2025-07-03,equal_weight,0.006948410195594824,0.17695172181829766,0.0824064646601605
2025-07-04,equal_weight,-0.0011245812129804023,0.1756281440233558,0.08265118769267296
2025-07-07,equal_weight,-0.004929236929457127,0.16983319436052668,0.08542933975298782
2025-07-08,equal_weight,0.010189770675596167,0.18175352633976072,0.08862950027115343
2025-07-09,equal_weight,-0.002949574729755411,0.1782678560016695,0.0882867354908398
2025-07-10,equal_weight,0.004139237722680345,0.1831449867586532,0.08880528754302199
2025-07-11,equal_weight,0.004051041604795791,0.18793795632451826,0.08812054084779315
2025-07-14,equal_weight,0.00047398203123647507,0.1885010175700399,0.088152571209266
2025-07-15,equal_weight,0.003242732096675494,0.19235500796664562,0.08683619034444791
2025-07-16,equal_weight,-0.0019331443046429308,0.1900500136738823,0.0877481559802114
2025-07-17,equal_weight,0.00763007108301359,0.19913017987055515,0.08298639557398761
2025-07-18,equal_weight,0.002738070427569217,0.20241348275486448,0.07989393444187462
2025-07-21,equal_weight,0.006374529772114768,0.21007830329907762,0.08089043795278353
2025-07-22,equal_weight,0.006251559511975757,0.21764317982630232,0.07982280303263632
2025-07-23,equal_weight,0.0009054819384982871,0.21874573373317086,0.06775650127686589
2025-07-24,equal_weight,0.003995691435126459,0.22361546562304535,0.06548841771605932
2025-07-25,equal_weight,-0.001968809968935914,0.22120639929618258,0.06576598865597234
2025-07-28,equal_weight,0.0030813599700248995,0.2249693758101119,0.06485098466986441
2025-07-29,equal_weight,0.0048930147980690295,0.2309631690931322,0.0654801240714188
2025-07-30,equal_weight,-0.004103301107377977,0.22591215655825092,0.0667575410685039
2025-07-31,equal_weight,-0.011051098257263204,0.2123644808613523,0.07977983878325712
2025-08-01,equal_weight,-0.001180024587106865,0.2109338609654008,0.07980422638112829
2025-08-04,equal_weight,0.005912548081286451,0.21809356564161653,0.07747844342123376
2025-08-05,equal_weight,0.0037887118513836525,0.2227085711698571,0.07165518919415316
2025-08-06,equal_weight,0.0039771962801925746,0.22757152315087348,0.06987139556250528
2025-08-07,equal_weight,-0.0014888195561906239,0.22574389066058376,0.07050422123828354
2025-08-08,equal_weight,-0.0008120658523015579,0.22474850590331097,0.07053941013929806
2025-08-11,equal_weight,0.004648456485214813,0.2304416960383342,0.07125823128470903
2025-08-12,equal_weight,0.0038579479087608396,0.23518867600641746,0.07146289139137463
2025-08-13,equal_weight,0.012363817232313324,0.2504603230439839,0.07921992609766298
2025-08-14,equal_weight,-0.004490524091331083,0.24484510083810118,0.08046409017700082
2025-08-15,equal_weight,0.010969298396435722,0.2585001782065355,0.08668615979056685
2025-08-18,equal_weight,0.010037026301742281,0.27113177759594165,0.0898872659445802
2025-08-19,equal_weight,-0.0026253222126720655,0.2677946471049857,0.09046738648340252
2025-08-20,equal_weight,0.006071724050612227,0.2754923463550505,0.09146463530067318
2025-08-21,equal_weight,-0.0010928815552454065,0.2740983842958624,0.09199087439154689
2025-08-22,equal_weight,0.015183180297095467,0.29344324978086456,0.1017126692557887
2025-08-25,equal_weight,0.014724380959572736,0.3124884009402258,0.1100475236017233
2025-08-26,equal_weight,-0.0016916733046565158,0.310268099349684,0.11139935276319521
2025-08-27,equal_weight,-0.007157468630383802,0.30088989653119613,0.11452062760920917
2025-08-28,equal_weight,0.016884366219501977,0.3228545979554789,0.11197203056259866
2025-08-29,equal_weight,0.0077009847442043545,0.3330418810331348,0.1105368588334969
2025-09-01,equal_weight,0.011336573321366396,0.3481540080579191,0.11288794785865128
2025-09-02,equal_weight,-0.01027410420752628,0.33430293329133787,0.12541174126294613
2025-09-03,equal_weight,-0.0008854368871085592,0.3331214922556247,0.12681229555692589
2025-09-04,equal_weight,-0.01761910343441484,0.30963308679293133,0.1475736246513533
2025-09-05,equal_weight,0.025961500008261938,0.3436331261865262,0.16688155021415912
2025-09-08,equal_weight,0.0012344619570875846,0.34529179016508627,0.16733360914032405
2025-09-09,equal_weight,-0.004500099374917111,0.3392378434210832,0.1703775236043696
2025-09-10,equal_weight,0.0018873129804870548,0.34176540438693137,0.16768039994761313
2025-09-11,equal_weight,0.022011783992481916,0.3713000546368814,0.17689277867210718
2025-09-12,equal_weight,-0.0023414763650076776,0.3680891879696153,0.17715321523900737
2025-09-15,equal_weight,0.0022560978472246254,0.3711757310414048,0.1759263224205677
2025-09-16,equal_weight,0.0053161548720468636,0.37846511358441304,0.17429846257594608
2025-09-17,equal_weight,0.00604617026395664,0.3867995483640687,0.17429494440511226
2025-09-18,equal_weight,-0.010453181263492574,0.37230308130888945,0.1811326774582651
2025-09-19,equal_weight,-6.306565429472477e-05,0.3722165361171761,0.17642719140630075
2025-09-22,equal_weight,0.007553722841887023,0.3825818795100593,0.17189495536088736
2025-09-23,equal_weight,0.0018731668732051346,0.3851716860862511,0.17116213848310255
2025-09-24,equal_weight,0.011525401857150343,0.4011363464095419,0.1695307185868555
2025-09-25,equal_weight,0.003736840190515434,0.406372169021197,0.1623140636234068
2025-09-26,equal_weight,-0.009442000050698464,0.39309320292999783,0.16722266598784252
2025-09-29,equal_weight,0.014682707920119454,0.4135475835341227,0.17003033265020562
2025-09-30,equal_weight,0.0046235465004007105,0.42008318651712173,0.16336521430455148
2025-10-09,equal_weight,0.017416291991472876,0.44481576994568517,0.17011664262952914
2025-10-10,equal_weight,-0.019614450116884362,0.4164765030979978,0.17360482450753612
2025-10-13,equal_weight,0.0012232700533804318,0.41820923638555474,0.15306420681796998
2025-10-14,equal_weight,-0.01216648200010866,0.40095461923868214,0.1619557968214392
2025-10-15,equal_weight,0.014982147385411529,0.42194392782438905,0.16616948227796843
2025-10-16,equal_weight,0.0010494654197770402,0.4234362088055026,0.16627399853471947
2025-10-17,equal_weight,-0.00986537906130751,0.40939347103604584,0.15615268018003842
2025-10-20,equal_weight,-0.0005644427548805907,0.40859794910254355,0.1557121808127049
2025-10-21,equal_weight,0.017498666043844757,0.43324653420393355,0.1657621279426616
2025-10-22,equal_weight,-0.01190114077738509,0.4161892654316732,0.1726847046774066
2025-10-23,equal_weight,-0.0009747551558644707,0.4148088276435138,0.17197999863746424
2025-10-24,equal_weight,0.012078028111515284,0.4318969284362122,0.17057220164162004
2025-10-27,equal_weight,0.008659568800791596,0.4442965384036477,0.17185442519506558
2025-10-28,equal_weight,-0.008996654365881906,0.43130270164579043,0.17555255550847365
2025-10-29,equal_weight,0.015102950124473935,0.4529195949617717,0.18180432016162817
2025-10-30,equal_weight,-0.007531276564475343,0.44197725566616897,0.18177540002269493
2025-10-31,equal_weight,-0.006941974965584351,0.4319670856563924,0.18397143981194514
2025-11-03,equal_weight,0.0009957314463269861,0.4333929403136856,0.17982360610175807
2025-11-04,equal_weight,-0.010356388840496233,0.4185481656625747,0.17740400723489683
2025-11-05,equal_weight,0.0019648789596844467,0.42133544110658394,0.17678179568102378
2025-11-06,equal_weight,0.011220895700721645,0.4372840978469801,0.16997096190318414
2025-11-07,equal_weight,-0.0008207762824887779,0.4361044091482691,0.15383521249306334
2025-11-10,equal_weight,0.002286395126433694,0.4393879112703958,0.15392642638398593
2025-11-11,equal_weight,-0.0033763777243133843,0.4345279939901363,0.1471284591776005
2025-11-12,equal_weight,-0.0019376793868282284,0.43174833866635365,0.13812907278691092
2025-11-13,equal_weight,0.01299120594481691,0.45034847619511775,0.14521947275200642
2025-11-14,equal_weight,-0.01387045496316346,0.4302314829751608,0.14980872908237444
2025-11-17,equal_weight,-0.006648489007554015,0.4207226046823427,0.15207049095080483
2025-11-18,equal_weight,-0.007747296926390247,0.40971584481383405,0.14054811837567704
2025-11-19,equal_weight,0.003987236172677911,0.4153367148234728,0.13509884416665757
2025-11-20,equal_weight,-0.005604993315502195,0.40740376199770223,0.13653597875333304
2025-11-21,equal_weight,-0.021850398665788754,0.37665142871432167,0.14856543939008998
2025-11-24,equal_weight,0.002070817847134143,0.37950222306218606,0.14411448040255423
2025-11-25,equal_weight,0.01139415542240041,0.3952204857973034,0.14953378159644662
2025-11-26,equal_weight,0.005878679153732479,0.40342253938202033,0.13940992908670494
2025-11-27,equal_weight,-0.001640192593270262,0.40112065612769743,0.13769659270154014
2025-11-28,equal_weight,0.005935595810237305,0.40943714202384607,0.13840812956205392
2025-12-01,equal_weight,0.008885709769954087,0.4219609914068636,0.14250573315252832
2025-12-02,equal_weight,-0.005152369797231483,0.4146345225418977,0.13881439943424217
2025-12-03,equal_weight,-0.004517553439328804,0.4082438354891953,0.13944016556678193
2025-12-04,equal_weight,0.0023818687742145125,0.4115980875074272,0.1330308804477882
2025-12-05,equal_weight,0.008624654914710473,0.42377263389044395,0.137233768645647
2025-12-08,equal_weight,0.007974818056574007,0.43512696159964936,0.14016238826798846
2025-12-09,equal_weight,-0.002791253720828091,0.4311211581282235,0.139996882983656
2025-12-10,equal_weight,0.002215113754306586,0.4342912542896724,0.14004278666505993
2025-12-11,equal_weight,-0.005660046174603451,0.426173099562563,0.1327780419405941
2025-12-12,equal_weight,0.007839923022401286,0.437354186879753,0.12667099771697485
2025-12-15,equal_weight,-0.0033667466632720353,0.43251497946713546,0.12481267398386654
2025-12-16,equal_weight,-0.01145810521805899,0.4161010721059555,0.12867750344000362
2025-12-17,equal_weight,0.015807000507646364,0.43848538247161284,0.13959819632901516
2025-12-18,equal_weight,-0.006691336248122726,0.42885999308948586,0.14031567849377946
2025-12-19,equal_weight,0.0037042341125292037,0.4341528250179163,0.11210177758101066
2025-12-22,equal_weight,0.012683656233747566,0.4523431264371014,0.11826121107378111
2025-12-23,equal_weight,0.004265137876483216,0.4585375701153185,0.11385737533294996
2025-12-24,equal_weight,0.005091038505703272,0.4659630410467903,0.11355799885179259
2025-12-25,equal_weight,0.0011302931778399026,0.46762000907105095,0.11273611177276252
2025-12-26,equal_weight,0.004168747563385544,0.47373814640784184,0.11216276055949649
2025-12-29,equal_weight,-0.005117970352490931,0.4661955982671915,0.11220047209535843
2025-12-30,equal_weight,-0.0013877011467199774,0.4641609569541605,0.10998886474576833
2025-12-31,equal_weight,-0.004653655214632569,0.45734725668176934,0.11009265446328147
2026-01-05,equal_weight,0.019407890947077334,0.4856312933114715,0.1267428569355559
2026-01-06,equal_weight,0.010552548954121256,0.5013084902619152,0.1281375493034487
2026-01-07,equal_weight,-0.0006289030767856918,0.5003643127331849,0.1270622696325507
2026-01-08,equal_weight,-0.0023705538587638574,0.49680761832208375,0.12684924379507695
2026-01-09,equal_weight,0.009173399415657358,0.5105384324533511,0.12918768674342734
2026-01-12,equal_weight,0.013569820256829023,0.5310361674727753,0.1308544501286472
2026-01-13,equal_weight,-0.006862497613657204,0.5205294354270704,0.13486088555422482
2026-01-14,equal_weight,0.004539349515296509,0.5274316499827705,0.13293266715918864
2026-01-15,equal_weight,-8.708057686934708e-05,0.5272986403535616,0.12192219126351553
2026-01-16,equal_weight,-0.0006614598583424725,0.5262883936112668,0.11420791972274887
2026-01-19,equal_weight,0.0027223402180554194,0.5304434698895459,0.10836137398764624
2026-01-20,equal_weight,-0.002844363146803164,0.5260903328855266,0.11063650834918137
2026-01-21,equal_weight,0.009847197870931313,0.5411180463623659,0.10781152216171963
2026-01-22,equal_weight,0.002126528332195887,0.5443952775512138,0.10774398563116128
2026-01-23,equal_weight,0.011769424312286891,0.562571920878606,0.112077699220558
2026-01-26,equal_weight,0.0005492948463541979,0.5634302335818022,0.11224021033418308
2026-01-27,equal_weight,0.002755412858680195,0.5677381293510628,0.11218896056247399
2026-01-28,equal_weight,0.0074953250787151765,0.5794888362688457,0.10878733298805196
2026-01-29,equal_weight,0.009759163776104196,0.5949033265045214,0.1089997336694857
2026-01-30,equal_weight,-0.018412995247635733,0.5655363791331551,0.13242816197661475
2026-02-02,equal_weight,-0.03911930214358668,0.5042936885010685,0.1902282365126446
2026-02-03,equal_weight,0.02500539711788075,0.5419091495639592,0.20639391977651175
2026-02-04,equal_weight,0.009931553817120232,0.5572227032639638,0.20840040146562808
2026-02-05,equal_weight,-0.015130018212617637,0.5336618954024783,0.2166621064060009
2026-02-06,equal_weight,-0.005040637454918829,0.5259312618093308,0.21568937950291545
2026-02-09,equal_weight,0.02068181231526256,0.5574902857720632,0.22272599403601898
2026-02-10,equal_weight,-0.001722173284836015,0.5548080176105148,0.22107547686346687
2026-02-11,equal_weight,-0.0001312134604108729,0.5546040058702495,0.22076350265167144
2026-02-12,equal_weight,0.004850398163873714,0.5621444542858731,0.2211439115254984
2026-02-13,equal_weight,-0.011622300876770032,0.5439887414251849,0.2257562635205919
2026-02-24,equal_weight,0.013214229299165091,0.5643913626897066,0.23005020874899645
2026-02-25,equal_weight,0.007611264146418462,0.5762983585795136,0.23060647855040847
2026-02-26,equal_weight,-0.0014807980247961263,0.5739641790836396,0.22881074744412586
2026-02-27,equal_weight,0.0004955298323957803,0.574744125289498,0.22879209492216387
2026-03-02,equal_weight,0.008375912323104596,0.5879340440142469,0.22699792178508493
2026-03-03,equal_weight,-0.01839132390546583,0.5587298346702647,0.2371204894503618
2026-03-04,equal_weight,-0.01228237692654326,0.5395849273141962,0.2407464550986077
2026-03-05,equal_weight,0.006152526212994625,0.5490572639366282,0.24017963103777634
2026-03-06,equal_weight,0.0013518266236674844,0.5511513207876031,0.2370822804740487
2026-03-09,equal_weight,-0.0050226240460094825,0.5433604708648159,0.22887274759851897
2026-03-10,equal_weight,0.012945857501166148,0.5633405955935644,0.18264306916423997
2026-03-11,equal_weight,0.003564505227382542,0.568913131318737,0.16143326272977976
2026-03-12,equal_weight,-0.004000997532963213,0.5626359137508972,0.15866691042162445
2026-03-13,equal_weight,-0.006426171178591256,0.5525941478793195,0.15028464547014447
2026-03-16,equal_weight,-0.0008661728067268279,0.5512493330485431,0.1489101055757907
2026-03-17,equal_weight,-0.010958789795173774,0.5342495176877606,0.13474387333739765
2026-03-18,equal_weight,0.0062433879271917014,0.5438284326037921,0.13690516408640754
2026-03-19,equal_weight,-0.019012621804485,0.5144762064836852,0.15212176908416353
2026-03-20,equal_weight,-0.0067128242548524465,0.5043097938714047,0.15149459877745577
2026-03-23,equal_weight,-0.040352123532767604,0.4436076992375535,0.2020022438468927
2026-03-24,equal_weight,0.014529016255698158,0.4645818989666268,0.20347447959266665
2026-03-25,equal_weight,0.01928577283654982,0.49282749277062,0.21557108009700796
2026-03-26,equal_weight,-0.01229312551467241,0.4744759770302369,0.21820826165258886
2026-03-27,equal_weight,0.006511280556141452,0.48407670378997136,0.22058005045073237
2026-03-30,equal_weight,0.0018145059882519246,0.4867695698560235,0.2173499952379916
2026-03-31,equal_weight,-0.009241697853620768,0.47302929471345645,0.2112057033513808
2026-04-01,equal_weight,0.016200575198748915,0.4968932165724218,0.21821809255981695
2026-04-02,equal_weight,-0.015440427303775506,0.4737805456804207,0.22184914427409297
2026-04-03,equal_weight,-0.0029046103868040516,0.46949978739956766,0.2214099889150752
2026-04-07,equal_weight,0.0011339299459289355,0.47116609721403635,0.2215974809293384
2026-04-08,equal_weight,0.035454416663674375,0.5233254330061343,0.2541481918400073
2026-04-09,equal_weight,-0.008402580319531339,0.5105255687025154,0.2547384622413076
2026-04-10,equal_weight,0.013222079440448686,0.5304978577687292,0.2600209797293874
2026-04-13,equal_weight,0.0011461010608540656,0.5322519629871527,0.25927889382592445
2026-04-14,equal_weight,0.012424348261507534,0.5512891949996839,0.2633124374164556
2026-04-15,equal_weight,-0.0029103857464154227,0.5467743450379885,0.2603492542254255
2026-04-16,equal_weight,0.012998297123199887,0.5668797775573351,0.2633999751641505
2026-04-17,equal_weight,0.001905641872687269,0.5698656892709153,0.2527034487970664
2026-04-20,equal_weight,0.0029212825704669544,0.5744517105469567,0.25064464785577956
2026-04-21,equal_weight,-0.0001583232776042331,0.5742024381917132,0.19389793023380528
2026-04-22,equal_weight,0.008707698011531685,0.5879101176325037,0.1909471217124045
2026-04-23,equal_weight,-0.0060177945784887004,0.5783544007354875,0.1853319743409769
2026-04-24,equal_weight,-0.006359174071259255,0.5683173703550723,0.18002064280668456
2026-04-27,equal_weight,0.0010659073459415636,0.5699890513609016,0.17970966297239055
2026-04-28,equal_weight,-0.008716030856772106,0.5563049783444456,0.18436343010896974
2026-04-29,equal_weight,0.009075311803388164,0.5704289312840867,0.18051154836967762
2026-04-30,equal_weight,0.0008609133522309077,0.5717809345197586,0.17403062843597328
2026-05-06,equal_weight,0.015665517847703783,0.5964036968021587,0.16635737987739996
2026-05-07,equal_weight,0.009177988209915533,0.6110554711096743,0.16517698970930544
2026-05-08,equal_weight,-0.0036046791070193374,0.605248133112716,0.1673605462546499
2026-05-11,equal_weight,0.011871837032537646,0.6243053773458156,0.1249191862885484
2026-05-12,equal_weight,-0.0008876503359943388,0.6228635621318572,0.11829948830219256
2026-05-13,equal_weight,0.011043187543312483,0.6407851488056877,0.11618767340756027
2026-05-14,equal_weight,-0.012844483426070828,0.6197101111561099,0.12978184478896473
2026-05-15,equal_weight,-0.010637670289784152,0.6024801690286015,0.13290498137824813
2026-05-18,equal_weight,-0.00376888673819078,0.5964406027713358,0.13333061484043962
2026-05-19,equal_weight,0.0025619938729951387,0.6005306738142364,0.12648347843667257
2026-05-20,equal_weight,-0.0014224927456556015,0.5982539305415364,0.1267513423997384
2026-05-21,equal_weight,-0.011011135273963578,0.5806553403101995,0.1333213277729792
2026-05-22,equal_weight,0.011408587256288528,0.5986883846822468,0.13907262147615373
2026-05-25,equal_weight,0.01159216342463143,0.6172206417025434,0.14159955151721149
2026-05-26,equal_weight,0.0005291366217340165,0.6180763723694922,0.13921194463652842
2026-05-27,equal_weight,-0.006971221673483252,0.6067964032930788,0.13967358589695675
2026-05-28,equal_weight,0.00047545451130355217,0.6075603618917707,0.1396995976497696
2026-05-29,equal_weight,-0.003399879746174816,0.6020948499766212,0.13590779594391592
2026-06-01,equal_weight,-0.009507438608787777,0.5868630315450134,0.1381332020817757
2026-06-02,equal_weight,0.010446701953622428,0.603440516676786,0.14253403508704465
2026-06-03,equal_weight,0.0032328696604716494,0.6086242308755216,0.13205601246074108
2026-06-04,equal_weight,-0.003660017148768669,0.6027366386045925,0.12857291325918446
2026-06-05,equal_weight,-0.012820466867788484,0.5821888066315717,0.13574485383996748
2026-06-08,equal_weight,-0.02504889304387661,0.5425567284390387,0.15264675867613672
2026-06-09,equal_weight,0.01742163222640274,0.5694305844502665,0.16829964507364156
2026-06-10,equal_weight,-0.015384458208562313,0.5452857452125519,0.16807227390323273
2026-06-11,equal_weight,-0.009859083887477539,0.530050643420378,0.16606104126301338
2026-06-12,equal_weight,0.01001952135052302,0.5453810185095098,0.16927305142526375
2026-06-15,equal_weight,0.028255928919896128,0.589047194722671,0.1996691943382385
2026-06-16,equal_weight,0.005633820738343287,0.5979996017625058,0.2005199290083049
2026-06-17,equal_weight,0.008780829773093713,0.6120313642430539,0.2028199460820555
2026-06-18,equal_weight,0.005693867093820893,0.6212100565821248,0.19886739489110608
2026-06-22,equal_weight,0.009306852640837061,0.6362984196785777,0.19759218320267974
2026-06-23,equal_weight,-0.02214397732701532,0.6000642645729843,0.21003848260388877
2026-06-24,equal_weight,0.0067867932682028394,0.6109235699524802,0.2115941349856963
2026-06-25,equal_weight,0.0066288630663343005,0.6216021617080256,0.21127496117662267
2026-06-26,equal_weight,-0.016184225347903668,0.5953577868982953,0.21946298370810313
2026-06-29,equal_weight,0.007292657044017004,0.6069921841006467,0.22073175553063915
2026-06-30,equal_weight,0.011693183302647592,0.6257830382752576,0.22113682107610957
2026-07-01,equal_weight,-0.00804553152617764,0.6127027495860893,0.22073910080031942
2026-07-02,equal_weight,-0.01937440383627516,0.581457595247737,0.23120260353948816
2026-07-03,equal_weight,0.006966088812801852,0.5924741693099127,0.2325020673842307
2026-07-06,equal_weight,-0.0062209280676824635,0.5825675020529932,0.22891039368553856
2026-07-07,equal_weight,-0.008333849031861762,0.569378623408153,0.2115767959983545
2026-07-08,equal_weight,-0.007072000698912052,0.5582799766865529,0.20400920876925013
2026-07-09,equal_weight,0.018800971368695584,0.5875771539126484,0.20650890700496946
2026-07-10,equal_weight,-0.014855391850657075,0.5639930731981251,0.21084784852776062
2026-07-13,equal_weight,-0.021633654243910862,0.5301581878126853,0.2228457706681767
2026-07-14,equal_weight,0.012017546899587539,0.5485469355985122,0.20159059413688307
2026-07-15,equal_weight,-0.004776187933067222,0.5411507844109185,0.20028354446184035
2026-07-16,equal_weight,-0.013970425303279766,0.5196202524962148,0.20072358737255266
2026-07-17,equal_weight,-0.03341639074810481,0.46884002835006755,0.2251160770380311
2026-07-20,equal_weight,0.0015345280650689078,0.4710940045966674,0.22028270746237932
2026-07-21,equal_weight,0.03271398784332775,0.5192193559794351,0.2486133980860504
2026-07-22,equal_weight,-0.006606971714743159,0.5091819166659888,0.24653456752936131
2026-07-23,equal_weight,0.0014139547351232464,0.5113158315832211,0.24447967728192382
2026-07-24,equal_weight,-0.017583643412349904,0.48474139291722285,0.24549837192167767
2026-07-27,equal_weight,0.01568332639111758,0.5080270767887463,0.25209649672014894
2026-07-28,equal_weight,-0.0287526538475386,0.4646672962571239,0.26142564957510284
2026-07-29,equal_weight,0.005964461404939936,0.47340324781672716,0.26403174822643055
2026-07-30,equal_weight,-0.01613018535414297,0.4496369803280471,0.26182929432591523
2026-07-31,equal_weight,0.014462217893559259,0.47060194620411244,0.26736767696648744
2026-08-03,equal_weight,-0.007405765965293697,0.4597110123624193,0.26754075394131843
2026-08-04,equal_weight,0.01834287716319805,0.48648631215595084,0.2782181917055371
2026-08-05,equal_weight,0.016489352429058225,0.5109975088380612,0.2856261188216167
2026-08-06,equal_weight,0.002708570764908358,0.5150901525163494,0.27609462784701433
2026-08-07,equal_weight,0.010647306064620832,0.5312217810856841,0.2754180428265637
2026-08-10,equal_weight,0.0026458237179204595,0.5352731239914772,0.26445961982435123
2026-08-11,equal_weight,-0.002115197514793743,0.5320257180950809,0.2608877447098104
2026-08-12,equal_weight,0.004960241317249193,0.5396249353610645,0.261014512871226
2023-08-15,minimum_volatility,-0.0021235955798339706,-0.0021235955798339923,
2023-08-16,minimum_volatility,-0.004320210265493719,-0.0064346314659039505,
2023-08-17,minimum_volatility,0.0029234449838346113,-0.0035299977731511056,
2023-08-18,minimum_volatility,-0.009114203170585755,-0.012612027826840677,
2023-08-21,minimum_volatility,-0.007660910669392806,-0.020176318877692112,
2023-08-22,minimum_volatility,0.0021674930490708454,-0.018052557859544405,
2023-08-23,minimum_volatility,-0.010852304082219712,-0.028708950094410435,
2023-08-24,minimum_volatility,0.005125736737986553,-0.02373036787663174,
2023-08-25,minimum_volatility,-0.006032250471219581,-0.029619470825045346,
2023-08-28,minimum_volatility,0.007146337278488413,-0.022684804275083126,
2023-08-29,minimum_volatility,0.011860478085053437,-0.011093378813997967,
2023-08-30,minimum_volatility,0.0009496965231702737,-0.010154217634117502,
2023-08-31,minimum_volatility,-0.0026747588807719104,-0.012801816431095348,
2023-09-01,minimum_volatility,0.0007786385096869355,-0.012033145908675658,
2023-09-04,minimum_volatility,0.008330798331534696,-0.0038025932890001224,
2023-09-05,minimum_volatility,-0.0037647420426520917,-0.007553019548826034,
2023-09-06,minimum_volatility,-0.0016928100329513197,-0.009233043754505954,
2023-09-07,minimum_volatility,-0.010707909787030291,-0.01984208694195333,
2023-09-08,minimum_volatility,-0.0001714256307326023,-0.02001011113041684,
2023-09-11,minimum_volatility,0.005758215854461613,-0.014367117815116015,0.10193288456223383
2023-09-12,minimum_volatility,-0.0014212512040259642,-0.015767949735648767,0.10183356579374449
2023-09-13,minimum_volatility,-0.005267867983143382,-0.020952754241219895,0.10233857724673277
2023-09-14,minimum_volatility,-0.00013240254607882482,-0.02108238258928985,0.10146838240072349
2023-09-15,minimum_volatility,-0.0035592289564112312,-0.024566574519119144,0.09731213247630244
2023-09-18,minimum_volatility,0.0013403810608369371,-0.023259122029497203,0.09382142240563908
2023-09-19,minimum_volatility,-0.0013059709054978217,-0.024534717198336997,0.0934974924391271
2023-09-20,minimum_volatility,-0.0027245694465685365,-0.027192440104046756,0.08545307448072577
2023-09-21,minimum_volatility,-0.00613601330765532,-0.03316160023735604,0.08600251790275243
2023-09-22,minimum_volatility,0.011940004206004228,-0.021617545677663608,0.09388907486382563
2023-09-25,minimum_volatility,-0.003085780720806475,-0.02463661939278672,0.09116272158305522
2023-09-26,minimum_volatility,-0.0038014751268097727,-0.028344439023766044,0.08024254230470565
2023-09-27,minimum_volatility,-3.0181979697596345e-05,-0.028373765512180515,0.0800233217210971
2023-09-28,minimum_volatility,-0.0032314007625153353,-0.0315134792671844,0.08020972010446487
2023-10-09,minimum_volatility,-0.003597766827734095,-0.03499786794458448,0.08046686342367537
2023-10-10,minimum_volatility,-0.006255808059537515,-0.041034736059767596,0.07404292231345351
2023-10-11,minimum_volatility,0.0018763793090879944,-0.0392353534803761,0.07485413079682851
2023-10-12,minimum_volatility,0.006705684176057392,-0.0327927691932941,0.08045810299448473
2023-10-13,minimum_volatility,-0.004604104422877264,-0.0372458922824902,0.07349793629519769
2023-10-16,minimum_volatility,-0.006110158467906124,-0.043128472446271715,0.07572240712711474
2023-10-17,minimum_volatility,0.002543863866891094,-0.040694321542070866,0.0726105765183256
2023-10-18,minimum_volatility,-0.0049330747542775995,-0.045426648166106864,0.07372239029796929
2023-10-19,minimum_volatility,-0.008440936623528473,-0.05348414133144597,0.07666445066471034
2023-10-20,minimum_volatility,-0.002016199586558276,-0.05539250621436442,0.07645234641801174
2023-10-23,minimum_volatility,-0.012709063481350235,-0.06739758281784525,0.08563745104621337
2023-10-24,minimum_volatility,0.0047808127335389645,-0.06293898530645159,0.08836653891731455
2023-10-25,minimum_volatility,-0.0001096510386513038,-0.06304173501999244,0.08860307264709638
2023-10-26,minimum_volatility,0.004970037159902319,-0.05838501762576409,0.09191301714146728
2023-10-27,minimum_volatility,0.013332458396092253,-0.04583097504812239,0.10434306497813604
2023-10-30,minimum_volatility,0.008176085455669302,-0.038029607560963075,0.0990458197366622
2023-10-31,minimum_volatility,-0.0014684948878664894,-0.03944225616453867,0.0987224828120212
2023-11-01,minimum_volatility,-0.002106101511225544,-0.04146528828044993,0.09820865820445297
2023-11-02,minimum_volatility,-0.004262968552824532,-0.045551491613301076,0.09899402527985658
2023-11-03,minimum_volatility,0.006077591427283325,-0.039750743540946765,0.10153490484295584
2023-11-06,minimum_volatility,0.01200277970871373,-0.028225083250212668,0.10979847360393477
2023-11-07,minimum_volatility,-0.002448012759869989,-0.030604000646137663,0.10755880429346072
2023-11-08,minimum_volatility,-0.001156541494900809,-0.031725147344381255,0.10760632978573978
2023-11-09,minimum_volatility,-0.0019883439043723475,-0.03365041074541608,0.10526096205704617
2023-11-10,minimum_volatility,-0.002093958162573961,-0.03567390635573575,0.10418378705274488
2023-11-13,minimum_volatility,0.0007267872631150586,-0.0349730464333855,0.10157067416941079
2023-11-14,minimum_volatility,0.001256753692390289,-0.033760245246234555,0.10132016831705813
2023-11-15,minimum_volatility,0.004722815258365775,-0.029196873389243816,0.10039828669048957
2023-11-16,minimum_volatility,-0.008818712005061347,-0.03775810657643719,0.1008704204744124
2023-11-17,minimum_volatility,0.0019408261625385003,-0.03589056233499022,0.10035922496012378
2023-11-20,minimum_volatility,0.000386611376132318,-0.0355178266585523,0.08634956130082162
2023-11-21,minimum_volatility,-0.0018289741589417874,-0.03728183963035381,0.08640525509846325
2023-11-22,minimum_volatility,-0.009344158705797724,-0.046277630909801415,0.09434886711048406
2023-11-23,minimum_volatility,0.003902508450594278,-0.042555721304906036,0.09381323197240417
2023-11-24,minimum_volatility,-0.005298340934736068,-0.0476285875194451,0.08370051513826159
2023-11-27,minimum_volatility,-0.0009730293648015475,-0.04855527286998629,0.07782366013737026
2023-11-28,minimum_volatility,0.0031042835729612416,-0.04560171863297591,0.07878572406520154
2023-11-29,minimum_volatility,-0.0038779379227955597,-0.04930281592174002,0.07956863937633427
2023-11-30,minimum_volatility,0.0003316011832239507,-0.04898756361061196,0.07826982517003753
2023-12-01,minimum_volatility,0.001076842802540856,-0.0479634727133591,0.07491775960965871
2023-12-04,minimum_volatility,-0.0021634370277970223,-0.0500231437883063,0.05893645455967136
2023-12-05,minimum_volatility,-0.01387817471813697,-0.06320708857699875,0.074297864109548
2023-12-06,minimum_volatility,0.0018698139952313176,-0.061455460080586555,0.07535974765727563
2023-12-07,minimum_volatility,-0.0005454503027044089,-0.06196738948398717,0.07542177179614361
2023-12-08,minimum_volatility,0.0028421465004410786,-0.059301363382709416,0.07690527788129115
2023-12-11,minimum_volatility,0.005410538950954492,-0.05421167676818184,0.08021064471509154
2023-12-12,minimum_volatility,-0.0012144655818042028,-0.05536030413441917,0.07976929995506211
2023-12-13,minimum_volatility,-0.009668466035670644,-0.06449352094984173,0.0821163686923406
2023-12-14,minimum_volatility,1.4687608328145351e-05,-0.06447978059708892,0.07804098355187508
2023-12-15,minimum_volatility,-0.0034089009738523354,-0.06766887638407004,0.07731448990820076
2023-12-18,minimum_volatility,-0.0069234954444841405,-0.07412386667117565,0.07907832838064752
2023-12-19,minimum_volatility,0.0012254098256300639,-0.07298928896007806,0.07991937414578387
2023-12-20,minimum_volatility,-0.006832603374847324,-0.07932318547284911,0.07725952023590954
2023-12-21,minimum_volatility,0.006330649177425497,-0.073494703554288,0.08004635028339573
2023-12-22,minimum_volatility,0.00019552740876060956,-0.07331354637447096,0.07907569744418162
2023-12-25,minimum_volatility,0.001103694573230918,-0.0722907675645178,0.07955065125287804
2023-12-26,minimum_volatility,-0.004899703791188381,-0.07683626800780241,0.07880953422260187
2023-12-27,minimum_volatility,0.002272168090542692,-0.07473868483362345,0.0795245447492265
2023-12-28,minimum_volatility,0.017720493320025586,-0.05834259787893947,0.10443433088239831
2023-12-29,minimum_volatility,0.0029167643554406375,-0.05559600513339591,0.10499932189070851
2024-01-02,minimum_volatility,-0.00702093458174753,-0.06222660380009537,0.10747904623429154
2024-01-03,minimum_volatility,-0.0031910303514664177,-0.06521906717016701,0.09609145426712763
2024-01-04,minimum_volatility,-0.007671321122483455,-0.07239007188507929,0.09942099929818156
2024-01-05,minimum_volatility,-0.006048249063378042,-0.07800048776398061,0.10130595341823649
2024-01-08,minimum_volatility,-0.012078971729271836,-0.0891372938066819,0.10774889016390782
2024-01-09,minimum_volatility,0.0018283957527461148,-0.08747187630334319,0.10538717084503278
2024-01-10,minimum_volatility,-0.0033119157625525644,-0.09049409257998664,0.10550410619077859
2024-01-11,minimum_volatility,0.007889522235167767,-0.08331852550037999,0.10669802747427885
2024-01-12,minimum_volatility,-0.0030236812169419204,-0.08609027805674319,0.106861835223878
2024-01-15,minimum_volatility,-0.0015633768359106792,-0.08751906334614279,0.1065439192374582
2024-01-16,minimum_volatility,0.0024399902500795486,-0.08529261875732386,0.10487366173180497
2024-01-17,minimum_volatility,-0.01821092298710045,-0.10195028443286658,0.12175592351135306
2024-01-18,minimum_volatility,0.005766893323816968,-0.09677132752370665,0.12272643319976921
2024-01-19,minimum_volatility,-0.0013710915901045339,-0.09800973676048019,0.1196924250663928
2024-01-22,minimum_volatility,-0.020702597696578697,-0.11668327830655911,0.13781474882937822
2024-01-23,minimum_volatility,0.007474662391924048,-0.11008078402675958,0.1417367805481774
2024-01-24,minimum_volatility,0.007094775512079132,-0.10376700696554397,0.14488594029414953
2024-01-25,minimum_volatility,0.012428941785428284,-0.09262777926893861,0.15261638954576312
2024-01-26,minimum_volatility,-0.006296384368054798,-0.09834094353555689,0.13666257230549092
2024-01-29,minimum_volatility,-0.012496261914770867,-0.10960831126296167,0.14001973214880378
2024-01-30,minimum_volatility,-0.011503643589627566,-0.11985105990535916,0.14264767715218613
2024-01-31,minimum_volatility,-0.008162569267072239,-0.12703533659422195,0.1437643442898261
2024-02-01,minimum_volatility,0.001330028195809585,-0.12587426897794685,0.14374790920958083
2024-02-02,minimum_volatility,-0.012560478756351624,-0.1368537066528296,0.14743541457442536
2024-02-05,minimum_volatility,-0.0022355171399180305,-0.1387832849858639,0.14371185528985628
2024-02-06,minimum_volatility,0.03694340632956659,-0.10696700594528208,0.2011541126982624
2024-02-07,minimum_volatility,0.020517051008597773,-0.08864460245390071,0.21484500078686578
2024-02-08,minimum_volatility,0.006156938860608596,-0.08303344299092374,0.2141080102551827
2024-02-19,minimum_volatility,0.0013847885422763049,-0.08176363820912713,0.21382628087587074
2024-02-20,minimum_volatility,0.0006154883364300146,-0.08119847443835893,0.21371135251404494
2024-02-21,minimum_volatility,0.0038375462786128358,-0.07767253106315597,0.21394307983814126
2024-02-22,minimum_volatility,0.004253500514566277,-0.07374941069943453,0.20243541497261638
2024-02-23,minimum_volatility,0.0009186008540823519,-0.0728985561170088,0.2018500347118657
2024-02-26,minimum_volatility,-0.0022111613739709043,-0.07494852701947552,0.20202391948497292
2024-02-27,minimum_volatility,0.012512485937564266,-0.06337383347228365,0.18786676895568333
2024-02-28,minimum_volatility,-0.012930728570124273,-0.07548509220332955,0.19523914965151326
2024-02-29,minimum_volatility,0.01768046614557406,-0.059139237674951994,0.20240185868839716
2024-03-01,minimum_volatility,0.005395580465262385,-0.05406274772521913,0.19934663132679248
2024-03-04,minimum_volatility,0.0031350273610692317,-0.05109720855748301,0.1968371955517206
2024-03-05,minimum_volatility,0.0030653791040111678,-0.04818846176885727,0.18855381935843818
2024-03-06,minimum_volatility,0.000925956200157141,-0.047307125973651054,0.1805074308257627
2024-03-07,minimum_volatility,-0.005699914389951787,-0.05273739379551834,0.17850198320413793
2024-03-08,minimum_volatility,0.004821594440225963,-0.048170077680008916,0.17819995593399043
2024-03-11,minimum_volatility,0.017108713368543603,-0.031885492363432966,0.17191967496805496
2024-03-12,minimum_volatility,-0.0007222612821497388,-0.032584723988986264,0.17106221565755964
2024-03-13,minimum_volatility,-0.003063063200335381,-0.0355479781203778,0.12833284244249268
2024-03-14,minimum_volatility,-0.002477401579620464,-0.03793731308285053,0.11395924619849854
2024-03-15,minimum_volatility,0.004626713573600627,-0.03348612459063627,0.11347831676998152
2024-03-18,minimum_volatility,0.00778086854010447,-0.02596580718388919,0.1147894890469685
2024-03-19,minimum_volatility,-0.005389869705533879,-0.031215724571902914,0.11835325139099477
2024-03-20,minimum_volatility,0.0014179718393996235,-0.029842015750892736,0.11835058142869999
2024-03-21,minimum_volatility,0.0018150962280838237,-0.028081085653036797,0.11820351901616487
2024-03-22,minimum_volatility,-0.009440781420515722,-0.03725675968185149,0.12546355061691705
2024-03-25,minimum_volatility,-0.007988992164855534,-0.04494810788552073,0.1295936538090081
2024-03-26,minimum_volatility,0.001319849756110614,-0.043687582878640385,0.12305110598780711
2024-03-27,minimum_volatility,-0.011809589307698043,-0.05498123977469571,0.12141278493591165
2024-03-28,minimum_volatility,0.007176274115836635,-0.048199526106710966,0.10732366261785621
2024-03-29,minimum_volatility,0.008958339558102013,-0.03967297427001237,0.11014323541802475
2024-04-01,minimum_volatility,0.0152071845137862,-0.025069103996160913,0.12133676353335981
2024-04-02,minimum_volatility,-0.0028836421237581128,-0.02788045579563081,0.12207713004275077
2024-04-03,minimum_volatility,5.719604526763804e-05,-0.02782485440217508,0.122130999699867
2024-04-08,minimum_volatility,-0.003507547487802932,-0.031234804891821177,0.12076646293469996
2024-04-09,minimum_volatility,0.00435358722485919,-0.027017201114509892,0.12058906024932048
2024-04-10,minimum_volatility,-0.007620401414848366,-0.03443172061175992,0.10845912843950832
2024-04-11,minimum_volatility,-0.0015438977394305554,-0.03592245929557325,0.10855986019659285
2024-04-12,minimum_volatility,0.001153125061133764,-0.03481075732251071,0.10809021595864171
2024-04-15,minimum_volatility,0.008006481939700884,-0.02708298708261969,0.11118758253515429
2024-04-16,minimum_volatility,-0.010395654674186683,-0.03719709637555002,0.11659899469551242
2024-04-17,minimum_volatility,0.012909787721147658,-0.02476751527245369,0.12250738260638454
2024-04-18,minimum_volatility,-0.0006992089822905445,-0.0254494065855968,0.12084487524354914
2024-04-19,minimum_volatility,-0.005849571538627597,-0.0311501099997864,0.12271158540814985
2024-04-22,minimum_volatility,-0.006243499416878607,-0.03719912372304568,0.12441874237845284
2024-04-23,minimum_volatility,-0.008408794242361517,-0.04529511818802401,0.12347916316862219
2024-04-24,minimum_volatility,0.006585962336398455,-0.039007467794034634,0.12241717682684447
2024-04-25,minimum_volatility,0.00011570132214178141,-0.03889627968748999,0.12236373043935718
2024-04-26,minimum_volatility,0.015837616337643915,-0.02367468770449821,0.12545546483362732
2024-04-29,minimum_volatility,0.011678346375607898,-0.012272822532237826,0.12904718862459463
2024-04-30,minimum_volatility,-0.004530802399632772,-0.016748019198091213,0.12812131134278043
2024-05-06,minimum_volatility,0.00944716586057568,-0.007459074652716002,0.12122136722796516
2024-05-07,minimum_volatility,0.0005386795810760958,-0.006924413122849082,0.1204018804331255
2024-05-08,minimum_volatility,-0.007769342658829425,-0.014639957643415857,0.12443358291189109
2024-05-09,minimum_volatility,0.009218706565013246,-0.005556212552041417,0.1268976775195272
2024-05-10,minimum_volatility,0.0021276465434094892,-0.0034403876650627163,0.1264415423343888
2024-05-13,minimum_volatility,-0.00475618543992673,-0.008180209983269182,0.12417150329237613
2024-05-14,minimum_volatility,-0.0012056175469544294,-0.009375965325530089,0.12407194181406214
2024-05-15,minimum_volatility,-0.003625276958295576,-0.012967251812769254,0.12534479952661967
2024-05-16,minimum_volatility,0.0017925931877961433,-0.01119790363223705,0.12274984020201062
2024-05-17,minimum_volatility,0.007806839789310294,-0.0034784840825597962,0.11754989106735055
2024-05-20,minimum_volatility,0.007191740733310415,0.0036882402950839666,0.11196884873817294
2024-05-21,minimum_volatility,-0.006235321759302127,-0.0025700788291835863,0.11506809862017559
2024-05-22,minimum_volatility,0.0030300675394796307,0.00045220119786182345,0.11214724587400023
2024-05-23,minimum_volatility,-0.013295478171809207,-0.012849289205102865,0.12114624671672651
2024-05-24,minimum_volatility,-0.009496443288501277,-0.02222370994737033,0.12235510918188693
2024-05-27,minimum_volatility,0.0057357104973901896,-0.01661546821641613,0.12189717505934508
2024-05-28,minimum_volatility,-0.0057966517469296265,-0.022315805880483097,0.12436371144348492
2024-05-29,minimum_volatility,0.0022936322816206277,-0.020073357851620233,0.11138000817225434
2024-05-30,minimum_volatility,-0.0025894409628141267,-0.02261082003935211,0.10309749299307679
2024-05-31,minimum_volatility,-0.00048636328174709296,-0.023086186248461926,0.10199700147952453
2024-06-03,minimum_volatility,-0.0017489478300348306,-0.024794757543153745,0.09532533622278404
2024-06-04,minimum_volatility,0.008955654146311031,-0.016061156670040933,0.10145261415344442
2024-06-05,minimum_volatility,-0.00492729943930228,-0.020909317981088305,0.0992071178423789
2024-06-06,minimum_volatility,-2.7351064895155525e-06,-0.020911995898366564,0.09265520116329612
2024-06-07,minimum_volatility,-0.00639914208475012,-0.027177319150087365,0.09406158987754572
2024-06-11,minimum_volatility,-0.006543696167237357,-0.03354317519816652,0.09516845407592782
2024-06-12,minimum_volatility,0.0004572313524692896,-0.03310128083705921,0.0953679020255913
2024-06-13,minimum_volatility,-0.001885328128035524,-0.034924202189258624,0.09497881723920512
2024-06-14,minimum_volatility,0.003930367589862626,-0.031131099551782504,0.0961405031355473
2024-06-17,minimum_volatility,0.00043309801139612686,-0.030711484357694885,0.09058381507798327
2024-06-18,minimum_volatility,0.0029013100902221195,-0.02789927780692536,0.08638910480848998
2024-06-19,minimum_volatility,-0.004523101831549115,-0.032296188363927114,0.08537409291264193
2024-06-20,minimum_volatility,-0.005494146493626584,-0.03761289486749653,0.08473747052003595
2024-06-21,minimum_volatility,0.00026111961757464564,-0.03736159671464567,0.07353133441657558
2024-06-24,minimum_volatility,-0.011688210928004518,-0.04861311741964236,0.07711710168871408
2024-06-25,minimum_volatility,-0.006152862032036377,-0.05446686964724845,0.07410475263034304
2024-06-26,minimum_volatility,0.007163637894541686,-0.04769341268410887,0.07928167721155889
2024-06-27,minimum_volatility,-0.008980107385585323,-0.05624522810220589,0.08253274746032628
2024-06-28,minimum_volatility,0.0008564771717443078,-0.055436923684350714,0.08303697102702709
2024-07-01,minimum_volatility,0.002861625135233359,-0.052733938243352485,0.08451976916179213
2024-07-02,minimum_volatility,-0.003851266599005432,-0.056382112387367345,0.08492172359217547
2024-07-03,minimum_volatility,-0.0010826231470346223,-0.057403694954452744,0.07524803489366409
2024-07-04,minimum_volatility,-0.004728600988335564,-0.06186085677409259,0.07515342764434305
2024-07-05,minimum_volatility,0.0017863187047079342,-0.06018504127492941,0.07608550849337296
2024-07-08,minimum_volatility,-0.008638089462860288,-0.06830324696693091,0.07817559374364318
2024-07-09,minimum_volatility,0.008610312262440334,-0.06028104698941439,0.08507107719365341
2024-07-10,minimum_volatility,-0.0005115959799225856,-0.06076180342803161,0.08486159227938686
2024-07-11,minimum_volatility,0.012308359094324973,-0.04920132242951769,0.09783118198277087
2024-07-12,minimum_volatility,0.0007830557820833528,-0.048456794027448846,0.09647243690114998
2024-07-15,minimum_volatility,-0.002756108270946145,-0.05107935012759246,0.09655899775211237
2024-07-16,minimum_volatility,0.00748060659911578,-0.04398084805211977,0.1003348008122758
2024-07-17,minimum_volatility,0.0013057727988239121,-0.04273250424835151,0.09960817523643975
2024-07-18,minimum_volatility,0.004846402819421125,-0.03809320035800057,0.09952681082310294
2024-07-19,minimum_volatility,-0.0034390487568244366,-0.04140124474149032,0.1002589105311887
2024-07-22,minimum_volatility,-0.0018217180821122224,-0.04314754142743493,0.09093645075884049
2024-07-23,minimum_volatility,-0.017252114043928127,-0.05965526916594188,0.10826882288862745
2024-07-24,minimum_volatility,-0.0038006668317409173,-0.0632292061948253,0.10526064722661249
2024-07-25,minimum_volatility,-0.007132699433111501,-0.06991091070475486,0.10354707824451242
2024-07-26,minimum_volatility,0.006872892238053874,-0.06351850862223896,0.10690129734461291
2024-07-29,minimum_volatility,-0.004036435531714667,-0.06729855578882926,0.10690728321948027
2024-07-30,minimum_volatility,-0.0016815918318613622,-0.06886697891898008,0.10634922482224031
2024-07-31,minimum_volatility,0.022687914487065666,-0.047741512560610655,0.1347342176135899
2024-08-01,minimum_volatility,-0.004140566656973798,-0.05168440230252247,0.1344448582479939
2024-08-02,minimum_volatility,-0.0071419038910579555,-0.058457181159669025,0.1370860395404427
2024-08-05,minimum_volatility,-0.015607482784806748,-0.0731522944958779,0.14500014892993715
2024-08-06,minimum_volatility,0.0031986951944017903,-0.07018759119433948,0.14186704005468817
2024-08-07,minimum_volatility,-0.00012853880940857376,-0.0703071081743406,0.1418728510772675
2024-08-08,minimum_volatility,-0.00047825298407297987,-0.0707517365741277,0.1336145662091163
2024-08-09,minimum_volatility,-0.003101632089736662,-0.07363392280730152,0.13359531572852956
2024-08-12,minimum_volatility,4.813886549024362e-05,-0.07358932859531675,0.133562525138423
2024-08-13,minimum_volatility,0.004646100300785561,-0.0692851316962525,0.1314916108604592
2024-08-14,minimum_volatility,-0.007867818913412351,-0.07660782774008679,0.13309543234512797
2024-08-15,minimum_volatility,0.004681391218331199,-0.0722850677337934,0.1329879372588085
2024-08-16,minimum_volatility,-0.0013051567244133366,-0.07349588111597927,0.13284938839725324
2024-08-19,minimum_volatility,0.002955091919135922,-0.07075797628121894,0.13385438758695145
2024-08-20,minimum_volatility,-0.007279791237800382,-0.0775226642232828,0.12241087009272385
2024-08-21,minimum_volatility,-0.0019998249128615254,-0.07936745738091922,0.12201713743726213
2024-08-22,minimum_volatility,-0.004928926336529349,-0.08390518736650032,0.12075408984396505
2024-08-23,minimum_volatility,0.0006736248954095636,-0.08328808309415481,0.11753922130678127
2024-08-26,minimum_volatility,0.0012698494421762296,-0.08212399697783557,0.11725410285653455
2024-08-27,minimum_volatility,-0.005460777591867983,-0.08713631368725239,0.1184033843082778
2024-08-28,minimum_volatility,-0.001233057341721322,-0.08826192695765112,0.07887505667844494
2024-08-29,minimum_volatility,0.004106821073638712,-0.08451758182564195,0.08151707855973248
2024-08-30,minimum_volatility,0.011188101288517504,-0.07427507180325021,0.09086073393712979
2024-09-02,minimum_volatility,-0.014524487262904806,-0.08772075173179739,0.08857741900583573
2024-09-03,minimum_volatility,0.006065100336502294,-0.08218768655614195,0.09083930112469567
2024-09-04,minimum_volatility,-0.0032008721583257848,-0.08512548643681295,0.09126633171337607
2024-09-05,minimum_volatility,0.004412906842087683,-0.08108823043625824,0.09311862484553854
2024-09-06,minimum_volatility,-0.0077563769189039405,-0.08821565647621166,0.09622905053907646
2024-09-09,minimum_volatility,-0.0048633087262208935,-0.09264994523050252,0.09724538953675385
2024-09-10,minimum_volatility,0.0012636040008090711,-0.09150341407116136,0.0953537523679718
2024-09-11,minimum_volatility,0.0035772626005138087,-0.08825348321162374,0.09335690621997443
2024-09-12,minimum_volatility,-0.0026701873661670655,-0.0906880172418989,0.09144978655848895
2024-09-13,minimum_volatility,-0.0021572524903108905,-0.09264963278117333,0.09153926283323521
2024-09-18,minimum_volatility,0.0006900698480594602,-0.09202349765112994,0.09058011009456722
2024-09-19,minimum_volatility,0.0061611097645534185,-0.08642935475652314,0.09106299560278629
2024-09-20,minimum_volatility,4.844930573832989e-05,-0.0863850928930181,0.09089650692152032
2024-09-23,minimum_volatility,0.0013519540070560776,-0.08514992755844863,0.08943806872591309
2024-09-24,minimum_volatility,0.030060499320573024,-0.057649077577393126,0.139451445768525
2024-09-25,minimum_volatility,0.009330710228430305,-0.04885627418677374,0.1422465138948554
2024-09-26,minimum_volatility,0.030836374214137922,-0.01952645032616762,0.172698230722722
2024-09-27,minimum_volatility,0.0498001948079861,0.029301323451666805,0.2367506559584325
2024-09-30,minimum_volatility,0.07851642233544942,0.11011838087423476,0.3488702273892142
2024-10-08,minimum_volatility,0.057847976559137156,0.17433648294891468,0.38823792848084115
2024-10-09,minimum_volatility,-0.06618871840684026,0.09660865616412972,0.47014843201072404
2024-10-10,minimum_volatility,-0.003604667662405104,0.09265574640294139,0.4723757585994372
2024-10-11,minimum_volatility,-0.02227957555708433,0.06831184014307468,0.4837224263636509
2024-10-14,minimum_volatility,0.016056051530915515,0.08546471009949919,0.4842726565184088
2024-10-15,minimum_volatility,-0.017618856971656795,0.06634006262447523,0.489976794676813
2024-10-16,minimum_volatility,-0.0029758871752742387,0.06316675490763002,0.4893492725701914
2024-10-17,minimum_volatility,-0.003513286030953422,0.05943154599903888,0.4905657862450724
2024-10-18,minimum_volatility,0.03468475795819473,0.09617767274529165,0.4990622753885685
2024-10-21,minimum_volatility,0.005577597028177928,0.10229171007515081,0.4972019470878279
2024-10-22,minimum_volatility,0.003576486726727346,0.10623404174521633,0.4957368248578666
2024-10-23,minimum_volatility,0.0014745180272382585,0.10786520378211417,0.4955404440055951
2024-10-24,minimum_volatility,-0.008831066242624442,0.09808157277961582,0.5001008272756977
2024-10-25,minimum_volatility,0.01083931684647288,0.10998402687024744,0.4988017565570601
2024-10-28,minimum_volatility,0.002684827595033368,0.11296414261563492,0.4985088567206129
2024-10-29,minimum_volatility,-0.006747112197343564,0.10545484867378696,0.49628757672844453
2024-10-30,minimum_volatility,-0.0013794982511826203,0.10392987564328005,0.4974968295036935
2024-10-31,minimum_volatility,0.0021643954490717433,0.10631921644221665,0.4903524682488782
2024-11-01,minimum_volatility,-0.006448660136709239,0.09918493981267029,0.46444615580842447
2024-11-04,minimum_volatility,0.010350168825269646,0.11056168950992529,0.3727733007626715
2024-11-05,minimum_volatility,0.02156148170193466,0.13450704505716327,0.31645205220280015
2024-11-06,minimum_volatility,-0.003724065543507682,0.13028206646179918,0.20535272327596454
2024-11-07,minimum_volatility,0.01425272260068391,0.14639166321560704,0.20910746488916276
2024-11-08,minimum_volatility,-0.003944362480339737,0.1418698789514452,0.18951795813422453
2024-11-11,minimum_volatility,0.010739273533637529,0.15413273192132637,0.18571099405999475
2024-11-12,minimum_volatility,-0.007633056510066384,0.14532317155845353,0.17391745106604195
2024-11-13,minimum_volatility,0.002610209458108637,0.14831270493344628,0.17222311417104333
2024-11-14,minimum_volatility,-0.020324337546934412,0.12497400990894558,0.19113900886832585
2024-11-15,minimum_volatility,-0.016062339270005048,0.10690429569185023,0.16257440440966447
2024-11-18,minimum_volatility,-0.006493874612821494,0.09971619798723386,0.16325562877685224
2024-11-19,minimum_volatility,0.013919643012666795,0.11502385487846345,0.1702936837474586
2024-11-20,minimum_volatility,0.003480291251846457,0.11890446264619703,0.1706022233642979
2024-11-21,minimum_volatility,0.002809725385554107,0.12204827691890374,0.16707947223412822
2024-11-22,minimum_volatility,-0.019715092811921207,0.09992699099999136,0.17835754432988554
2024-11-25,minimum_volatility,-0.00505384161101572,0.0943681342037963,0.17870022744258668
2024-11-26,minimum_volatility,-0.006509988809543944,0.08724380989660818,0.17859719654764938
2024-11-27,minimum_volatility,0.01460319288978842,0.1031210409707568,0.18670084356029207
2024-11-28,minimum_volatility,-0.0071854995587435026,0.09519456521762071,0.18822620721013295
2024-11-29,minimum_volatility,0.012137590705744338,0.10848758859338781,0.1918816354257119
2024-12-02,minimum_volatility,0.0065077630335985456,0.11570136314563872,0.18973582674426193
2024-12-03,minimum_volatility,0.0006546229289895677,0.11643172683985892,0.1723809386933069
2024-12-04,minimum_volatility,-0.005108351998208161,0.11072860059719347,0.17276766599366844
2024-12-05,minimum_volatility,0.0008522356136287934,0.1116752030676984,0.1635694083301615
2024-12-06,minimum_volatility,0.008818117587732634,0.12147808572771601,0.16725707271455786
2024-12-09,minimum_volatility,-0.0017821000017389517,0.11947949962919036,0.1615606871607103
2024-12-10,minimum_volatility,0.006266175524995354,0.12649435467050085,0.16206519128440003
2024-12-11,minimum_volatility,0.0024924335482180205,0.12930206699195979,0.1620330621005358
2024-12-12,minimum_volatility,0.008425797214395559,0.13881733720223166,0.14753938435946753
2024-12-13,minimum_volatility,-0.014152335468838696,0.1227004122084161,0.14479971097414865
2024-12-16,minimum_volatility,-0.009337887858491723,0.1122167616605314,0.14702119057340862
2024-12-17,minimum_volatility,-0.002096468952533814,0.1098850337512225,0.13853195474256216
2024-12-18,minimum_volatility,0.0018698019594596273,0.11196029896210535,0.13808253584216296
2024-12-19,minimum_volatility,0.0006345153027231818,0.11266585478781743,0.1376531969325614
2024-12-20,minimum_volatility,0.00048222173295140445,0.11320240644450918,0.11718143448415844
2024-12-23,minimum_volatility,-0.0032201171884238765,0.10961776424132252,0.11617909858510342
2024-12-24,minimum_volatility,0.005831481727977827,0.11608847995853555,0.11423919915538709
2024-12-25,minimum_volatility,-0.002763250098398462,0.11300444835646872,0.10362569792777006
2024-12-26,minimum_volatility,0.002715702752054971,0.11602703759991995,0.09981890753312023
2024-12-27,minimum_volatility,0.0004972652742426086,0.11658199909083411,0.09066504404447845
2024-12-30,minimum_volatility,-5.367231847563936e-05,0.11652206954617483,0.08772663039634442
2024-12-31,minimum_volatility,-0.014904355963590344,0.09988102718045422,0.10245580340066131
2025-01-02,minimum_volatility,-0.018208036369256476,0.07985435343569725,0.11908802951612898
2025-01-03,minimum_volatility,-0.00821316954090412,0.0709853265514464,0.12116214908181665
2025-01-06,minimum_volatility,-0.002865862894202009,0.06791602944384789,0.11444929453789172
2025-01-07,minimum_volatility,0.0051268794124605275,0.07339110614944011,0.11754501670266893
2025-01-08,minimum_volatility,-0.002346462895334467,0.0708724337466784,0.1133408121743726
2025-01-09,minimum_volatility,0.0004346882382525895,0.07133792939829697,0.11236881097100904
2025-01-10,minimum_volatility,-0.007641985122920181,0.0631507808802152,0.10572265252843176
2025-01-13,minimum_volatility,0.00017579302905454947,0.06333767537632773,0.09839381936306277
2025-01-14,minimum_volatility,0.02077471415391512,0.08542821163135961,0.12569712176481943
2025-01-15,minimum_volatility,-0.005213460969314233,0.07976937401502693,0.1264802559104241
2025-01-16,minimum_volatility,0.0025083881624528904,0.08247785473098523,0.12671558385432213
2025-01-17,minimum_volatility,0.004412989483146679,0.08725481811965219,0.1281868507925163
2025-01-20,minimum_volatility,0.005215070411123124,0.092924928550979,0.13006036626076226
2025-01-21,minimum_volatility,0.0018305041808369892,0.09492553220203259,0.1300942509016787
2025-01-22,minimum_volatility,-0.0018834833931078657,0.09286325814544028,0.1278719951571512
2025-01-23,minimum_volatility,-0.000977633825200619,0.0917948380579583,0.12770612736082326
2025-01-24,minimum_volatility,0.008182172079194762,0.10072809129812521,0.13120264823895894
2025-01-27,minimum_volatility,-0.008819566184305972,0.09102014704599659,0.1342477978195182
2025-02-05,minimum_volatility,0.006968319851994509,0.09862272439558328,0.13726980097808383
2025-02-06,minimum_volatility,0.011919966027273566,0.11171826994716927,0.13361710893460255
2025-02-07,minimum_volatility,0.0116476492118198,0.1246671743778851,0.11922253367001902
2025-02-10,minimum_volatility,0.0057788109825489984,0.1311664133968924,0.1134335917100741
2025-02-11,minimum_volatility,-0.0023879686701679505,0.12846522344095423,0.11313143745688899
2025-02-12,minimum_volatility,0.006852927655753649,0.136198513979229,0.11376938455126938
2025-02-13,minimum_volatility,-0.00198884865630391,0.13393878709140683,0.11355872926214965
2025-02-14,minimum_volatility,0.007478809817049293,0.14241929962423905,0.11428958228944712
2025-02-17,minimum_volatility,-0.0027091855372111118,0.13932427378026624,0.1092912823615039
2025-02-18,minimum_volatility,-0.007257919864362128,0.13105514950164654,0.1152998316258906
2025-02-19,minimum_volatility,0.010187018044830597,0.14257722871931855,0.09872780406227678
2025-02-20,minimum_volatility,0.0001002134030327451,0.1426917302716364,0.0948863409690538
2025-02-21,minimum_volatility,0.009689616465815542,0.15376397487662774,0.09791614472554218
2025-02-24,minimum_volatility,-0.003064669869486503,0.15022806918632425,0.10026902807300386
2025-02-25,minimum_volatility,-0.0061464322933902915,0.14315827023711347,0.10470893786668033
2025-02-26,minimum_volatility,0.004701516462279321,0.14853284766362385,0.10504450411484897
2025-02-27,minimum_volatility,-0.0017747663149866755,0.1464944702539348,0.10498621179140133
2025-02-28,minimum_volatility,-0.018360155694290038,0.12544465327743004,0.12804448345407504
2025-03-03,minimum_volatility,0.0028331680570858444,0.12863322711911374,0.12575709353205916
2025-03-04,minimum_volatility,0.002638445191680039,0.13161106403037648,0.11999442936627552
2025-03-05,minimum_volatility,0.002834604120995654,0.13481873341584127,0.11854668112440062
2025-03-06,minimum_volatility,0.009575861800980023,0.14568560077619463,0.11612008752856355
2025-03-07,minimum_volatility,-0.0049275241660113435,0.14004020729171862,0.1117929926166931
2025-03-10,minimum_volatility,-0.0009577558242381377,0.13894832714331917,0.1102832329152427
2025-03-11,minimum_volatility,-1.9865261803088105e-06,0.13894606459264924,0.10981725491109381
2025-03-12,minimum_volatility,5.6674505574072644e-05,0.1390106137977356,0.10720928542833268
2025-03-13,minimum_volatility,-0.0035041928879767648,0.1350193009055356,0.10774298371231045
2025-03-14,minimum_volatility,0.017782690020036695,0.15520299730029752,0.12235773627367642
2025-03-17,minimum_volatility,-0.0020380079795491836,0.1528486843738004,0.12214109331974236
2025-03-18,minimum_volatility,0.004096918240337155,0.15757181117716024,0.11904056010446734
2025-03-19,minimum_volatility,0.0008974128463647537,0.1586106309911004,0.11419276476225963
2025-03-20,minimum_volatility,-0.004495896774411113,0.15340163719242916,0.11568020002844392
2025-03-21,minimum_volatility,-0.011871568799280708,0.13970895030329622,0.11823220409307474
2025-03-24,minimum_volatility,0.0007292474009731542,0.14054008009317087,0.1179440316233411
2025-03-25,minimum_volatility,-0.0011769490442099517,0.13919772253602214,0.11603449787947054
2025-03-26,minimum_volatility,-0.0006502796092037855,0.13845692548620558,0.11461422381886252
2025-03-27,minimum_volatility,0.0023116506377372395,0.1410886401640421,0.1148891032706609
2025-03-28,minimum_volatility,-0.0003079695884326211,0.14073721956516572,0.09281663002868462
2025-03-31,minimum_volatility,-0.0034695977891564312,0.13677932023015393,0.09358071759453507
2025-04-01,minimum_volatility,0.002079083434353302,0.13914277928335994,0.09342229207720791
2025-04-02,minimum_volatility,-0.000334489843711272,0.13876174759315263,0.0929798027767534
2025-04-03,minimum_volatility,-0.003843922487404217,0.13438443570378356,0.08702362611393914
2025-04-07,minimum_volatility,-0.06441447047237413,0.0613136629658213,0.24326253418917737
2025-04-08,minimum_volatility,0.007809235095132605,0.06960171086959788,0.24642646601204798
2025-04-09,minimum_volatility,0.011290858840388563,0.08167843280246467,0.25146794376629583
2025-04-10,minimum_volatility,0.016564708394634173,0.09959612061860224,0.2603241385189076
2025-04-11,minimum_volatility,0.008260020752351327,0.10867880739411695,0.2625390315649388
2025-04-14,minimum_volatility,0.0037071686280986784,0.1127888666875263,0.25376277753293114
2025-04-15,minimum_volatility,-0.0009472540451221257,0.11173477293218981,0.25377548701603736
2025-04-16,minimum_volatility,0.001275339709204682,0.11315261243421393,0.25311915964717024
2025-04-17,minimum_volatility,0.002122789644810319,0.11551560127298299,0.2533315264188165
2025-04-18,minimum_volatility,0.0015467321216110273,0.11724100508563007,0.2533765934036366
2025-04-21,minimum_volatility,0.009923345697875363,0.12832777380693638,0.2533161189407009
2025-04-22,minimum_volatility,0.005421555296889658,0.13444506522564725,0.2541339787048935
2025-04-23,minimum_volatility,-0.009533102922789239,0.12363028365860096,0.2563071720711415
2025-04-24,minimum_volatility,-8.476090251274822e-05,0.12353504374166735,0.256312374323056
2025-04-25,minimum_volatility,0.000768368786770823,0.12439833300012149,0.256143837212832
2025-04-28,minimum_volatility,-0.004528087411966331,0.11930695906242783,0.2565159672356077
2025-04-29,minimum_volatility,0.0010769111800796205,0.12051235324058318,0.25640059310484176
2025-04-30,minimum_volatility,0.0016987990483977367,0.12241587855998604,0.2563515977184252
2025-05-06,minimum_volatility,0.013494505522865487,0.13756232583216566,0.2612034019798815
2025-05-07,minimum_volatility,0.0040766000557658005,0.14219971247309005,0.26113819569546237
2025-05-08,minimum_volatility,0.0029971175244064784,0.14562301924771526,0.09703029286904806
2025-05-09,minimum_volatility,-0.0044045578332028825,0.14057705640439022,0.10005401560081614
2025-05-12,minimum_volatility,0.006156353578720354,0.14759885204739165,0.09615592498745155
2025-05-13,minimum_volatility,-0.0023067249564896475,0.1449516571353351,0.08326261059005305
2025-05-14,minimum_volatility,0.0041106442868379615,0.14965814612344408,0.08040238375677188
2025-05-15,minimum_volatility,-0.0146710084161914,0.13279150178592403,0.09901751343610768
2025-05-16,minimum_volatility,0.0012017017325288261,0.13415277929621405,0.0987765283716613
2025-05-19,minimum_volatility,0.0009482567787735708,0.1352282473573465,0.09877201124740766
2025-05-20,minimum_volatility,0.0032377000335943374,0.13890377589195269,0.09901896483219765
2025-05-21,minimum_volatility,0.009041514654296746,0.14920119107151364,0.10300475090588593
2025-05-22,minimum_volatility,-0.0032037526804503,0.14551943467524175,0.0991168962522928
2025-05-23,minimum_volatility,-0.005226762519419515,0.13953207662881462,0.09970122582600402
2025-05-26,minimum_volatility,-0.003269358663566746,0.13580653756167615,0.09386391904258837
2025-05-27,minimum_volatility,-0.004307441401226542,0.1309141174579993,0.09542977871105061
2025-05-28,minimum_volatility,-0.0011403134313666022,0.12962452090013987,0.09555776622097803
2025-05-29,minimum_volatility,0.005029115077066427,0.13530553260962286,0.09524217009473204
2025-05-30,minimum_volatility,-0.001194825491350438,0.13394904061878976,0.09547255546664055
2025-06-03,minimum_volatility,0.003676826773207842,0.13811837481079037,0.09602738844968566
2025-06-04,minimum_volatility,0.004933409843710491,0.14373317920438988,0.08509977698767758
2025-06-05,minimum_volatility,0.004433654859823166,0.1488040973727105,0.08531997012404571
2025-06-06,minimum_volatility,-0.00033774307995630974,0.14841609673859746,0.08474206842743147
2025-06-09,minimum_volatility,0.0015033333546652595,0.15014254896185908,0.08312358787432357
2025-06-10,minimum_volatility,-0.004930540323627609,0.14447172474628278,0.08230697776176311
2025-06-11,minimum_volatility,0.006226719451293184,0.15159802909621556,0.08483982568004388
2025-06-12,minimum_volatility,0.0025087033395617686,0.15448704691764203,0.08407337420292255
2025-06-13,minimum_volatility,-0.002606940611764941,0.15147736774927578,0.06431065912084716
2025-06-16,minimum_volatility,0.0023545523784384236,0.15418858152422787,0.06452977141764626
2025-06-17,minimum_volatility,-0.0028353850072292855,0.15091601252465892,0.0658635223623038
2025-06-18,minimum_volatility,0.0005574559644294652,0.1515575975203982,0.06517448255390307
2025-06-19,minimum_volatility,-0.007579997723871301,0.14282879355228695,0.06316233219889278
2025-06-20,minimum_volatility,-0.0035862305123457896,0.13873034606246248,0.06341201618960829
2025-06-23,minimum_volatility,0.003616575684707035,0.14284865054347007,0.062034619363644565
2025-06-24,minimum_volatility,0.0077960700366365605,0.15175837866438258,0.06623186899095417
2025-06-25,minimum_volatility,0.014157638118279393,0.16806455698920897,0.07891250222042888
2025-06-26,minimum_volatility,-0.0027609914330465335,0.16483954075411655,0.07987075241321545
2025-06-27,minimum_volatility,-0.001647346303880193,0.16292064664204187,0.07952662473048375
2025-06-30,minimum_volatility,0.00547547737093792,0.16928819232692693,0.08036689166961895
2025-07-01,minimum_volatility,0.0026572845338964203,0.17239532375606492,0.0800896662444515
2025-07-02,minimum_volatility,-0.0030408801656707893,0.16883021006972987,0.08055206772374829
2025-07-03,minimum_volatility,0.006948410195594824,0.17695172181829766,0.0824064646601605
2025-07-04,minimum_volatility,-0.0011245812129804023,0.1756281440233558,0.08265118769267296
2025-07-07,minimum_volatility,-0.004929236929457127,0.16983319436052668,0.08542933975298782
2025-07-08,minimum_volatility,0.010189770675596167,0.18175352633976072,0.08862950027115343
2025-07-09,minimum_volatility,-0.002949574729755411,0.1782678560016695,0.0882867354908398
2025-07-10,minimum_volatility,0.004139237722680345,0.1831449867586532,0.08880528754302199
2025-07-11,minimum_volatility,0.004051041604795791,0.18793795632451826,0.08812054084779315
2025-07-14,minimum_volatility,0.00047398203123647507,0.1885010175700399,0.088152571209266
2025-07-15,minimum_volatility,0.003242732096675494,0.19235500796664562,0.08683619034444791
2025-07-16,minimum_volatility,-0.0019331443046429308,0.1900500136738823,0.0877481559802114
2025-07-17,minimum_volatility,0.00763007108301359,0.19913017987055515,0.08298639557398761
2025-07-18,minimum_volatility,0.002738070427569217,0.20241348275486448,0.07989393444187462
2025-07-21,minimum_volatility,0.006374529772114768,0.21007830329907762,0.08089043795278353
2025-07-22,minimum_volatility,0.006251559511975757,0.21764317982630232,0.07982280303263632
2025-07-23,minimum_volatility,0.0009054819384982871,0.21874573373317086,0.06775650127686589
2025-07-24,minimum_volatility,0.003995691435126459,0.22361546562304535,0.06548841771605932
2025-07-25,minimum_volatility,-0.001968809968935914,0.22120639929618258,0.06576598865597234
2025-07-28,minimum_volatility,0.0030813599700248995,0.2249693758101119,0.06485098466986441
2025-07-29,minimum_volatility,0.0048930147980690295,0.2309631690931322,0.0654801240714188
2025-07-30,minimum_volatility,-0.004103301107377977,0.22591215655825092,0.0667575410685039
2025-07-31,minimum_volatility,-0.011051098257263204,0.2123644808613523,0.07977983878325712
2025-08-01,minimum_volatility,-0.001180024587106865,0.2109338609654008,0.07980422638112829
2025-08-04,minimum_volatility,0.005912548081286451,0.21809356564161653,0.07747844342123376
2025-08-05,minimum_volatility,0.0037887118513836525,0.2227085711698571,0.07165518919415316
2025-08-06,minimum_volatility,0.0039771962801925746,0.22757152315087348,0.06987139556250528
2025-08-07,minimum_volatility,-0.0014888195561906239,0.22574389066058376,0.07050422123828354
2025-08-08,minimum_volatility,-0.0008120658523015579,0.22474850590331097,0.07053941013929806
2025-08-11,minimum_volatility,0.004648456485214813,0.2304416960383342,0.07125823128470903
2025-08-12,minimum_volatility,0.0038579479087608396,0.23518867600641746,0.07146289139137463
2025-08-13,minimum_volatility,0.012363817232313324,0.2504603230439839,0.07921992609766298
2025-08-14,minimum_volatility,-0.004490524091331083,0.24484510083810118,0.08046409017700082
2025-08-15,minimum_volatility,0.010969298396435722,0.2585001782065355,0.08668615979056685
2025-08-18,minimum_volatility,0.010037026301742281,0.27113177759594165,0.0898872659445802
2025-08-19,minimum_volatility,-0.0026253222126720655,0.2677946471049857,0.09046738648340252
2025-08-20,minimum_volatility,0.006071724050612227,0.2754923463550505,0.09146463530067318
2025-08-21,minimum_volatility,-0.0010928815552454065,0.2740983842958624,0.09199087439154689
2025-08-22,minimum_volatility,0.015183180297095467,0.29344324978086456,0.1017126692557887
2025-08-25,minimum_volatility,0.014724380959572736,0.3124884009402258,0.1100475236017233
2025-08-26,minimum_volatility,-0.0016916733046565158,0.310268099349684,0.11139935276319521
2025-08-27,minimum_volatility,-0.007157468630383802,0.30088989653119613,0.11452062760920917
2025-08-28,minimum_volatility,0.016884366219501977,0.3228545979554789,0.11197203056259866
2025-08-29,minimum_volatility,0.0077009847442043545,0.3330418810331348,0.1105368588334969
2025-09-01,minimum_volatility,0.011336573321366396,0.3481540080579191,0.11288794785865128
2025-09-02,minimum_volatility,-0.01027410420752628,0.33430293329133787,0.12541174126294613
2025-09-03,minimum_volatility,-0.0008854368871085592,0.3331214922556247,0.12681229555692589
2025-09-04,minimum_volatility,-0.01761910343441484,0.30963308679293133,0.1475736246513533
2025-09-05,minimum_volatility,0.025961500008261938,0.3436331261865262,0.16688155021415912
2025-09-08,minimum_volatility,0.0012344619570875846,0.34529179016508627,0.16733360914032405
2025-09-09,minimum_volatility,-0.004500099374917111,0.3392378434210832,0.1703775236043696
2025-09-10,minimum_volatility,0.0018873129804870548,0.34176540438693137,0.16768039994761313
2025-09-11,minimum_volatility,0.022011783992481916,0.3713000546368814,0.17689277867210718
2025-09-12,minimum_volatility,-0.0023414763650076776,0.3680891879696153,0.17715321523900737
2025-09-15,minimum_volatility,0.0022560978472246254,0.3711757310414048,0.1759263224205677
2025-09-16,minimum_volatility,0.0053161548720468636,0.37846511358441304,0.17429846257594608
2025-09-17,minimum_volatility,0.00604617026395664,0.3867995483640687,0.17429494440511226
2025-09-18,minimum_volatility,-0.010453181263492574,0.37230308130888945,0.1811326774582651
2025-09-19,minimum_volatility,-6.306565429472477e-05,0.3722165361171761,0.17642719140630075
2025-09-22,minimum_volatility,0.007553722841887023,0.3825818795100593,0.17189495536088736
2025-09-23,minimum_volatility,0.0018731668732051346,0.3851716860862511,0.17116213848310255
2025-09-24,minimum_volatility,0.011525401857150343,0.4011363464095419,0.1695307185868555
2025-09-25,minimum_volatility,0.003736840190515434,0.406372169021197,0.1623140636234068
2025-09-26,minimum_volatility,-0.009442000050698464,0.39309320292999783,0.16722266598784252
2025-09-29,minimum_volatility,0.014682707920119454,0.4135475835341227,0.17003033265020562
2025-09-30,minimum_volatility,0.0046235465004007105,0.42008318651712173,0.16336521430455148
2025-10-09,minimum_volatility,0.017416291991472876,0.44481576994568517,0.17011664262952914
2025-10-10,minimum_volatility,-0.019614450116884362,0.4164765030979978,0.17360482450753612
2025-10-13,minimum_volatility,0.0012232700533804318,0.41820923638555474,0.15306420681796998
2025-10-14,minimum_volatility,-0.01216648200010866,0.40095461923868214,0.1619557968214392
2025-10-15,minimum_volatility,0.014982147385411529,0.42194392782438905,0.16616948227796843
2025-10-16,minimum_volatility,0.0010494654197770402,0.4234362088055026,0.16627399853471947
2025-10-17,minimum_volatility,-0.00986537906130751,0.40939347103604584,0.15615268018003842
2025-10-20,minimum_volatility,-0.0005644427548805907,0.40859794910254355,0.1557121808127049
2025-10-21,minimum_volatility,0.017498666043844757,0.43324653420393355,0.1657621279426616
2025-10-22,minimum_volatility,-0.01190114077738509,0.4161892654316732,0.1726847046774066
2025-10-23,minimum_volatility,-0.0009747551558644707,0.4148088276435138,0.17197999863746424
2025-10-24,minimum_volatility,0.012078028111515284,0.4318969284362122,0.17057220164162004
2025-10-27,minimum_volatility,0.008659568800791596,0.4442965384036477,0.17185442519506558
2025-10-28,minimum_volatility,-0.008996654365881906,0.43130270164579043,0.17555255550847365
2025-10-29,minimum_volatility,0.015102950124473935,0.4529195949617717,0.18180432016162817
2025-10-30,minimum_volatility,-0.007531276564475343,0.44197725566616897,0.18177540002269493
2025-10-31,minimum_volatility,-0.006941974965584351,0.4319670856563924,0.18397143981194514
2025-11-03,minimum_volatility,0.0009957314463269861,0.4333929403136856,0.17982360610175807
2025-11-04,minimum_volatility,-0.010356388840496233,0.4185481656625747,0.17740400723489683
2025-11-05,minimum_volatility,0.0019648789596844467,0.42133544110658394,0.17678179568102378
2025-11-06,minimum_volatility,0.011220895700721645,0.4372840978469801,0.16997096190318414
2025-11-07,minimum_volatility,-0.0008207762824887779,0.4361044091482691,0.15383521249306334
2025-11-10,minimum_volatility,0.002286395126433694,0.4393879112703958,0.15392642638398593
2025-11-11,minimum_volatility,-0.0033763777243133843,0.4345279939901363,0.1471284591776005
2025-11-12,minimum_volatility,-0.0019376793868282284,0.43174833866635365,0.13812907278691092
2025-11-13,minimum_volatility,0.01299120594481691,0.45034847619511775,0.14521947275200642
2025-11-14,minimum_volatility,-0.01387045496316346,0.4302314829751608,0.14980872908237444
2025-11-17,minimum_volatility,-0.006648489007554015,0.4207226046823427,0.15207049095080483
2025-11-18,minimum_volatility,-0.007747296926390247,0.40971584481383405,0.14054811837567704
2025-11-19,minimum_volatility,0.003987236172677911,0.4153367148234728,0.13509884416665757
2025-11-20,minimum_volatility,-0.005604993315502195,0.40740376199770223,0.13653597875333304
2025-11-21,minimum_volatility,-0.021850398665788754,0.37665142871432167,0.14856543939008998
2025-11-24,minimum_volatility,0.002070817847134143,0.37950222306218606,0.14411448040255423
2025-11-25,minimum_volatility,0.01139415542240041,0.3952204857973034,0.14953378159644662
2025-11-26,minimum_volatility,0.005878679153732479,0.40342253938202033,0.13940992908670494
2025-11-27,minimum_volatility,-0.001640192593270262,0.40112065612769743,0.13769659270154014
2025-11-28,minimum_volatility,0.005935595810237305,0.40943714202384607,0.13840812956205392
2025-12-01,minimum_volatility,0.008885709769954087,0.4219609914068636,0.14250573315252832
2025-12-02,minimum_volatility,-0.005152369797231483,0.4146345225418977,0.13881439943424217
2025-12-03,minimum_volatility,-0.004517553439328804,0.4082438354891953,0.13944016556678193
2025-12-04,minimum_volatility,0.0023818687742145125,0.4115980875074272,0.1330308804477882
2025-12-05,minimum_volatility,0.008624654914710473,0.42377263389044395,0.137233768645647
2025-12-08,minimum_volatility,0.007974818056574007,0.43512696159964936,0.14016238826798846
2025-12-09,minimum_volatility,-0.002791253720828091,0.4311211581282235,0.139996882983656
2025-12-10,minimum_volatility,0.002215113754306586,0.4342912542896724,0.14004278666505993
2025-12-11,minimum_volatility,-0.005660046174603451,0.426173099562563,0.1327780419405941
2025-12-12,minimum_volatility,0.007839923022401286,0.437354186879753,0.12667099771697485
2025-12-15,minimum_volatility,-0.0033667466632720353,0.43251497946713546,0.12481267398386654
2025-12-16,minimum_volatility,-0.01145810521805899,0.4161010721059555,0.12867750344000362
2025-12-17,minimum_volatility,0.015807000507646364,0.43848538247161284,0.13959819632901516
2025-12-18,minimum_volatility,-0.006691336248122726,0.42885999308948586,0.14031567849377946
2025-12-19,minimum_volatility,0.0037042341125292037,0.4341528250179163,0.11210177758101066
2025-12-22,minimum_volatility,0.012683656233747566,0.4523431264371014,0.11826121107378111
2025-12-23,minimum_volatility,0.004265137876483216,0.4585375701153185,0.11385737533294996
2025-12-24,minimum_volatility,0.005091038505703272,0.4659630410467903,0.11355799885179259
2025-12-25,minimum_volatility,0.0011302931778399026,0.46762000907105095,0.11273611177276252
2025-12-26,minimum_volatility,0.004168747563385544,0.47373814640784184,0.11216276055949649
2025-12-29,minimum_volatility,-0.005117970352490931,0.4661955982671915,0.11220047209535843
2025-12-30,minimum_volatility,-0.0013877011467199774,0.4641609569541605,0.10998886474576833
2025-12-31,minimum_volatility,-0.004653655214632569,0.45734725668176934,0.11009265446328147
2026-01-05,minimum_volatility,0.019407890947077334,0.4856312933114715,0.1267428569355559
2026-01-06,minimum_volatility,0.010552548954121256,0.5013084902619152,0.1281375493034487
2026-01-07,minimum_volatility,-0.0006289030767856918,0.5003643127331849,0.1270622696325507
2026-01-08,minimum_volatility,-0.0023705538587638574,0.49680761832208375,0.12684924379507695
2026-01-09,minimum_volatility,0.009173399415657358,0.5105384324533511,0.12918768674342734
2026-01-12,minimum_volatility,0.013569820256829023,0.5310361674727753,0.1308544501286472
2026-01-13,minimum_volatility,-0.006862497613657204,0.5205294354270704,0.13486088555422482
2026-01-14,minimum_volatility,0.004539349515296509,0.5274316499827705,0.13293266715918864
2026-01-15,minimum_volatility,-8.708057686934708e-05,0.5272986403535616,0.12192219126351553
2026-01-16,minimum_volatility,-0.0006614598583424725,0.5262883936112668,0.11420791972274887
2026-01-19,minimum_volatility,0.0027223402180554194,0.5304434698895459,0.10836137398764624
2026-01-20,minimum_volatility,-0.002844363146803164,0.5260903328855266,0.11063650834918137
2026-01-21,minimum_volatility,0.009847197870931313,0.5411180463623659,0.10781152216171963
2026-01-22,minimum_volatility,0.002126528332195887,0.5443952775512138,0.10774398563116128
2026-01-23,minimum_volatility,0.011769424312286891,0.562571920878606,0.112077699220558
2026-01-26,minimum_volatility,0.0005492948463541979,0.5634302335818022,0.11224021033418308
2026-01-27,minimum_volatility,0.002755412858680195,0.5677381293510628,0.11218896056247399
2026-01-28,minimum_volatility,0.0074953250787151765,0.5794888362688457,0.10878733298805196
2026-01-29,minimum_volatility,0.009759163776104196,0.5949033265045214,0.1089997336694857
2026-01-30,minimum_volatility,-0.018412995247635733,0.5655363791331551,0.13242816197661475
2026-02-02,minimum_volatility,-0.03911930214358668,0.5042936885010685,0.1902282365126446
2026-02-03,minimum_volatility,0.02500539711788075,0.5419091495639592,0.20639391977651175
2026-02-04,minimum_volatility,0.009931553817120232,0.5572227032639638,0.20840040146562808
2026-02-05,minimum_volatility,-0.015130018212617637,0.5336618954024783,0.2166621064060009
2026-02-06,minimum_volatility,-0.005040637454918829,0.5259312618093308,0.21568937950291545
2026-02-09,minimum_volatility,0.02068181231526256,0.5574902857720632,0.22272599403601898
2026-02-10,minimum_volatility,-0.001722173284836015,0.5548080176105148,0.22107547686346687
2026-02-11,minimum_volatility,-0.0001312134604108729,0.5546040058702495,0.22076350265167144
2026-02-12,minimum_volatility,0.004850398163873714,0.5621444542858731,0.2211439115254984
2026-02-13,minimum_volatility,-0.011622300876770032,0.5439887414251849,0.2257562635205919
2026-02-24,minimum_volatility,0.013214229299165091,0.5643913626897066,0.23005020874899645
2026-02-25,minimum_volatility,0.007611264146418462,0.5762983585795136,0.23060647855040847
2026-02-26,minimum_volatility,-0.0014807980247961263,0.5739641790836396,0.22881074744412586
2026-02-27,minimum_volatility,0.0004955298323957803,0.574744125289498,0.22879209492216387
2026-03-02,minimum_volatility,0.008375912323104596,0.5879340440142469,0.22699792178508493
2026-03-03,minimum_volatility,-0.01839132390546583,0.5587298346702647,0.2371204894503618
2026-03-04,minimum_volatility,-0.01228237692654326,0.5395849273141962,0.2407464550986077
2026-03-05,minimum_volatility,0.006152526212994625,0.5490572639366282,0.24017963103777634
2026-03-06,minimum_volatility,0.0013518266236674844,0.5511513207876031,0.2370822804740487
2026-03-09,minimum_volatility,-0.0050226240460094825,0.5433604708648159,0.22887274759851897
2026-03-10,minimum_volatility,0.012945857501166148,0.5633405955935644,0.18264306916423997
2026-03-11,minimum_volatility,0.003564505227382542,0.568913131318737,0.16143326272977976
2026-03-12,minimum_volatility,-0.004000997532963213,0.5626359137508972,0.15866691042162445
2026-03-13,minimum_volatility,-0.006426171178591256,0.5525941478793195,0.15028464547014447
2026-03-16,minimum_volatility,-0.0008661728067268279,0.5512493330485431,0.1489101055757907
2026-03-17,minimum_volatility,-0.010958789795173774,0.5342495176877606,0.13474387333739765
2026-03-18,minimum_volatility,0.0062433879271917014,0.5438284326037921,0.13690516408640754
2026-03-19,minimum_volatility,-0.019012621804485,0.5144762064836852,0.15212176908416353
2026-03-20,minimum_volatility,-0.0067128242548524465,0.5043097938714047,0.15149459877745577
2026-03-23,minimum_volatility,-0.040352123532767604,0.4436076992375535,0.2020022438468927
2026-03-24,minimum_volatility,0.014529016255698158,0.4645818989666268,0.20347447959266665
2026-03-25,minimum_volatility,0.01928577283654982,0.49282749277062,0.21557108009700796
2026-03-26,minimum_volatility,-0.01229312551467241,0.4744759770302369,0.21820826165258886
2026-03-27,minimum_volatility,0.006511280556141452,0.48407670378997136,0.22058005045073237
2026-03-30,minimum_volatility,0.0018145059882519246,0.4867695698560235,0.2173499952379916
2026-03-31,minimum_volatility,-0.009241697853620768,0.47302929471345645,0.2112057033513808
2026-04-01,minimum_volatility,0.016200575198748915,0.4968932165724218,0.21821809255981695
2026-04-02,minimum_volatility,-0.015440427303775506,0.4737805456804207,0.22184914427409297
2026-04-03,minimum_volatility,-0.0029046103868040516,0.46949978739956766,0.2214099889150752
2026-04-07,minimum_volatility,0.0011339299459289355,0.47116609721403635,0.2215974809293384
2026-04-08,minimum_volatility,0.035454416663674375,0.5233254330061343,0.2541481918400073
2026-04-09,minimum_volatility,-0.008402580319531339,0.5105255687025154,0.2547384622413076
2026-04-10,minimum_volatility,0.013222079440448686,0.5304978577687292,0.2600209797293874
2026-04-13,minimum_volatility,0.0011461010608540656,0.5322519629871527,0.25927889382592445
2026-04-14,minimum_volatility,0.012424348261507534,0.5512891949996839,0.2633124374164556
2026-04-15,minimum_volatility,-0.0029103857464154227,0.5467743450379885,0.2603492542254255
2026-04-16,minimum_volatility,0.012998297123199887,0.5668797775573351,0.2633999751641505
2026-04-17,minimum_volatility,0.001905641872687269,0.5698656892709153,0.2527034487970664
2026-04-20,minimum_volatility,0.0029212825704669544,0.5744517105469567,0.25064464785577956
2026-04-21,minimum_volatility,-0.0001583232776042331,0.5742024381917132,0.19389793023380528
2026-04-22,minimum_volatility,0.008707698011531685,0.5879101176325037,0.1909471217124045
2026-04-23,minimum_volatility,-0.0060177945784887004,0.5783544007354875,0.1853319743409769
2026-04-24,minimum_volatility,-0.006359174071259255,0.5683173703550723,0.18002064280668456
2026-04-27,minimum_volatility,0.0010659073459415636,0.5699890513609016,0.17970966297239055
2026-04-28,minimum_volatility,-0.008716030856772106,0.5563049783444456,0.18436343010896974
2026-04-29,minimum_volatility,0.009075311803388164,0.5704289312840867,0.18051154836967762
2026-04-30,minimum_volatility,0.0008609133522309077,0.5717809345197586,0.17403062843597328
2026-05-06,minimum_volatility,0.015665517847703783,0.5964036968021587,0.16635737987739996
2026-05-07,minimum_volatility,0.009177988209915533,0.6110554711096743,0.16517698970930544
2026-05-08,minimum_volatility,-0.0036046791070193374,0.605248133112716,0.1673605462546499
2026-05-11,minimum_volatility,0.011871837032537646,0.6243053773458156,0.1249191862885484
2026-05-12,minimum_volatility,-0.0008876503359943388,0.6228635621318572,0.11829948830219256
2026-05-13,minimum_volatility,0.011043187543312483,0.6407851488056877,0.11618767340756027
2026-05-14,minimum_volatility,-0.012844483426070828,0.6197101111561099,0.12978184478896473
2026-05-15,minimum_volatility,-0.010637670289784152,0.6024801690286015,0.13290498137824813
2026-05-18,minimum_volatility,-0.00376888673819078,0.5964406027713358,0.13333061484043962
2026-05-19,minimum_volatility,0.0025619938729951387,0.6005306738142364,0.12648347843667257
2026-05-20,minimum_volatility,-0.0014224927456556015,0.5982539305415364,0.1267513423997384
2026-05-21,minimum_volatility,-0.011011135273963578,0.5806553403101995,0.1333213277729792
2026-05-22,minimum_volatility,0.011408587256288528,0.5986883846822468,0.13907262147615373
2026-05-25,minimum_volatility,0.01159216342463143,0.6172206417025434,0.14159955151721149
2026-05-26,minimum_volatility,0.0005291366217340165,0.6180763723694922,0.13921194463652842
2026-05-27,minimum_volatility,-0.006971221673483252,0.6067964032930788,0.13967358589695675
2026-05-28,minimum_volatility,0.00047545451130355217,0.6075603618917707,0.1396995976497696
2026-05-29,minimum_volatility,-0.003399879746174816,0.6020948499766212,0.13590779594391592
2026-06-01,minimum_volatility,-0.009507438608787777,0.5868630315450134,0.1381332020817757
2026-06-02,minimum_volatility,0.010446701953622428,0.603440516676786,0.14253403508704465
2026-06-03,minimum_volatility,0.0032328696604716494,0.6086242308755216,0.13205601246074108
2026-06-04,minimum_volatility,-0.003660017148768669,0.6027366386045925,0.12857291325918446
2026-06-05,minimum_volatility,-0.012820466867788484,0.5821888066315717,0.13574485383996748
2026-06-08,minimum_volatility,-0.02504889304387661,0.5425567284390387,0.15264675867613672
2026-06-09,minimum_volatility,0.01742163222640274,0.5694305844502665,0.16829964507364156
2026-06-10,minimum_volatility,-0.015384458208562313,0.5452857452125519,0.16807227390323273
2026-06-11,minimum_volatility,-0.009859083887477539,0.530050643420378,0.16606104126301338
2026-06-12,minimum_volatility,0.01001952135052302,0.5453810185095098,0.16927305142526375
2026-06-15,minimum_volatility,0.028255928919896128,0.589047194722671,0.1996691943382385
2026-06-16,minimum_volatility,0.005633820738343287,0.5979996017625058,0.2005199290083049
2026-06-17,minimum_volatility,0.008780829773093713,0.6120313642430539,0.2028199460820555
2026-06-18,minimum_volatility,0.005693867093820893,0.6212100565821248,0.19886739489110608
2026-06-22,minimum_volatility,0.009306852640837061,0.6362984196785777,0.19759218320267974
2026-06-23,minimum_volatility,-0.02214397732701532,0.6000642645729843,0.21003848260388877
2026-06-24,minimum_volatility,0.0067867932682028394,0.6109235699524802,0.2115941349856963
2026-06-25,minimum_volatility,0.0066288630663343005,0.6216021617080256,0.21127496117662267
2026-06-26,minimum_volatility,-0.016184225347903668,0.5953577868982953,0.21946298370810313
2026-06-29,minimum_volatility,0.007292657044017004,0.6069921841006467,0.22073175553063915
2026-06-30,minimum_volatility,0.011693183302647592,0.6257830382752576,0.22113682107610957
2026-07-01,minimum_volatility,-0.00804553152617764,0.6127027495860893,0.22073910080031942
2026-07-02,minimum_volatility,-0.01937440383627516,0.581457595247737,0.23120260353948816
2026-07-03,minimum_volatility,0.006966088812801852,0.5924741693099127,0.2325020673842307
2026-07-06,minimum_volatility,-0.0062209280676824635,0.5825675020529932,0.22891039368553856
2026-07-07,minimum_volatility,-0.008333849031861762,0.569378623408153,0.2115767959983545
2026-07-08,minimum_volatility,-0.007072000698912052,0.5582799766865529,0.20400920876925013
2026-07-09,minimum_volatility,0.018800971368695584,0.5875771539126484,0.20650890700496946
2026-07-10,minimum_volatility,-0.014855391850657075,0.5639930731981251,0.21084784852776062
2026-07-13,minimum_volatility,-0.021633654243910862,0.5301581878126853,0.2228457706681767
2026-07-14,minimum_volatility,0.012017546899587539,0.5485469355985122,0.20159059413688307
2026-07-15,minimum_volatility,-0.004776187933067222,0.5411507844109185,0.20028354446184035
2026-07-16,minimum_volatility,-0.013970425303279766,0.5196202524962148,0.20072358737255266
2026-07-17,minimum_volatility,-0.03341639074810481,0.46884002835006755,0.2251160770380311
2026-07-20,minimum_volatility,0.0015345280650689078,0.4710940045966674,0.22028270746237932
2026-07-21,minimum_volatility,0.03271398784332775,0.5192193559794351,0.2486133980860504
2026-07-22,minimum_volatility,-0.006606971714743159,0.5091819166659888,0.24653456752936131
2026-07-23,minimum_volatility,0.0014139547351232464,0.5113158315832211,0.24447967728192382
2026-07-24,minimum_volatility,-0.017583643412349904,0.48474139291722285,0.24549837192167767
2026-07-27,minimum_volatility,0.01568332639111758,0.5080270767887463,0.25209649672014894
2026-07-28,minimum_volatility,-0.0287526538475386,0.4646672962571239,0.26142564957510284
2026-07-29,minimum_volatility,0.005964461404939936,0.47340324781672716,0.26403174822643055
2026-07-30,minimum_volatility,-0.01613018535414297,0.4496369803280471,0.26182929432591523
2026-07-31,minimum_volatility,0.014462217893559259,0.47060194620411244,0.26736767696648744
2026-08-03,minimum_volatility,-0.007405765965293697,0.4597110123624193,0.26754075394131843
2026-08-04,minimum_volatility,0.01834287716319805,0.48648631215595084,0.2782181917055371
2026-08-05,minimum_volatility,0.016489352429058225,0.5109975088380612,0.2856261188216167
2026-08-06,minimum_volatility,0.002708570764908358,0.5150901525163494,0.27609462784701433
2026-08-07,minimum_volatility,0.010647306064620832,0.5312217810856841,0.2754180428265637
2026-08-10,minimum_volatility,0.0026458237179204595,0.5352731239914772,0.26445961982435123
2026-08-11,minimum_volatility,-0.002115197514793743,0.5320257180950809,0.2608877447098104
2026-08-12,minimum_volatility,0.004960241317249193,0.5396249353610645,0.261014512871226
