date,symbol,asset_name,asset_class,close
2023-08-14,159915.SZ,创业板ETF,chinext,2.113
2023-08-15,159915.SZ,创业板ETF,chinext,2.096
2023-08-16,159915.SZ,创业板ETF,chinext,2.082
2023-08-17,159915.SZ,创业板ETF,chinext,2.094
2023-08-18,159915.SZ,创业板ETF,chinext,2.065
2023-08-21,159915.SZ,创业板ETF,chinext,2.035
2023-08-22,159915.SZ,创业板ETF,chinext,2.038
2023-08-23,159915.SZ,创业板ETF,chinext,1.987
2023-08-24,159915.SZ,创业板ETF,chinext,2.014
2023-08-25,159915.SZ,创业板ETF,chinext,1.991
2023-08-28,159915.SZ,创业板ETF,chinext,2.01
2023-08-29,159915.SZ,创业板ETF,chinext,2.067
2023-08-30,159915.SZ,创业板ETF,chinext,2.066
2023-08-31,159915.SZ,创业板ETF,chinext,2.052
2023-09-01,159915.SZ,创业板ETF,chinext,2.049
2023-09-04,159915.SZ,创业板ETF,chinext,2.067
2023-09-05,159915.SZ,创业板ETF,chinext,2.057
2023-09-06,159915.SZ,创业板ETF,chinext,2.049
2023-09-07,159915.SZ,创业板ETF,chinext,2.003
2023-09-08,159915.SZ,创业板ETF,chinext,1.998
2023-09-11,159915.SZ,创业板ETF,chinext,2.011
2023-09-12,159915.SZ,创业板ETF,chinext,1.998
2023-09-13,159915.SZ,创业板ETF,chinext,1.974
2023-09-14,159915.SZ,创业板ETF,chinext,1.96
2023-09-15,159915.SZ,创业板ETF,chinext,1.954
2023-09-18,159915.SZ,创业板ETF,chinext,1.968
2023-09-19,159915.SZ,创业板ETF,chinext,1.952
2023-09-20,159915.SZ,创业板ETF,chinext,1.936
2023-09-21,159915.SZ,创业板ETF,chinext,1.917
2023-09-22,159915.SZ,创业板ETF,chinext,1.964
2023-09-25,159915.SZ,创业板ETF,chinext,1.953
2023-09-26,159915.SZ,创业板ETF,chinext,1.938
2023-09-27,159915.SZ,创业板ETF,chinext,1.956
2023-09-28,159915.SZ,创业板ETF,chinext,1.953
2023-10-09,159915.SZ,创业板ETF,chinext,1.947
2023-10-10,159915.SZ,创业板ETF,chinext,1.938
2023-10-11,159915.SZ,创业板ETF,chinext,1.954
2023-10-12,159915.SZ,创业板ETF,chinext,1.968
2023-10-13,159915.SZ,创业板ETF,chinext,1.945
2023-10-16,159915.SZ,创业板ETF,chinext,1.906
2023-10-17,159915.SZ,创业板ETF,chinext,1.912
2023-10-18,159915.SZ,创业板ETF,chinext,1.887
2023-10-19,159915.SZ,创业板ETF,chinext,1.867
2023-10-20,159915.SZ,创业板ETF,chinext,1.85
2023-10-23,159915.SZ,创业板ETF,chinext,1.815
2023-10-24,159915.SZ,创业板ETF,chinext,1.832
2023-10-25,159915.SZ,创业板ETF,chinext,1.815
2023-10-26,159915.SZ,创业板ETF,chinext,1.829
2023-10-27,159915.SZ,创业板ETF,chinext,1.881
2023-10-30,159915.SZ,创业板ETF,chinext,1.926
2023-10-31,159915.SZ,创业板ETF,chinext,1.916
2023-11-01,159915.SZ,创业板ETF,chinext,1.908
2023-11-02,159915.SZ,创业板ETF,chinext,1.89
2023-11-03,159915.SZ,创业板ETF,chinext,1.918
2023-11-06,159915.SZ,创业板ETF,chinext,1.981
2023-11-07,159915.SZ,创业板ETF,chinext,1.967
2023-11-08,159915.SZ,创业板ETF,chinext,1.971
2023-11-09,159915.SZ,创业板ETF,chinext,1.967
2023-11-10,159915.SZ,创业板ETF,chinext,1.955
2023-11-13,159915.SZ,创业板ETF,chinext,1.958
2023-11-14,159915.SZ,创业板ETF,chinext,1.953
2023-11-15,159915.SZ,创业板ETF,chinext,1.963
2023-11-16,159915.SZ,创业板ETF,chinext,1.925
2023-11-17,159915.SZ,创业板ETF,chinext,1.934
2023-11-20,159915.SZ,创业板ETF,chinext,1.942
2023-11-21,159915.SZ,创业板ETF,chinext,1.931
2023-11-22,159915.SZ,创业板ETF,chinext,1.899
2023-11-23,159915.SZ,创业板ETF,chinext,1.911
2023-11-24,159915.SZ,创业板ETF,chinext,1.888
2023-11-27,159915.SZ,创业板ETF,chinext,1.878
2023-11-28,159915.SZ,创业板ETF,chinext,1.89
2023-11-29,159915.SZ,创业板ETF,chinext,1.867
2023-11-30,159915.SZ,创业板ETF,chinext,1.874
2023-12-01,159915.SZ,创业板ETF,chinext,1.881
2023-12-04,159915.SZ,创业板ETF,chinext,1.858
2023-12-05,159915.SZ,创业板ETF,chinext,1.823
2023-12-06,159915.SZ,创业板ETF,chinext,1.834
2023-12-07,159915.SZ,创业板ETF,chinext,1.829
2023-12-08,159915.SZ,创业板ETF,chinext,1.843
2023-12-11,159915.SZ,创业板ETF,chinext,1.868
2023-12-12,159915.SZ,创业板ETF,chinext,1.856
2023-12-13,159915.SZ,创业板ETF,chinext,1.822
2023-12-14,159915.SZ,创业板ETF,chinext,1.812
2023-12-15,159915.SZ,创业板ETF,chinext,1.802
2023-12-18,159915.SZ,创业板ETF,chinext,1.773
2023-12-19,159915.SZ,创业板ETF,chinext,1.781
2023-12-20,159915.SZ,创业板ETF,chinext,1.755
2023-12-21,159915.SZ,创业板ETF,chinext,1.787
2023-12-22,159915.SZ,创业板ETF,chinext,1.78
2023-12-25,159915.SZ,创业板ETF,chinext,1.783
2023-12-26,159915.SZ,创业板ETF,chinext,1.761
2023-12-27,159915.SZ,创业板ETF,chinext,1.763
2023-12-28,159915.SZ,创业板ETF,chinext,1.833
2023-12-29,159915.SZ,创业板ETF,chinext,1.842
2024-01-02,159915.SZ,创业板ETF,chinext,1.806
2024-01-03,159915.SZ,创业板ETF,chinext,1.787
2024-01-04,159915.SZ,创业板ETF,chinext,1.754
2024-01-05,159915.SZ,创业板ETF,chinext,1.728
2024-01-08,159915.SZ,创业板ETF,chinext,1.699
2024-01-09,159915.SZ,创业板ETF,chinext,1.706
2024-01-10,159915.SZ,创业板ETF,chinext,1.698
2024-01-11,159915.SZ,创业板ETF,chinext,1.732
2024-01-12,159915.SZ,创业板ETF,chinext,1.714
2024-01-15,159915.SZ,创业板ETF,chinext,1.698
2024-01-16,159915.SZ,创业板ETF,chinext,1.708
2024-01-17,159915.SZ,创业板ETF,chinext,1.656
2024-01-18,159915.SZ,创业板ETF,chinext,1.683
2024-01-19,159915.SZ,创业板ETF,chinext,1.669
2024-01-22,159915.SZ,创业板ETF,chinext,1.623
2024-01-23,159915.SZ,创业板ETF,chinext,1.642
2024-01-24,159915.SZ,创业板ETF,chinext,1.65
2024-01-25,159915.SZ,创业板ETF,chinext,1.675
2024-01-26,159915.SZ,创业板ETF,chinext,1.637
2024-01-29,159915.SZ,创业板ETF,chinext,1.58
2024-01-30,159915.SZ,创业板ETF,chinext,1.544
2024-01-31,159915.SZ,创业板ETF,chinext,1.533
2024-02-01,159915.SZ,创业板ETF,chinext,1.548
2024-02-02,159915.SZ,创业板ETF,chinext,1.508
2024-02-05,159915.SZ,创业板ETF,chinext,1.527
2024-02-06,159915.SZ,创业板ETF,chinext,1.623
2024-02-07,159915.SZ,创业板ETF,chinext,1.66
2024-02-08,159915.SZ,创业板ETF,chinext,1.681
2024-02-19,159915.SZ,创业板ETF,chinext,1.697
2024-02-20,159915.SZ,创业板ETF,chinext,1.696
2024-02-21,159915.SZ,创业板ETF,chinext,1.703
2024-02-22,159915.SZ,创业板ETF,chinext,1.71
2024-02-23,159915.SZ,创业板ETF,chinext,1.709
2024-02-26,159915.SZ,创业板ETF,chinext,1.704
2024-02-27,159915.SZ,创业板ETF,chinext,1.746
2024-02-28,159915.SZ,创业板ETF,chinext,1.701
2024-02-29,159915.SZ,创业板ETF,chinext,1.761
2024-03-01,159915.SZ,创业板ETF,chinext,1.775
2024-03-04,159915.SZ,创业板ETF,chinext,1.783
2024-03-05,159915.SZ,创业板ETF,chinext,1.78
2024-03-06,159915.SZ,创业板ETF,chinext,1.782
2024-03-07,159915.SZ,创业板ETF,chinext,1.742
2024-03-08,159915.SZ,创业板ETF,chinext,1.756
2024-03-11,159915.SZ,创业板ETF,chinext,1.84
2024-03-12,159915.SZ,创业板ETF,chinext,1.851
2024-03-13,159915.SZ,创业板ETF,chinext,1.841
2024-03-14,159915.SZ,创业板ETF,chinext,1.832
2024-03-15,159915.SZ,创业板ETF,chinext,1.833
2024-03-18,159915.SZ,创业板ETF,chinext,1.875
2024-03-19,159915.SZ,创业板ETF,chinext,1.853
2024-03-20,159915.SZ,创业板ETF,chinext,1.856
2024-03-21,159915.SZ,创业板ETF,chinext,1.846
2024-03-22,159915.SZ,创业板ETF,chinext,1.817
2024-03-25,159915.SZ,创业板ETF,chinext,1.781
2024-03-26,159915.SZ,创业板ETF,chinext,1.792
2024-03-27,159915.SZ,创业板ETF,chinext,1.742
2024-03-28,159915.SZ,创业板ETF,chinext,1.758
2024-03-29,159915.SZ,创业板ETF,chinext,1.768
2024-04-01,159915.SZ,创业板ETF,chinext,1.822
2024-04-02,159915.SZ,创业板ETF,chinext,1.808
2024-04-03,159915.SZ,创业板ETF,chinext,1.79
2024-04-08,159915.SZ,创业板ETF,chinext,1.758
2024-04-09,159915.SZ,创业板ETF,chinext,1.777
2024-04-10,159915.SZ,创业板ETF,chinext,1.739
2024-04-11,159915.SZ,创业板ETF,chinext,1.731
2024-04-12,159915.SZ,创业板ETF,chinext,1.713
2024-04-15,159915.SZ,创业板ETF,chinext,1.746
2024-04-16,159915.SZ,创业板ETF,chinext,1.713
2024-04-17,159915.SZ,创业板ETF,chinext,1.747
2024-04-18,159915.SZ,创业板ETF,chinext,1.738
2024-04-19,159915.SZ,创业板ETF,chinext,1.705
2024-04-22,159915.SZ,创业板ETF,chinext,1.703
2024-04-23,159915.SZ,创业板ETF,chinext,1.705
2024-04-24,159915.SZ,创业板ETF,chinext,1.719
2024-04-25,159915.SZ,创业板ETF,chinext,1.716
2024-04-26,159915.SZ,创业板ETF,chinext,1.774
2024-04-29,159915.SZ,创业板ETF,chinext,1.837
2024-04-30,159915.SZ,创业板ETF,chinext,1.816
2024-05-06,159915.SZ,创业板ETF,chinext,1.853
2024-05-07,159915.SZ,创业板ETF,chinext,1.85
2024-05-08,159915.SZ,创业板ETF,chinext,1.821
2024-05-09,159915.SZ,创业板ETF,chinext,1.856
2024-05-10,159915.SZ,创业板ETF,chinext,1.84
2024-05-13,159915.SZ,创业板ETF,chinext,1.817
2024-05-14,159915.SZ,创业板ETF,chinext,1.813
2024-05-15,159915.SZ,创业板ETF,chinext,1.797
2024-05-16,159915.SZ,创业板ETF,chinext,1.801
2024-05-17,159915.SZ,创业板ETF,chinext,1.824
2024-05-20,159915.SZ,创业板ETF,chinext,1.831
2024-05-21,159915.SZ,创业板ETF,chinext,1.818
2024-05-22,159915.SZ,创业板ETF,chinext,1.839
2024-05-23,159915.SZ,创业板ETF,chinext,1.811
2024-05-24,159915.SZ,创业板ETF,chinext,1.781
2024-05-27,159915.SZ,创业板ETF,chinext,1.792
2024-05-28,159915.SZ,创业板ETF,chinext,1.769
2024-05-29,159915.SZ,创业板ETF,chinext,1.772
2024-05-30,159915.SZ,创业板ETF,chinext,1.777
2024-05-31,159915.SZ,创业板ETF,chinext,1.772
2024-06-03,159915.SZ,创业板ETF,chinext,1.782
2024-06-04,159915.SZ,创业板ETF,chinext,1.806
2024-06-05,159915.SZ,创业板ETF,chinext,1.796
2024-06-06,159915.SZ,创业板ETF,chinext,1.785
2024-06-07,159915.SZ,创业板ETF,chinext,1.748
2024-06-11,159915.SZ,创业板ETF,chinext,1.752
2024-06-12,159915.SZ,创业板ETF,chinext,1.743
2024-06-13,159915.SZ,创业板ETF,chinext,1.742
2024-06-14,159915.SZ,创业板ETF,chinext,1.756
2024-06-17,159915.SZ,创业板ETF,chinext,1.768
2024-06-18,159915.SZ,创业板ETF,chinext,1.776
2024-06-19,159915.SZ,创业板ETF,chinext,1.753
2024-06-20,159915.SZ,创业板ETF,chinext,1.728
2024-06-21,159915.SZ,创业板ETF,chinext,1.723
2024-06-24,159915.SZ,创业板ETF,chinext,1.696
2024-06-25,159915.SZ,创业板ETF,chinext,1.666
2024-06-26,159915.SZ,创业板ETF,chinext,1.699
2024-06-27,159915.SZ,创业板ETF,chinext,1.67
2024-06-28,159915.SZ,创业板ETF,chinext,1.652
2024-07-01,159915.SZ,创业板ETF,chinext,1.65
2024-07-02,159915.SZ,创业板ETF,chinext,1.633
2024-07-03,159915.SZ,创业板ETF,chinext,1.629
2024-07-04,159915.SZ,创业板ETF,chinext,1.616
2024-07-05,159915.SZ,创业板ETF,chinext,1.623
2024-07-08,159915.SZ,创业板ETF,chinext,1.596
2024-07-09,159915.SZ,创业板ETF,chinext,1.62
2024-07-10,159915.SZ,创业板ETF,chinext,1.618
2024-07-11,159915.SZ,创业板ETF,chinext,1.654
2024-07-12,159915.SZ,创业板ETF,chinext,1.653
2024-07-15,159915.SZ,创业板ETF,chinext,1.64
2024-07-16,159915.SZ,创业板ETF,chinext,1.664
2024-07-17,159915.SZ,创业板ETF,chinext,1.663
2024-07-18,159915.SZ,创业板ETF,chinext,1.686
2024-07-19,159915.SZ,创业板ETF,chinext,1.692
2024-07-22,159915.SZ,创业板ETF,chinext,1.693
2024-07-23,159915.SZ,创业板ETF,chinext,1.64
2024-07-24,159915.SZ,创业板ETF,chinext,1.619
2024-07-25,159915.SZ,创业板ETF,chinext,1.614
2024-07-26,159915.SZ,创业板ETF,chinext,1.627
2024-07-29,159915.SZ,创业板ETF,chinext,1.604
2024-07-30,159915.SZ,创业板ETF,chinext,1.601
2024-07-31,159915.SZ,创业板ETF,chinext,1.658
2024-08-01,159915.SZ,创业板ETF,chinext,1.636
2024-08-02,159915.SZ,创业板ETF,chinext,1.609
2024-08-05,159915.SZ,创业板ETF,chinext,1.576
2024-08-06,159915.SZ,创业板ETF,chinext,1.597
2024-08-07,159915.SZ,创业板ETF,chinext,1.589
2024-08-08,159915.SZ,创业板ETF,chinext,1.582
2024-08-09,159915.SZ,创业板ETF,chinext,1.566
2024-08-12,159915.SZ,创业板ETF,chinext,1.563
2024-08-13,159915.SZ,创业板ETF,chinext,1.578
2024-08-14,159915.SZ,创业板ETF,chinext,1.555
2024-08-15,159915.SZ,创业板ETF,chinext,1.565
2024-08-16,159915.SZ,创业板ETF,chinext,1.561
2024-08-19,159915.SZ,创业板ETF,chinext,1.559
2024-08-20,159915.SZ,创业板ETF,chinext,1.539
2024-08-21,159915.SZ,创业板ETF,chinext,1.529
2024-08-22,159915.SZ,创业板ETF,chinext,1.516
2024-08-23,159915.SZ,创业板ETF,chinext,1.517
2024-08-26,159915.SZ,创业板ETF,chinext,1.515
2024-08-27,159915.SZ,创业板ETF,chinext,1.5
2024-08-28,159915.SZ,创业板ETF,chinext,1.501
2024-08-29,159915.SZ,创业板ETF,chinext,1.513
2024-08-30,159915.SZ,创业板ETF,chinext,1.552
2024-09-02,159915.SZ,创业板ETF,chinext,1.507
2024-09-03,159915.SZ,创业板ETF,chinext,1.525
2024-09-04,159915.SZ,创业板ETF,chinext,1.525
2024-09-05,159915.SZ,创业板ETF,chinext,1.536
2024-09-06,159915.SZ,创业板ETF,chinext,1.508
2024-09-09,159915.SZ,创业板ETF,chinext,1.513
2024-09-10,159915.SZ,创业板ETF,chinext,1.512
2024-09-11,159915.SZ,创业板ETF,chinext,1.528
2024-09-12,159915.SZ,创业板ETF,chinext,1.525
2024-09-13,159915.SZ,创业板ETF,chinext,1.509
2024-09-18,159915.SZ,创业板ETF,chinext,1.504
2024-09-19,159915.SZ,创业板ETF,chinext,1.519
2024-09-20,159915.SZ,创业板ETF,chinext,1.508
2024-09-23,159915.SZ,创业板ETF,chinext,1.501
2024-09-24,159915.SZ,创业板ETF,chinext,1.587
2024-09-25,159915.SZ,创业板ETF,chinext,1.61
2024-09-26,159915.SZ,创业板ETF,chinext,1.686
2024-09-27,159915.SZ,创业板ETF,chinext,1.86
2024-09-30,159915.SZ,创业板ETF,chinext,2.232
2024-10-08,159915.SZ,创业板ETF,chinext,2.678
2024-10-09,159915.SZ,创业板ETF,chinext,2.242
2024-10-10,159915.SZ,创业板ETF,chinext,2.174
2024-10-11,159915.SZ,创业板ETF,chinext,2.06
2024-10-14,159915.SZ,创业板ETF,chinext,2.116
2024-10-15,159915.SZ,创业板ETF,chinext,2.045
2024-10-16,159915.SZ,创业板ETF,chinext,2.0
2024-10-17,159915.SZ,创业板ETF,chinext,1.995
2024-10-18,159915.SZ,创业板ETF,chinext,2.156
2024-10-21,159915.SZ,创业板ETF,chinext,2.167
2024-10-22,159915.SZ,创业板ETF,chinext,2.175
2024-10-23,159915.SZ,创业板ETF,chinext,2.162
2024-10-24,159915.SZ,创业板ETF,chinext,2.132
2024-10-25,159915.SZ,创业板ETF,chinext,2.196
2024-10-28,159915.SZ,创业板ETF,chinext,2.188
2024-10-29,159915.SZ,创业板ETF,chinext,2.135
2024-10-30,159915.SZ,创业板ETF,chinext,2.111
2024-10-31,159915.SZ,创业板ETF,chinext,2.122
2024-11-01,159915.SZ,创业板ETF,chinext,2.084
2024-11-04,159915.SZ,创业板ETF,chinext,2.145
2024-11-05,159915.SZ,创业板ETF,chinext,2.249
2024-11-06,159915.SZ,创业板ETF,chinext,2.223
2024-11-07,159915.SZ,创业板ETF,chinext,2.306
2024-11-08,159915.SZ,创业板ETF,chinext,2.282
2024-11-11,159915.SZ,创业板ETF,chinext,2.349
2024-11-12,159915.SZ,创业板ETF,chinext,2.345
2024-11-13,159915.SZ,创业板ETF,chinext,2.372
2024-11-14,159915.SZ,创业板ETF,chinext,2.288
2024-11-15,159915.SZ,创业板ETF,chinext,2.204
2024-11-18,159915.SZ,创业板ETF,chinext,2.149
2024-11-19,159915.SZ,创业板ETF,chinext,2.215
2024-11-20,159915.SZ,创业板ETF,chinext,2.223
2024-11-21,159915.SZ,创业板ETF,chinext,2.223
2024-11-22,159915.SZ,创业板ETF,chinext,2.136
2024-11-25,159915.SZ,创业板ETF,chinext,2.132
2024-11-26,159915.SZ,创业板ETF,chinext,2.109
2024-11-27,159915.SZ,创业板ETF,chinext,2.165
2024-11-28,159915.SZ,创业板ETF,chinext,2.128
2024-11-29,159915.SZ,创业板ETF,chinext,2.179
2024-12-02,159915.SZ,创业板ETF,chinext,2.211
2024-12-03,159915.SZ,创业板ETF,chinext,2.198
2024-12-04,159915.SZ,创业板ETF,chinext,2.17
2024-12-05,159915.SZ,创业板ETF,chinext,2.177
2024-12-06,159915.SZ,创业板ETF,chinext,2.224
2024-12-09,159915.SZ,创业板ETF,chinext,2.206
2024-12-10,159915.SZ,创业板ETF,chinext,2.221
2024-12-11,159915.SZ,创业板ETF,chinext,2.218
2024-12-12,159915.SZ,创业板ETF,chinext,2.248
2024-12-13,159915.SZ,创业板ETF,chinext,2.193
2024-12-16,159915.SZ,创业板ETF,chinext,2.158
2024-12-17,159915.SZ,创业板ETF,chinext,2.159
2024-12-18,159915.SZ,创业板ETF,chinext,2.158
2024-12-19,159915.SZ,创业板ETF,chinext,2.171
2024-12-20,159915.SZ,创业板ETF,chinext,2.169
2024-12-23,159915.SZ,创业板ETF,chinext,2.147
2024-12-24,159915.SZ,创业板ETF,chinext,2.17
2024-12-25,159915.SZ,创业板ETF,chinext,2.156
2024-12-26,159915.SZ,创业板ETF,chinext,2.166
2024-12-27,159915.SZ,创业板ETF,chinext,2.163
2024-12-30,159915.SZ,创业板ETF,chinext,2.165
2024-12-31,159915.SZ,创业板ETF,chinext,2.102
2025-01-02,159915.SZ,创业板ETF,chinext,2.019
2025-01-03,159915.SZ,创业板ETF,chinext,1.978
2025-01-06,159915.SZ,创业板ETF,chinext,1.976
2025-01-07,159915.SZ,创业板ETF,chinext,1.99
2025-01-08,159915.SZ,创业板ETF,chinext,1.968
2025-01-09,159915.SZ,创业板ETF,chinext,1.971
2025-01-10,159915.SZ,创业板ETF,chinext,1.938
2025-01-13,159915.SZ,创业板ETF,chinext,1.942
2025-01-14,159915.SZ,创业板ETF,chinext,2.036
2025-01-15,159915.SZ,创业板ETF,chinext,1.999
2025-01-16,159915.SZ,创业板ETF,chinext,2.01
2025-01-17,159915.SZ,创业板ETF,chinext,2.026
2025-01-20,159915.SZ,创业板ETF,chinext,2.062
2025-01-21,159915.SZ,创业板ETF,chinext,2.07
2025-01-22,159915.SZ,创业板ETF,chinext,2.059
2025-01-23,159915.SZ,创业板ETF,chinext,2.052
2025-01-24,159915.SZ,创业板ETF,chinext,2.084
2025-01-27,159915.SZ,创业板ETF,chinext,2.028
2025-02-05,159915.SZ,创业板ETF,chinext,2.024
2025-02-06,159915.SZ,创业板ETF,chinext,2.08
2025-02-07,159915.SZ,创业板ETF,chinext,2.131
2025-02-10,159915.SZ,创业板ETF,chinext,2.142
2025-02-11,159915.SZ,创业板ETF,chinext,2.113
2025-02-12,159915.SZ,创业板ETF,chinext,2.15
2025-02-13,159915.SZ,创业板ETF,chinext,2.135
2025-02-14,159915.SZ,创业板ETF,chinext,2.174
2025-02-17,159915.SZ,创业板ETF,chinext,2.182
2025-02-18,159915.SZ,创业板ETF,chinext,2.14
2025-02-19,159915.SZ,创业板ETF,chinext,2.185
2025-02-20,159915.SZ,创业板ETF,chinext,2.184
2025-02-21,159915.SZ,创业板ETF,chinext,2.239
2025-02-24,159915.SZ,创业板ETF,chinext,2.221
2025-02-25,159915.SZ,创业板ETF,chinext,2.197
2025-02-26,159915.SZ,创业板ETF,chinext,2.223
2025-02-27,159915.SZ,创业板ETF,chinext,2.212
2025-02-28,159915.SZ,创业板ETF,chinext,2.128
2025-03-03,159915.SZ,创业板ETF,chinext,2.154
2025-03-04,159915.SZ,创业板ETF,chinext,2.149
2025-03-05,159915.SZ,创业板ETF,chinext,2.149
2025-03-06,159915.SZ,创业板ETF,chinext,2.191
2025-03-07,159915.SZ,创业板ETF,chinext,2.16
2025-03-10,159915.SZ,创业板ETF,chinext,2.159
2025-03-11,159915.SZ,创业板ETF,chinext,2.159
2025-03-12,159915.SZ,创业板ETF,chinext,2.149
2025-03-13,159915.SZ,创业板ETF,chinext,2.125
2025-03-14,159915.SZ,创业板ETF,chinext,2.186
2025-03-17,159915.SZ,创业板ETF,chinext,2.173
2025-03-18,159915.SZ,创业板ETF,chinext,2.185
2025-03-19,159915.SZ,创业板ETF,chinext,2.178
2025-03-20,159915.SZ,创业板ETF,chinext,2.158
2025-03-21,159915.SZ,创业板ETF,chinext,2.112
2025-03-24,159915.SZ,创业板ETF,chinext,2.112
2025-03-25,159915.SZ,创业板ETF,chinext,2.105
2025-03-26,159915.SZ,创业板ETF,chinext,2.098
2025-03-27,159915.SZ,创业板ETF,chinext,2.103
2025-03-28,159915.SZ,创业板ETF,chinext,2.089
2025-03-31,159915.SZ,创业板ETF,chinext,2.064
2025-04-01,159915.SZ,创业板ETF,chinext,2.062
2025-04-02,159915.SZ,创业板ETF,chinext,2.064
2025-04-03,159915.SZ,创业板ETF,chinext,2.027
2025-04-07,159915.SZ,创业板ETF,chinext,1.775
2025-04-08,159915.SZ,创业板ETF,chinext,1.804
2025-04-09,159915.SZ,创业板ETF,chinext,1.823
2025-04-10,159915.SZ,创业板ETF,chinext,1.863
2025-04-11,159915.SZ,创业板ETF,chinext,1.892
2025-04-14,159915.SZ,创业板ETF,chinext,1.895
2025-04-15,159915.SZ,创业板ETF,chinext,1.893
2025-04-16,159915.SZ,创业板ETF,chinext,1.87
2025-04-17,159915.SZ,创业板ETF,chinext,1.873
2025-04-18,159915.SZ,创业板ETF,chinext,1.878
2025-04-21,159915.SZ,创业板ETF,chinext,1.908
2025-04-22,159915.SZ,创业板ETF,chinext,1.899
2025-04-23,159915.SZ,创业板ETF,chinext,1.919
2025-04-24,159915.SZ,创业板ETF,chinext,1.907
2025-04-25,159915.SZ,创业板ETF,chinext,1.92
2025-04-28,159915.SZ,创业板ETF,chinext,1.906
2025-04-29,159915.SZ,创业板ETF,chinext,1.903
2025-04-30,159915.SZ,创业板ETF,chinext,1.921
2025-05-06,159915.SZ,创业板ETF,chinext,1.958
2025-05-07,159915.SZ,创业板ETF,chinext,1.967
2025-05-08,159915.SZ,创业板ETF,chinext,2.001
2025-05-09,159915.SZ,创业板ETF,chinext,1.984
2025-05-12,159915.SZ,创业板ETF,chinext,2.037
2025-05-13,159915.SZ,创业板ETF,chinext,2.03
2025-05-14,159915.SZ,创业板ETF,chinext,2.054
2025-05-15,159915.SZ,创业板ETF,chinext,2.012
2025-05-16,159915.SZ,创业板ETF,chinext,2.008
2025-05-19,159915.SZ,创业板ETF,chinext,2.002
2025-05-20,159915.SZ,创业板ETF,chinext,2.018
2025-05-21,159915.SZ,创业板ETF,chinext,2.034
2025-05-22,159915.SZ,创业板ETF,chinext,2.016
2025-05-23,159915.SZ,创业板ETF,chinext,1.994
2025-05-26,159915.SZ,创业板ETF,chinext,1.977
2025-05-27,159915.SZ,创业板ETF,chinext,1.967
2025-05-28,159915.SZ,创业板ETF,chinext,1.959
2025-05-29,159915.SZ,创业板ETF,chinext,1.989
2025-05-30,159915.SZ,创业板ETF,chinext,1.972
2025-06-03,159915.SZ,创业板ETF,chinext,1.977
2025-06-04,159915.SZ,创业板ETF,chinext,2.0
2025-06-05,159915.SZ,创业板ETF,chinext,2.023
2025-06-06,159915.SZ,创业板ETF,chinext,2.017
2025-06-09,159915.SZ,创业板ETF,chinext,2.034
2025-06-10,159915.SZ,创业板ETF,chinext,2.012
2025-06-11,159915.SZ,创业板ETF,chinext,2.038
2025-06-12,159915.SZ,创业板ETF,chinext,2.04
2025-06-13,159915.SZ,创业板ETF,chinext,2.02
2025-06-16,159915.SZ,创业板ETF,chinext,2.037
2025-06-17,159915.SZ,创业板ETF,chinext,2.028
2025-06-18,159915.SZ,创业板ETF,chinext,2.034
2025-06-19,159915.SZ,创业板ETF,chinext,2.005
2025-06-20,159915.SZ,创业板ETF,chinext,1.988
2025-06-23,159915.SZ,创业板ETF,chinext,1.998
2025-06-24,159915.SZ,创业板ETF,chinext,2.044
2025-06-25,159915.SZ,创业板ETF,chinext,2.109
2025-06-26,159915.SZ,创业板ETF,chinext,2.093
2025-06-27,159915.SZ,创业板ETF,chinext,2.101
2025-06-30,159915.SZ,创业板ETF,chinext,2.133
2025-07-01,159915.SZ,创业板ETF,chinext,2.126
2025-07-02,159915.SZ,创业板ETF,chinext,2.104
2025-07-03,159915.SZ,创业板ETF,chinext,2.141
2025-07-04,159915.SZ,创业板ETF,chinext,2.133
2025-07-07,159915.SZ,创业板ETF,chinext,2.11
2025-07-08,159915.SZ,创业板ETF,chinext,2.159
2025-07-09,159915.SZ,创业板ETF,chinext,2.163
2025-07-10,159915.SZ,创业板ETF,chinext,2.169
2025-07-11,159915.SZ,创业板ETF,chinext,2.185
2025-07-14,159915.SZ,创业板ETF,chinext,2.177
2025-07-15,159915.SZ,创业板ETF,chinext,2.212
2025-07-16,159915.SZ,创业板ETF,chinext,2.206
2025-07-17,159915.SZ,创业板ETF,chinext,2.247
2025-07-18,159915.SZ,创业板ETF,chinext,2.252
2025-07-21,159915.SZ,创业板ETF,chinext,2.275
2025-07-22,159915.SZ,创业板ETF,chinext,2.289
2025-07-23,159915.SZ,创业板ETF,chinext,2.287
2025-07-24,159915.SZ,创业板ETF,chinext,2.325
2025-07-25,159915.SZ,创业板ETF,chinext,2.318
2025-07-28,159915.SZ,创业板ETF,chinext,2.342
2025-07-29,159915.SZ,创业板ETF,chinext,2.383
2025-07-30,159915.SZ,创业板ETF,chinext,2.345
2025-07-31,159915.SZ,创业板ETF,chinext,2.301
2025-08-01,159915.SZ,创业板ETF,chinext,2.303
2025-08-04,159915.SZ,创业板ETF,chinext,2.313
2025-08-05,159915.SZ,创业板ETF,chinext,2.32
2025-08-06,159915.SZ,创业板ETF,chinext,2.336
2025-08-07,159915.SZ,创业板ETF,chinext,2.32
2025-08-08,159915.SZ,创业板ETF,chinext,2.312
2025-08-11,159915.SZ,创业板ETF,chinext,2.357
2025-08-12,159915.SZ,创业板ETF,chinext,2.385
2025-08-13,159915.SZ,创业板ETF,chinext,2.473
2025-08-14,159915.SZ,创业板ETF,chinext,2.446
2025-08-15,159915.SZ,创业板ETF,chinext,2.509
2025-08-18,159915.SZ,创业板ETF,chinext,2.582
2025-08-19,159915.SZ,创业板ETF,chinext,2.575
2025-08-20,159915.SZ,创业板ETF,chinext,2.588
2025-08-21,159915.SZ,创业板ETF,chinext,2.572
2025-08-22,159915.SZ,创业板ETF,chinext,2.662
2025-08-25,159915.SZ,创业板ETF,chinext,2.737
2025-08-26,159915.SZ,创业板ETF,chinext,2.716
2025-08-27,159915.SZ,创业板ETF,chinext,2.696
2025-08-28,159915.SZ,创业板ETF,chinext,2.806
2025-08-29,159915.SZ,创业板ETF,chinext,2.865
2025-09-01,159915.SZ,创业板ETF,chinext,2.927
2025-09-02,159915.SZ,创业板ETF,chinext,2.848
2025-09-03,159915.SZ,创业板ETF,chinext,2.87
2025-09-04,159915.SZ,创业板ETF,chinext,2.751
2025-09-05,159915.SZ,创业板ETF,chinext,2.944
2025-09-08,159915.SZ,创业板ETF,chinext,2.908
2025-09-09,159915.SZ,创业板ETF,chinext,2.845
2025-09-10,159915.SZ,创业板ETF,chinext,2.875
2025-09-11,159915.SZ,创业板ETF,chinext,3.025
2025-09-12,159915.SZ,创业板ETF,chinext,2.995
2025-09-15,159915.SZ,创业板ETF,chinext,3.037
2025-09-16,159915.SZ,创业板ETF,chinext,3.059
2025-09-17,159915.SZ,创业板ETF,chinext,3.119
2025-09-18,159915.SZ,创业板ETF,chinext,3.067
2025-09-19,159915.SZ,创业板ETF,chinext,3.062
2025-09-22,159915.SZ,创业板ETF,chinext,3.082
2025-09-23,159915.SZ,创业板ETF,chinext,3.093
2025-09-24,159915.SZ,创业板ETF,chinext,3.16
2025-09-25,159915.SZ,创业板ETF,chinext,3.211
2025-09-26,159915.SZ,创业板ETF,chinext,3.129
2025-09-29,159915.SZ,创业板ETF,chinext,3.213
2025-09-30,159915.SZ,创业板ETF,chinext,3.217
2025-10-09,159915.SZ,创业板ETF,chinext,3.235
2025-10-10,159915.SZ,创业板ETF,chinext,3.095
2025-10-13,159915.SZ,创业板ETF,chinext,3.054
2025-10-14,159915.SZ,创业板ETF,chinext,2.934
2025-10-15,159915.SZ,创业板ETF,chinext,3.003
2025-10-16,159915.SZ,创业板ETF,chinext,3.014
2025-10-17,159915.SZ,创业板ETF,chinext,2.915
2025-10-20,159915.SZ,创业板ETF,chinext,2.971
2025-10-21,159915.SZ,创业板ETF,chinext,3.062
2025-10-22,159915.SZ,创业板ETF,chinext,3.039
2025-10-23,159915.SZ,创业板ETF,chinext,3.038
2025-10-24,159915.SZ,创业板ETF,chinext,3.147
2025-10-27,159915.SZ,创业板ETF,chinext,3.209
2025-10-28,159915.SZ,创业板ETF,chinext,3.205
2025-10-29,159915.SZ,创业板ETF,chinext,3.3
2025-10-30,159915.SZ,创业板ETF,chinext,3.239
2025-10-31,159915.SZ,创业板ETF,chinext,3.166
2025-11-03,159915.SZ,创业板ETF,chinext,3.176
2025-11-04,159915.SZ,创业板ETF,chinext,3.112
2025-11-05,159915.SZ,创业板ETF,chinext,3.142
2025-11-06,159915.SZ,创业板ETF,chinext,3.201
2025-11-07,159915.SZ,创业板ETF,chinext,3.185
2025-11-10,159915.SZ,创业板ETF,chinext,3.158
2025-11-11,159915.SZ,创业板ETF,chinext,3.113
2025-11-12,159915.SZ,创业板ETF,chinext,3.108
2025-11-13,159915.SZ,创业板ETF,chinext,3.182
2025-11-14,159915.SZ,创业板ETF,chinext,3.093
2025-11-17,159915.SZ,创业板ETF,chinext,3.084
2025-11-18,159915.SZ,创业板ETF,chinext,3.051
2025-11-19,159915.SZ,创业板ETF,chinext,3.057
2025-11-20,159915.SZ,创业板ETF,chinext,3.026
2025-11-21,159915.SZ,创业板ETF,chinext,2.904
2025-11-24,159915.SZ,创业板ETF,chinext,2.908
2025-11-25,159915.SZ,创业板ETF,chinext,2.961
2025-11-26,159915.SZ,创业板ETF,chinext,3.027
2025-11-27,159915.SZ,创业板ETF,chinext,3.012
2025-11-28,159915.SZ,创业板ETF,chinext,3.035
2025-12-01,159915.SZ,创业板ETF,chinext,3.073
2025-12-02,159915.SZ,创业板ETF,chinext,3.052
2025-12-03,159915.SZ,创业板ETF,chinext,3.019
2025-12-04,159915.SZ,创业板ETF,chinext,3.051
2025-12-05,159915.SZ,创业板ETF,chinext,3.089
2025-12-08,159915.SZ,创业板ETF,chinext,3.171
2025-12-09,159915.SZ,创业板ETF,chinext,3.188
2025-12-10,159915.SZ,创业板ETF,chinext,3.192
2025-12-11,159915.SZ,创业板ETF,chinext,3.146
2025-12-12,159915.SZ,创业板ETF,chinext,3.174
2025-12-15,159915.SZ,创业板ETF,chinext,3.12
2025-12-16,159915.SZ,创业板ETF,chinext,3.06
2025-12-17,159915.SZ,创业板ETF,chinext,3.164
2025-12-18,159915.SZ,创业板ETF,chinext,3.092
2025-12-19,159915.SZ,创业板ETF,chinext,3.107
2025-12-22,159915.SZ,创业板ETF,chinext,3.175
2025-12-23,159915.SZ,创业板ETF,chinext,3.185
2025-12-24,159915.SZ,创业板ETF,chinext,3.212
2025-12-25,159915.SZ,创业板ETF,chinext,3.222
2025-12-26,159915.SZ,创业板ETF,chinext,3.226
2025-12-29,159915.SZ,创业板ETF,chinext,3.205
2025-12-30,159915.SZ,创业板ETF,chinext,3.229
2025-12-31,159915.SZ,创业板ETF,chinext,3.186
2026-01-05,159915.SZ,创业板ETF,chinext,3.281
2026-01-06,159915.SZ,创业板ETF,chinext,3.303
2026-01-07,159915.SZ,创业板ETF,chinext,3.311
2026-01-08,159915.SZ,创业板ETF,chinext,3.287
2026-01-09,159915.SZ,创业板ETF,chinext,3.314
2026-01-12,159915.SZ,创业板ETF,chinext,3.371
2026-01-13,159915.SZ,创业板ETF,chinext,3.306
2026-01-14,159915.SZ,创业板ETF,chinext,3.332
2026-01-15,159915.SZ,创业板ETF,chinext,3.352
2026-01-16,159915.SZ,创业板ETF,chinext,3.346
2026-01-19,159915.SZ,创业板ETF,chinext,3.318
2026-01-20,159915.SZ,创业板ETF,chinext,3.263
2026-01-21,159915.SZ,创业板ETF,chinext,3.281
2026-01-22,159915.SZ,创业板ETF,chinext,3.315
2026-01-23,159915.SZ,创业板ETF,chinext,3.337
2026-01-26,159915.SZ,创业板ETF,chinext,3.305
2026-01-27,159915.SZ,创业板ETF,chinext,3.327
2026-01-28,159915.SZ,创业板ETF,chinext,3.307
2026-01-29,159915.SZ,创业板ETF,chinext,3.292
2026-01-30,159915.SZ,创业板ETF,chinext,3.335
2026-02-02,159915.SZ,创业板ETF,chinext,3.252
2026-02-03,159915.SZ,创业板ETF,chinext,3.313
2026-02-04,159915.SZ,创业板ETF,chinext,3.297
2026-02-05,159915.SZ,创业板ETF,chinext,3.238
2026-02-06,159915.SZ,创业板ETF,chinext,3.229
2026-02-09,159915.SZ,创业板ETF,chinext,3.321
2026-02-10,159915.SZ,创业板ETF,chinext,3.311
2026-02-11,159915.SZ,创业板ETF,chinext,3.273
2026-02-12,159915.SZ,创业板ETF,chinext,3.319
2026-02-13,159915.SZ,创业板ETF,chinext,3.265
2026-02-24,159915.SZ,创业板ETF,chinext,3.295
2026-02-25,159915.SZ,创业板ETF,chinext,3.344
2026-02-26,159915.SZ,创业板ETF,chinext,3.336
2026-02-27,159915.SZ,创业板ETF,chinext,3.301
2026-03-02,159915.SZ,创业板ETF,chinext,3.282
2026-03-03,159915.SZ,创业板ETF,chinext,3.205
2026-03-04,159915.SZ,创业板ETF,chinext,3.154
2026-03-05,159915.SZ,创业板ETF,chinext,3.206
2026-03-06,159915.SZ,创业板ETF,chinext,3.225
2026-03-09,159915.SZ,创业板ETF,chinext,3.201
2026-03-10,159915.SZ,创业板ETF,chinext,3.296
2026-03-11,159915.SZ,创业板ETF,chinext,3.335
2026-03-12,159915.SZ,创业板ETF,chinext,3.308
2026-03-13,159915.SZ,创业板ETF,chinext,3.3
2026-03-16,159915.SZ,创业板ETF,chinext,3.349
2026-03-17,159915.SZ,创业板ETF,chinext,3.273
2026-03-18,159915.SZ,创业板ETF,chinext,3.338
2026-03-19,159915.SZ,创业板ETF,chinext,3.303
2026-03-20,159915.SZ,创业板ETF,chinext,3.341
2026-03-23,159915.SZ,创业板ETF,chinext,3.228
2026-03-24,159915.SZ,创业板ETF,chinext,3.237
2026-03-25,159915.SZ,创业板ETF,chinext,3.307
2026-03-26,159915.SZ,创业板ETF,chinext,3.263
2026-03-27,159915.SZ,创业板ETF,chinext,3.293
2026-03-30,159915.SZ,创业板ETF,chinext,3.264
2026-03-31,159915.SZ,创业板ETF,chinext,3.182
2026-04-01,159915.SZ,创业板ETF,chinext,3.232
2026-04-02,159915.SZ,创业板ETF,chinext,3.164
2026-04-03,159915.SZ,创业板ETF,chinext,3.141
2026-04-07,159915.SZ,创业板ETF,chinext,3.151
2026-04-08,159915.SZ,创业板ETF,chinext,3.345
2026-04-09,159915.SZ,创业板ETF,chinext,3.32
2026-04-10,159915.SZ,创业板ETF,chinext,3.437
2026-04-13,159915.SZ,创业板ETF,chinext,3.468
2026-04-14,159915.SZ,创业板ETF,chinext,3.55
2026-04-15,159915.SZ,创业板ETF,chinext,3.511
2026-04-16,159915.SZ,创业板ETF,chinext,3.624
2026-04-17,159915.SZ,创业板ETF,chinext,3.67
2026-04-20,159915.SZ,创业板ETF,chinext,3.672
2026-04-21,159915.SZ,创业板ETF,chinext,3.681
2026-04-22,159915.SZ,创业板ETF,chinext,3.758
2026-04-23,159915.SZ,创业板ETF,chinext,3.728
2026-04-24,159915.SZ,创业板ETF,chinext,3.674
2026-04-27,159915.SZ,创业板ETF,chinext,3.652
2026-04-28,159915.SZ,创业板ETF,chinext,3.602
2026-04-29,159915.SZ,创业板ETF,chinext,3.694
2026-04-30,159915.SZ,创业板ETF,chinext,3.689
2026-05-06,159915.SZ,创业板ETF,chinext,3.786
2026-05-07,159915.SZ,创业板ETF,chinext,3.845
2026-05-08,159915.SZ,创业板ETF,chinext,3.806
2026-05-11,159915.SZ,创业板ETF,chinext,3.947
2026-05-12,159915.SZ,创业板ETF,chinext,3.94
2026-05-13,159915.SZ,创业板ETF,chinext,4.048
2026-05-14,159915.SZ,创业板ETF,chinext,3.961
2026-05-15,159915.SZ,创业板ETF,chinext,3.97
2026-05-18,159915.SZ,创业板ETF,chinext,3.923
2026-05-19,159915.SZ,创业板ETF,chinext,3.922
2026-05-20,159915.SZ,创业板ETF,chinext,3.932
2026-05-21,159915.SZ,创业板ETF,chinext,3.846
2026-05-22,159915.SZ,创业板ETF,chinext,3.946
2026-05-25,159915.SZ,创业板ETF,chinext,4.034
2026-05-26,159915.SZ,创业板ETF,chinext,4.055
2026-05-27,159915.SZ,创业板ETF,chinext,4.056
2026-05-28,159915.SZ,创业板ETF,chinext,4.138
2026-05-29,159915.SZ,创业板ETF,chinext,4.053
2026-06-01,159915.SZ,创业板ETF,chinext,3.964
2026-06-02,159915.SZ,创业板ETF,chinext,4.071
2026-06-03,159915.SZ,创业板ETF,chinext,4.145
2026-06-04,159915.SZ,创业板ETF,chinext,4.1
2026-06-05,159915.SZ,创业板ETF,chinext,3.977
2026-06-08,159915.SZ,创业板ETF,chinext,3.827
2026-06-09,159915.SZ,创业板ETF,chinext,3.972
2026-06-10,159915.SZ,创业板ETF,chinext,3.87
2026-06-11,159915.SZ,创业板ETF,chinext,3.83
2026-06-12,159915.SZ,创业板ETF,chinext,3.846
2026-06-15,159915.SZ,创业板ETF,chinext,4.045
2026-06-16,159915.SZ,创业板ETF,chinext,4.111
2026-06-17,159915.SZ,创业板ETF,chinext,4.183
2026-06-18,159915.SZ,创业板ETF,chinext,4.269
2026-06-22,159915.SZ,创业板ETF,chinext,4.379
2026-06-23,159915.SZ,创业板ETF,chinext,4.21
2026-06-24,159915.SZ,创业板ETF,chinext,4.258
2026-06-25,159915.SZ,创业板ETF,chinext,4.395
2026-06-26,159915.SZ,创业板ETF,chinext,4.215
2026-06-29,159915.SZ,创业板ETF,chinext,4.236
2026-06-30,159915.SZ,创业板ETF,chinext,4.364
2026-07-01,159915.SZ,创业板ETF,chinext,4.274
2026-07-02,159915.SZ,创业板ETF,chinext,4.036
2026-07-03,159915.SZ,创业板ETF,chinext,4.037
2026-07-06,159915.SZ,创业板ETF,chinext,3.97
2026-07-07,159915.SZ,创业板ETF,chinext,3.932
2026-07-08,159915.SZ,创业板ETF,chinext,3.867
2026-07-09,159915.SZ,创业板ETF,chinext,4.04
2026-07-10,159915.SZ,创业板ETF,chinext,3.862
2026-07-13,159915.SZ,创业板ETF,chinext,3.751
2026-07-14,159915.SZ,创业板ETF,chinext,3.867
2026-07-15,159915.SZ,创业板ETF,chinext,3.828
2026-07-16,159915.SZ,创业板ETF,chinext,3.723
2026-07-17,159915.SZ,创业板ETF,chinext,3.463
2026-07-20,159915.SZ,创业板ETF,chinext,3.477
2026-07-21,159915.SZ,创业板ETF,chinext,3.709
2026-07-22,159915.SZ,创业板ETF,chinext,3.586
2026-07-23,159915.SZ,创业板ETF,chinext,3.597
2026-07-24,159915.SZ,创业板ETF,chinext,3.508
2026-07-27,159915.SZ,创业板ETF,chinext,3.612
2026-07-28,159915.SZ,创业板ETF,chinext,3.355
2026-07-29,159915.SZ,创业板ETF,chinext,3.402
2026-07-30,159915.SZ,创业板ETF,chinext,3.27
2026-07-31,159915.SZ,创业板ETF,chinext,3.368
2026-08-03,159915.SZ,创业板ETF,chinext,3.325
2026-08-04,159915.SZ,创业板ETF,chinext,3.514
2026-08-05,159915.SZ,创业板ETF,chinext,3.56
2026-08-06,159915.SZ,创业板ETF,chinext,3.54
2026-08-07,159915.SZ,创业板ETF,chinext,3.586
2026-08-10,159915.SZ,创业板ETF,chinext,3.559
2026-08-11,159915.SZ,创业板ETF,chinext,3.565
2026-08-12,159915.SZ,创业板ETF,chinext,3.596
2023-08-14,510300.SS,沪深300ETF,csi_300,3.643
2023-08-15,510300.SS,沪深300ETF,csi_300,3.639
2023-08-16,510300.SS,沪深300ETF,csi_300,3.609
2023-08-17,510300.SS,沪深300ETF,csi_300,3.622
2023-08-18,510300.SS,沪深300ETF,csi_300,3.572
2023-08-21,510300.SS,沪深300ETF,csi_300,3.52
2023-08-22,510300.SS,沪深300ETF,csi_300,3.543
2023-08-23,510300.SS,沪深300ETF,csi_300,3.488
2023-08-24,510300.SS,沪深300ETF,csi_300,3.511
2023-08-25,510300.SS,沪深300ETF,csi_300,3.504
2023-08-28,510300.SS,沪深300ETF,csi_300,3.557
2023-08-29,510300.SS,沪深300ETF,csi_300,3.579
2023-08-30,510300.SS,沪深300ETF,csi_300,3.578
2023-08-31,510300.SS,沪深300ETF,csi_300,3.559
2023-09-01,510300.SS,沪深300ETF,csi_300,3.582
2023-09-04,510300.SS,沪深300ETF,csi_300,3.64
2023-09-05,510300.SS,沪深300ETF,csi_300,3.613
2023-09-06,510300.SS,沪深300ETF,csi_300,3.603
2023-09-07,510300.SS,沪深300ETF,csi_300,3.55
2023-09-08,510300.SS,沪深300ETF,csi_300,3.529
2023-09-11,510300.SS,沪深300ETF,csi_300,3.557
2023-09-12,510300.SS,沪深300ETF,csi_300,3.552
2023-09-13,510300.SS,沪深300ETF,csi_300,3.527
2023-09-14,510300.SS,沪深300ETF,csi_300,3.524
2023-09-15,510300.SS,沪深300ETF,csi_300,3.507
2023-09-18,510300.SS,沪深300ETF,csi_300,3.52
2023-09-19,510300.SS,沪深300ETF,csi_300,3.515
2023-09-20,510300.SS,沪深300ETF,csi_300,3.497
2023-09-21,510300.SS,沪深300ETF,csi_300,3.462
2023-09-22,510300.SS,沪深300ETF,csi_300,3.537
2023-09-25,510300.SS,沪深300ETF,csi_300,3.509
2023-09-26,510300.SS,沪深300ETF,csi_300,3.488
2023-09-27,510300.SS,沪深300ETF,csi_300,3.498
2023-09-28,510300.SS,沪深300ETF,csi_300,3.484
2023-10-09,510300.SS,沪深300ETF,csi_300,3.474
2023-10-10,510300.SS,沪深300ETF,csi_300,3.447
2023-10-11,510300.SS,沪深300ETF,csi_300,3.455
2023-10-12,510300.SS,沪深300ETF,csi_300,3.491
2023-10-13,510300.SS,沪深300ETF,csi_300,3.456
2023-10-16,510300.SS,沪深300ETF,csi_300,3.413
2023-10-17,510300.SS,沪深300ETF,csi_300,3.425
2023-10-18,510300.SS,沪深300ETF,csi_300,3.397
2023-10-19,510300.SS,沪深300ETF,csi_300,3.32
2023-10-20,510300.SS,沪深300ETF,csi_300,3.302
2023-10-23,510300.SS,沪深300ETF,csi_300,3.264
2023-10-24,510300.SS,沪深300ETF,csi_300,3.269
2023-10-25,510300.SS,沪深300ETF,csi_300,3.289
2023-10-26,510300.SS,沪深300ETF,csi_300,3.302
2023-10-27,510300.SS,沪深300ETF,csi_300,3.356
2023-10-30,510300.SS,沪深300ETF,csi_300,3.372
2023-10-31,510300.SS,沪深300ETF,csi_300,3.364
2023-11-01,510300.SS,沪深300ETF,csi_300,3.362
2023-11-02,510300.SS,沪深300ETF,csi_300,3.345
2023-11-03,510300.SS,沪深300ETF,csi_300,3.373
2023-11-06,510300.SS,沪深300ETF,csi_300,3.421
2023-11-07,510300.SS,沪深300ETF,csi_300,3.41
2023-11-08,510300.SS,沪深300ETF,csi_300,3.399
2023-11-09,510300.SS,沪深300ETF,csi_300,3.402
2023-11-10,510300.SS,沪深300ETF,csi_300,3.375
2023-11-13,510300.SS,沪深300ETF,csi_300,3.37
2023-11-14,510300.SS,沪深300ETF,csi_300,3.37
2023-11-15,510300.SS,沪深300ETF,csi_300,3.395
2023-11-16,510300.SS,沪深300ETF,csi_300,3.359
2023-11-17,510300.SS,沪深300ETF,csi_300,3.354
2023-11-20,510300.SS,沪深300ETF,csi_300,3.365
2023-11-21,510300.SS,沪深300ETF,csi_300,3.37
2023-11-22,510300.SS,沪深300ETF,csi_300,3.331
2023-11-23,510300.SS,沪深300ETF,csi_300,3.35
2023-11-24,510300.SS,沪深300ETF,csi_300,3.325
2023-11-27,510300.SS,沪深300ETF,csi_300,3.301
2023-11-28,510300.SS,沪深300ETF,csi_300,3.305
2023-11-29,510300.SS,沪深300ETF,csi_300,3.278
2023-11-30,510300.SS,沪深300ETF,csi_300,3.282
2023-12-01,510300.SS,沪深300ETF,csi_300,3.268
2023-12-04,510300.SS,沪深300ETF,csi_300,3.244
2023-12-05,510300.SS,沪深300ETF,csi_300,3.178
2023-12-06,510300.SS,沪深300ETF,csi_300,3.183
2023-12-07,510300.SS,沪深300ETF,csi_300,3.174
2023-12-08,510300.SS,沪深300ETF,csi_300,3.181
2023-12-11,510300.SS,沪深300ETF,csi_300,3.205
2023-12-12,510300.SS,沪深300ETF,csi_300,3.213
2023-12-13,510300.SS,沪深300ETF,csi_300,3.155
2023-12-14,510300.SS,沪深300ETF,csi_300,3.139
2023-12-15,510300.SS,沪深300ETF,csi_300,3.132
2023-12-18,510300.SS,沪深300ETF,csi_300,3.118
2023-12-19,510300.SS,沪深300ETF,csi_300,3.12
2023-12-20,510300.SS,沪深300ETF,csi_300,3.089
2023-12-21,510300.SS,沪深300ETF,csi_300,3.12
2023-12-22,510300.SS,沪深300ETF,csi_300,3.126
2023-12-25,510300.SS,沪深300ETF,csi_300,3.135
2023-12-26,510300.SS,沪深300ETF,csi_300,3.115
2023-12-27,510300.SS,沪深300ETF,csi_300,3.125
2023-12-28,510300.SS,沪深300ETF,csi_300,3.209
2023-12-29,510300.SS,沪深300ETF,csi_300,3.219
2024-01-02,510300.SS,沪深300ETF,csi_300,3.173
2024-01-03,510300.SS,沪深300ETF,csi_300,3.163
2024-01-04,510300.SS,沪深300ETF,csi_300,3.133
2024-01-05,510300.SS,沪深300ETF,csi_300,3.116
2024-01-08,510300.SS,沪深300ETF,csi_300,3.069
2024-01-09,510300.SS,沪深300ETF,csi_300,3.077
2024-01-10,510300.SS,沪深300ETF,csi_300,3.061
2024-01-11,510300.SS,沪深300ETF,csi_300,3.08
2024-01-12,510300.SS,沪深300ETF,csi_300,3.069
2024-01-15,510300.SS,沪深300ETF,csi_300,3.065
2024-01-16,510300.SS,沪深300ETF,csi_300,3.087
2024-01-17,510300.SS,沪深300ETF,csi_300,3.012
2024-01-18,510300.SS,沪深300ETF,csi_300,3.057
2024-01-19,510300.SS,沪深300ETF,csi_300,3.064
2024-01-22,510300.SS,沪深300ETF,csi_300,2.995
2024-01-23,510300.SS,沪深300ETF,csi_300,3.017
2024-01-24,510300.SS,沪深300ETF,csi_300,3.068
2024-01-25,510300.SS,沪深300ETF,csi_300,3.124
2024-01-26,510300.SS,沪深300ETF,csi_300,3.118
2024-01-29,510300.SS,沪深300ETF,csi_300,3.088
2024-01-30,510300.SS,沪深300ETF,csi_300,3.032
2024-01-31,510300.SS,沪深300ETF,csi_300,3.011
2024-02-01,510300.SS,沪深300ETF,csi_300,3.007
2024-02-02,510300.SS,沪深300ETF,csi_300,2.977
2024-02-05,510300.SS,沪深300ETF,csi_300,2.997
2024-02-06,510300.SS,沪深300ETF,csi_300,3.1
2024-02-07,510300.SS,沪深300ETF,csi_300,3.129
2024-02-08,510300.SS,沪深300ETF,csi_300,3.151
2024-02-19,510300.SS,沪深300ETF,csi_300,3.178
2024-02-20,510300.SS,沪深300ETF,csi_300,3.19
2024-02-21,510300.SS,沪深300ETF,csi_300,3.238
2024-02-22,510300.SS,沪深300ETF,csi_300,3.264
2024-02-23,510300.SS,沪深300ETF,csi_300,3.267
2024-02-26,510300.SS,沪深300ETF,csi_300,3.232
2024-02-27,510300.SS,沪深300ETF,csi_300,3.273
2024-02-28,510300.SS,沪深300ETF,csi_300,3.237
2024-02-29,510300.SS,沪深300ETF,csi_300,3.292
2024-03-01,510300.SS,沪深300ETF,csi_300,3.319
2024-03-04,510300.SS,沪深300ETF,csi_300,3.316
2024-03-05,510300.SS,沪深300ETF,csi_300,3.345
2024-03-06,510300.SS,沪深300ETF,csi_300,3.331
2024-03-07,510300.SS,沪深300ETF,csi_300,3.312
2024-03-08,510300.SS,沪深300ETF,csi_300,3.322
2024-03-11,510300.SS,沪深300ETF,csi_300,3.37
2024-03-12,510300.SS,沪深300ETF,csi_300,3.375
2024-03-13,510300.SS,沪深300ETF,csi_300,3.354
2024-03-14,510300.SS,沪深300ETF,csi_300,3.341
2024-03-15,510300.SS,沪深300ETF,csi_300,3.35
2024-03-18,510300.SS,沪深300ETF,csi_300,3.381
2024-03-19,510300.SS,沪深300ETF,csi_300,3.358
2024-03-20,510300.SS,沪深300ETF,csi_300,3.361
2024-03-21,510300.SS,沪深300ETF,csi_300,3.359
2024-03-22,510300.SS,沪深300ETF,csi_300,3.328
2024-03-25,510300.SS,沪深300ETF,csi_300,3.309
2024-03-26,510300.SS,沪深300ETF,csi_300,3.32
2024-03-27,510300.SS,沪深300ETF,csi_300,3.282
2024-03-28,510300.SS,沪深300ETF,csi_300,3.299
2024-03-29,510300.SS,沪深300ETF,csi_300,3.315
2024-04-01,510300.SS,沪深300ETF,csi_300,3.373
2024-04-02,510300.SS,沪深300ETF,csi_300,3.361
2024-04-03,510300.SS,沪深300ETF,csi_300,3.347
2024-04-08,510300.SS,沪深300ETF,csi_300,3.318
2024-04-09,510300.SS,沪深300ETF,csi_300,3.312
2024-04-10,510300.SS,沪深300ETF,csi_300,3.286
2024-04-11,510300.SS,沪深300ETF,csi_300,3.283
2024-04-12,510300.SS,沪深300ETF,csi_300,3.255
2024-04-15,510300.SS,沪深300ETF,csi_300,3.328
2024-04-16,510300.SS,沪深300ETF,csi_300,3.296
2024-04-17,510300.SS,沪深300ETF,csi_300,3.342
2024-04-18,510300.SS,沪深300ETF,csi_300,3.348
2024-04-19,510300.SS,沪深300ETF,csi_300,3.32
2024-04-22,510300.SS,沪深300ETF,csi_300,3.313
2024-04-23,510300.SS,沪深300ETF,csi_300,3.288
2024-04-24,510300.SS,沪深300ETF,csi_300,3.302
2024-04-25,510300.SS,沪深300ETF,csi_300,3.312
2024-04-26,510300.SS,沪深300ETF,csi_300,3.362
2024-04-29,510300.SS,沪深300ETF,csi_300,3.405
2024-04-30,510300.SS,沪深300ETF,csi_300,3.387
2024-05-06,510300.SS,沪深300ETF,csi_300,3.437
2024-05-07,510300.SS,沪深300ETF,csi_300,3.439
2024-05-08,510300.SS,沪深300ETF,csi_300,3.41
2024-05-09,510300.SS,沪深300ETF,csi_300,3.445
2024-05-10,510300.SS,沪深300ETF,csi_300,3.447
2024-05-13,510300.SS,沪深300ETF,csi_300,3.444
2024-05-14,510300.SS,沪深300ETF,csi_300,3.438
2024-05-15,510300.SS,沪深300ETF,csi_300,3.412
2024-05-16,510300.SS,沪深300ETF,csi_300,3.424
2024-05-17,510300.SS,沪深300ETF,csi_300,3.465
2024-05-20,510300.SS,沪深300ETF,csi_300,3.473
2024-05-21,510300.SS,沪深300ETF,csi_300,3.461
2024-05-22,510300.SS,沪深300ETF,csi_300,3.469
2024-05-23,510300.SS,沪深300ETF,csi_300,3.432
2024-05-24,510300.SS,沪深300ETF,csi_300,3.391
2024-05-27,510300.SS,沪深300ETF,csi_300,3.421
2024-05-28,510300.SS,沪深300ETF,csi_300,3.398
2024-05-29,510300.SS,沪深300ETF,csi_300,3.399
2024-05-30,510300.SS,沪深300ETF,csi_300,3.385
2024-05-31,510300.SS,沪深300ETF,csi_300,3.371
2024-06-03,510300.SS,沪深300ETF,csi_300,3.376
2024-06-04,510300.SS,沪深300ETF,csi_300,3.401
2024-06-05,510300.SS,沪深300ETF,csi_300,3.388
2024-06-06,510300.SS,沪深300ETF,csi_300,3.388
2024-06-07,510300.SS,沪深300ETF,csi_300,3.365
2024-06-11,510300.SS,沪深300ETF,csi_300,3.34
2024-06-12,510300.SS,沪深300ETF,csi_300,3.336
2024-06-13,510300.SS,沪深300ETF,csi_300,3.323
2024-06-14,510300.SS,沪深300ETF,csi_300,3.343
2024-06-17,510300.SS,沪深300ETF,csi_300,3.333
2024-06-18,510300.SS,沪深300ETF,csi_300,3.344
2024-06-19,510300.SS,沪深300ETF,csi_300,3.334
2024-06-20,510300.SS,沪深300ETF,csi_300,3.311
2024-06-21,510300.SS,沪深300ETF,csi_300,3.305
2024-06-24,510300.SS,沪深300ETF,csi_300,3.288
2024-06-25,510300.SS,沪深300ETF,csi_300,3.267
2024-06-26,510300.SS,沪深300ETF,csi_300,3.288
2024-06-27,510300.SS,沪深300ETF,csi_300,3.269
2024-06-28,510300.SS,沪深300ETF,csi_300,3.276
2024-07-01,510300.SS,沪深300ETF,csi_300,3.29
2024-07-02,510300.SS,沪深300ETF,csi_300,3.285
2024-07-03,510300.SS,沪深300ETF,csi_300,3.279
2024-07-04,510300.SS,沪深300ETF,csi_300,3.264
2024-07-05,510300.SS,沪深300ETF,csi_300,3.247
2024-07-08,510300.SS,沪深300ETF,csi_300,3.223
2024-07-09,510300.SS,沪深300ETF,csi_300,3.26
2024-07-10,510300.SS,沪深300ETF,csi_300,3.252
2024-07-11,510300.SS,沪深300ETF,csi_300,3.298
2024-07-12,510300.SS,沪深300ETF,csi_300,3.308
2024-07-15,510300.SS,沪深300ETF,csi_300,3.315
2024-07-16,510300.SS,沪深300ETF,csi_300,3.34
2024-07-17,510300.SS,沪深300ETF,csi_300,3.345
2024-07-18,510300.SS,沪深300ETF,csi_300,3.366
2024-07-19,510300.SS,沪深300ETF,csi_300,3.389
2024-07-22,510300.SS,沪深300ETF,csi_300,3.36
2024-07-23,510300.SS,沪深300ETF,csi_300,3.29
2024-07-24,510300.SS,沪深300ETF,csi_300,3.268
2024-07-25,510300.SS,沪深300ETF,csi_300,3.248
2024-07-26,510300.SS,沪深300ETF,csi_300,3.263
2024-07-29,510300.SS,沪深300ETF,csi_300,3.243
2024-07-30,510300.SS,沪深300ETF,csi_300,3.22
2024-07-31,510300.SS,沪深300ETF,csi_300,3.297
2024-08-01,510300.SS,沪深300ETF,csi_300,3.272
2024-08-02,510300.SS,沪深300ETF,csi_300,3.236
2024-08-05,510300.SS,沪深300ETF,csi_300,3.197
2024-08-06,510300.SS,沪深300ETF,csi_300,3.197
2024-08-07,510300.SS,沪深300ETF,csi_300,3.19
2024-08-08,510300.SS,沪深300ETF,csi_300,3.194
2024-08-09,510300.SS,沪深300ETF,csi_300,3.182
2024-08-12,510300.SS,沪深300ETF,csi_300,3.178
2024-08-13,510300.SS,沪深300ETF,csi_300,3.183
2024-08-14,510300.SS,沪深300ETF,csi_300,3.159
2024-08-15,510300.SS,沪深300ETF,csi_300,3.197
2024-08-16,510300.SS,沪深300ETF,csi_300,3.199
2024-08-19,510300.SS,沪深300ETF,csi_300,3.208
2024-08-20,510300.SS,沪深300ETF,csi_300,3.192
2024-08-21,510300.SS,沪深300ETF,csi_300,3.177
2024-08-22,510300.SS,沪深300ETF,csi_300,3.168
2024-08-23,510300.SS,沪深300ETF,csi_300,3.182
2024-08-26,510300.SS,沪深300ETF,csi_300,3.183
2024-08-27,510300.SS,沪深300ETF,csi_300,3.166
2024-08-28,510300.SS,沪深300ETF,csi_300,3.146
2024-08-29,510300.SS,沪深300ETF,csi_300,3.136
2024-08-30,510300.SS,沪深300ETF,csi_300,3.181
2024-09-02,510300.SS,沪深300ETF,csi_300,3.121
2024-09-03,510300.SS,沪深300ETF,csi_300,3.133
2024-09-04,510300.SS,沪深300ETF,csi_300,3.112
2024-09-05,510300.SS,沪深300ETF,csi_300,3.119
2024-09-06,510300.SS,沪深300ETF,csi_300,3.091
2024-09-09,510300.SS,沪深300ETF,csi_300,3.05
2024-09-10,510300.SS,沪深300ETF,csi_300,3.05
2024-09-11,510300.SS,沪深300ETF,csi_300,3.043
2024-09-12,510300.SS,沪深300ETF,csi_300,3.032
2024-09-13,510300.SS,沪深300ETF,csi_300,3.017
2024-09-18,510300.SS,沪深300ETF,csi_300,3.027
2024-09-19,510300.SS,沪深300ETF,csi_300,3.054
2024-09-20,510300.SS,沪深300ETF,csi_300,3.063
2024-09-23,510300.SS,沪深300ETF,csi_300,3.072
2024-09-24,510300.SS,沪深300ETF,csi_300,3.216
2024-09-25,510300.SS,沪深300ETF,csi_300,3.263
2024-09-26,510300.SS,沪深300ETF,csi_300,3.429
2024-09-27,510300.SS,沪深300ETF,csi_300,3.658
2024-09-30,510300.SS,沪深300ETF,csi_300,4.022
2024-10-08,510300.SS,沪深300ETF,csi_300,4.201
2024-10-09,510300.SS,沪深300ETF,csi_300,3.811
2024-10-10,510300.SS,沪深300ETF,csi_300,3.875
2024-10-11,510300.SS,沪深300ETF,csi_300,3.766
2024-10-14,510300.SS,沪深300ETF,csi_300,3.829
2024-10-15,510300.SS,沪深300ETF,csi_300,3.72
2024-10-16,510300.SS,沪深300ETF,csi_300,3.695
2024-10-17,510300.SS,沪深300ETF,csi_300,3.652
2024-10-18,510300.SS,沪深300ETF,csi_300,3.805
2024-10-21,510300.SS,沪深300ETF,csi_300,3.805
2024-10-22,510300.SS,沪深300ETF,csi_300,3.829
2024-10-23,510300.SS,沪深300ETF,csi_300,3.844
2024-10-24,510300.SS,沪深300ETF,csi_300,3.8
2024-10-25,510300.SS,沪深300ETF,csi_300,3.829
2024-10-28,510300.SS,沪深300ETF,csi_300,3.835
2024-10-29,510300.SS,沪深300ETF,csi_300,3.802
2024-10-30,510300.SS,沪深300ETF,csi_300,3.76
2024-10-31,510300.SS,沪深300ETF,csi_300,3.76
2024-11-01,510300.SS,沪深300ETF,csi_300,3.768
2024-11-04,510300.SS,沪深300ETF,csi_300,3.821
2024-11-05,510300.SS,沪深300ETF,csi_300,3.926
2024-11-06,510300.SS,沪深300ETF,csi_300,3.9
2024-11-07,510300.SS,沪深300ETF,csi_300,4.037
2024-11-08,510300.SS,沪深300ETF,csi_300,3.983
2024-11-11,510300.SS,沪深300ETF,csi_300,4.004
2024-11-12,510300.SS,沪深300ETF,csi_300,3.958
2024-11-13,510300.SS,沪深300ETF,csi_300,3.984
2024-11-14,510300.SS,沪深300ETF,csi_300,3.913
2024-11-15,510300.SS,沪深300ETF,csi_300,3.844
2024-11-18,510300.SS,沪深300ETF,csi_300,3.827
2024-11-19,510300.SS,沪深300ETF,csi_300,3.847
2024-11-20,510300.SS,沪深300ETF,csi_300,3.857
2024-11-21,510300.SS,沪深300ETF,csi_300,3.862
2024-11-22,510300.SS,沪深300ETF,csi_300,3.742
2024-11-25,510300.SS,沪深300ETF,csi_300,3.72
2024-11-26,510300.SS,沪深300ETF,csi_300,3.712
2024-11-27,510300.SS,沪深300ETF,csi_300,3.776
2024-11-28,510300.SS,沪深300ETF,csi_300,3.747
2024-11-29,510300.SS,沪深300ETF,csi_300,3.79
2024-12-02,510300.SS,沪深300ETF,csi_300,3.82
2024-12-03,510300.SS,沪深300ETF,csi_300,3.824
2024-12-04,510300.SS,沪深300ETF,csi_300,3.803
2024-12-05,510300.SS,沪深300ETF,csi_300,3.796
2024-12-06,510300.SS,沪深300ETF,csi_300,3.846
2024-12-09,510300.SS,沪深300ETF,csi_300,3.843
2024-12-10,510300.SS,沪深300ETF,csi_300,3.874
2024-12-11,510300.SS,沪深300ETF,csi_300,3.864
2024-12-12,510300.SS,沪深300ETF,csi_300,3.906
2024-12-13,510300.SS,沪深300ETF,csi_300,3.809
2024-12-16,510300.SS,沪深300ETF,csi_300,3.785
2024-12-17,510300.SS,沪深300ETF,csi_300,3.796
2024-12-18,510300.SS,沪深300ETF,csi_300,3.813
2024-12-19,510300.SS,沪深300ETF,csi_300,3.819
2024-12-20,510300.SS,沪深300ETF,csi_300,3.807
2024-12-23,510300.SS,沪深300ETF,csi_300,3.811
2024-12-24,510300.SS,沪深300ETF,csi_300,3.858
2024-12-25,510300.SS,沪深300ETF,csi_300,3.861
2024-12-26,510300.SS,沪深300ETF,csi_300,3.862
2024-12-27,510300.SS,沪深300ETF,csi_300,3.856
2024-12-30,510300.SS,沪深300ETF,csi_300,3.875
2024-12-31,510300.SS,沪深300ETF,csi_300,3.811
2025-01-02,510300.SS,沪深300ETF,csi_300,3.698
2025-01-03,510300.SS,沪深300ETF,csi_300,3.658
2025-01-06,510300.SS,沪深300ETF,csi_300,3.642
2025-01-07,510300.SS,沪深300ETF,csi_300,3.669
2025-01-08,510300.SS,沪深300ETF,csi_300,3.663
2025-01-09,510300.SS,沪深300ETF,csi_300,3.655
2025-01-10,510300.SS,沪深300ETF,csi_300,3.612
2025-01-13,510300.SS,沪深300ETF,csi_300,3.597
2025-01-14,510300.SS,沪深300ETF,csi_300,3.695
2025-01-15,510300.SS,沪深300ETF,csi_300,3.672
2025-01-16,510300.SS,沪深300ETF,csi_300,3.674
2025-01-17,510300.SS,沪深300ETF,csi_300,3.687
2025-01-20,510300.SS,沪深300ETF,csi_300,3.706
2025-01-21,510300.SS,沪深300ETF,csi_300,3.711
2025-01-22,510300.SS,沪深300ETF,csi_300,3.675
2025-01-23,510300.SS,沪深300ETF,csi_300,3.686
2025-01-24,510300.SS,沪深300ETF,csi_300,3.718
2025-01-27,510300.SS,沪深300ETF,csi_300,3.696
2025-02-05,510300.SS,沪深300ETF,csi_300,3.676
2025-02-06,510300.SS,沪深300ETF,csi_300,3.721
2025-02-07,510300.SS,沪深300ETF,csi_300,3.777
2025-02-10,510300.SS,沪深300ETF,csi_300,3.781
2025-02-11,510300.SS,沪深300ETF,csi_300,3.765
2025-02-12,510300.SS,沪深300ETF,csi_300,3.803
2025-02-13,510300.SS,沪深300ETF,csi_300,3.793
2025-02-14,510300.SS,沪深300ETF,csi_300,3.823
2025-02-17,510300.SS,沪深300ETF,csi_300,3.83
2025-02-18,510300.SS,沪深300ETF,csi_300,3.801
2025-02-19,510300.SS,沪深300ETF,csi_300,3.822
2025-02-20,510300.SS,沪深300ETF,csi_300,3.81
2025-02-21,510300.SS,沪深300ETF,csi_300,3.864
2025-02-24,510300.SS,沪深300ETF,csi_300,3.851
2025-02-25,510300.SS,沪深300ETF,csi_300,3.81
2025-02-26,510300.SS,沪深300ETF,csi_300,3.843
2025-02-27,510300.SS,沪深300ETF,csi_300,3.856
2025-02-28,510300.SS,沪深300ETF,csi_300,3.783
2025-03-03,510300.SS,沪深300ETF,csi_300,3.77
2025-03-04,510300.SS,沪深300ETF,csi_300,3.766
2025-03-05,510300.SS,沪深300ETF,csi_300,3.783
2025-03-06,510300.SS,沪深300ETF,csi_300,3.838
2025-03-07,510300.SS,沪深300ETF,csi_300,3.828
2025-03-10,510300.SS,沪深300ETF,csi_300,3.812
2025-03-11,510300.SS,沪深300ETF,csi_300,3.824
2025-03-12,510300.SS,沪深300ETF,csi_300,3.814
2025-03-13,510300.SS,沪深300ETF,csi_300,3.794
2025-03-14,510300.SS,沪深300ETF,csi_300,3.895
2025-03-17,510300.SS,沪深300ETF,csi_300,3.883
2025-03-18,510300.SS,沪深300ETF,csi_300,3.892
2025-03-19,510300.SS,沪深300ETF,csi_300,3.898
2025-03-20,510300.SS,沪深300ETF,csi_300,3.865
2025-03-21,510300.SS,沪深300ETF,csi_300,3.799
2025-03-24,510300.SS,沪深300ETF,csi_300,3.816
2025-03-25,510300.SS,沪深300ETF,csi_300,3.818
2025-03-26,510300.SS,沪深300ETF,csi_300,3.802
2025-03-27,510300.SS,沪深300ETF,csi_300,3.816
2025-03-28,510300.SS,沪深300ETF,csi_300,3.797
2025-03-31,510300.SS,沪深300ETF,csi_300,3.773
2025-04-01,510300.SS,沪深300ETF,csi_300,3.771
2025-04-02,510300.SS,沪深300ETF,csi_300,3.768
2025-04-03,510300.SS,沪深300ETF,csi_300,3.748
2025-04-07,510300.SS,沪深300ETF,csi_300,3.484
2025-04-08,510300.SS,沪深300ETF,csi_300,3.519
2025-04-09,510300.SS,沪深300ETF,csi_300,3.555
2025-04-10,510300.SS,沪深300ETF,csi_300,3.618
2025-04-11,510300.SS,沪深300ETF,csi_300,3.629
2025-04-14,510300.SS,沪深300ETF,csi_300,3.637
2025-04-15,510300.SS,沪深300ETF,csi_300,3.64
2025-04-16,510300.SS,沪深300ETF,csi_300,3.649
2025-04-17,510300.SS,沪深300ETF,csi_300,3.652
2025-04-18,510300.SS,沪深300ETF,csi_300,3.662
2025-04-21,510300.SS,沪深300ETF,csi_300,3.664
2025-04-22,510300.SS,沪深300ETF,csi_300,3.667
2025-04-23,510300.SS,沪深300ETF,csi_300,3.671
2025-04-24,510300.SS,沪深300ETF,csi_300,3.671
2025-04-25,510300.SS,沪深300ETF,csi_300,3.671
2025-04-28,510300.SS,沪深300ETF,csi_300,3.665
2025-04-29,510300.SS,沪深300ETF,csi_300,3.658
2025-04-30,510300.SS,沪深300ETF,csi_300,3.655
2025-05-06,510300.SS,沪深300ETF,csi_300,3.692
2025-05-07,510300.SS,沪深300ETF,csi_300,3.716
2025-05-08,510300.SS,沪深300ETF,csi_300,3.739
2025-05-09,510300.SS,沪深300ETF,csi_300,3.734
2025-05-12,510300.SS,沪深300ETF,csi_300,3.779
2025-05-13,510300.SS,沪深300ETF,csi_300,3.783
2025-05-14,510300.SS,沪深300ETF,csi_300,3.834
2025-05-15,510300.SS,沪深300ETF,csi_300,3.8
2025-05-16,510300.SS,沪深300ETF,csi_300,3.778
2025-05-19,510300.SS,沪深300ETF,csi_300,3.772
2025-05-20,510300.SS,沪深300ETF,csi_300,3.792
2025-05-21,510300.SS,沪深300ETF,csi_300,3.808
2025-05-22,510300.SS,沪深300ETF,csi_300,3.806
2025-05-23,510300.SS,沪深300ETF,csi_300,3.777
2025-05-26,510300.SS,沪深300ETF,csi_300,3.756
2025-05-27,510300.SS,沪深300ETF,csi_300,3.735
2025-05-28,510300.SS,沪深300ETF,csi_300,3.731
2025-05-29,510300.SS,沪深300ETF,csi_300,3.755
2025-05-30,510300.SS,沪深300ETF,csi_300,3.748
2025-06-03,510300.SS,沪深300ETF,csi_300,3.746
2025-06-04,510300.SS,沪深300ETF,csi_300,3.763
2025-06-05,510300.SS,沪深300ETF,csi_300,3.773
2025-06-06,510300.SS,沪深300ETF,csi_300,3.775
2025-06-09,510300.SS,沪深300ETF,csi_300,3.784
2025-06-10,510300.SS,沪深300ETF,csi_300,3.761
2025-06-11,510300.SS,沪深300ETF,csi_300,3.793
2025-06-12,510300.SS,沪深300ETF,csi_300,3.795
2025-06-13,510300.SS,沪深300ETF,csi_300,3.769
2025-06-16,510300.SS,沪深300ETF,csi_300,3.779
2025-06-17,510300.SS,沪深300ETF,csi_300,3.778
2025-06-18,510300.SS,沪深300ETF,csi_300,3.781
2025-06-19,510300.SS,沪深300ETF,csi_300,3.75
2025-06-20,510300.SS,沪深300ETF,csi_300,3.755
2025-06-23,510300.SS,沪深300ETF,csi_300,3.768
2025-06-24,510300.SS,沪深300ETF,csi_300,3.813
2025-06-25,510300.SS,沪深300ETF,csi_300,3.878
2025-06-26,510300.SS,沪深300ETF,csi_300,3.863
2025-06-27,510300.SS,沪深300ETF,csi_300,3.84
2025-06-30,510300.SS,沪深300ETF,csi_300,3.859
2025-07-01,510300.SS,沪深300ETF,csi_300,3.865
2025-07-02,510300.SS,沪深300ETF,csi_300,3.869
2025-07-03,510300.SS,沪深300ETF,csi_300,3.892
2025-07-04,510300.SS,沪深300ETF,csi_300,3.909
2025-07-07,510300.SS,沪深300ETF,csi_300,3.891
2025-07-08,510300.SS,沪深300ETF,csi_300,3.925
2025-07-09,510300.SS,沪深300ETF,csi_300,3.922
2025-07-10,510300.SS,沪深300ETF,csi_300,3.942
2025-07-11,510300.SS,沪深300ETF,csi_300,3.956
2025-07-14,510300.SS,沪深300ETF,csi_300,3.955
2025-07-15,510300.SS,沪深300ETF,csi_300,3.955
2025-07-16,510300.SS,沪深300ETF,csi_300,3.946
2025-07-17,510300.SS,沪深300ETF,csi_300,3.979
2025-07-18,510300.SS,沪深300ETF,csi_300,4.009
2025-07-21,510300.SS,沪深300ETF,csi_300,4.034
2025-07-22,510300.SS,沪深300ETF,csi_300,4.078
2025-07-23,510300.SS,沪深300ETF,csi_300,4.076
2025-07-24,510300.SS,沪深300ETF,csi_300,4.102
2025-07-25,510300.SS,沪深300ETF,csi_300,4.08
2025-07-28,510300.SS,沪深300ETF,csi_300,4.091
2025-07-29,510300.SS,沪深300ETF,csi_300,4.112
2025-07-30,510300.SS,沪深300ETF,csi_300,4.109
2025-07-31,510300.SS,沪深300ETF,csi_300,4.032
2025-08-01,510300.SS,沪深300ETF,csi_300,4.01
2025-08-04,510300.SS,沪深300ETF,csi_300,4.029
2025-08-05,510300.SS,沪深300ETF,csi_300,4.06
2025-08-06,510300.SS,沪深300ETF,csi_300,4.071
2025-08-07,510300.SS,沪深300ETF,csi_300,4.07
2025-08-08,510300.SS,沪深300ETF,csi_300,4.06
2025-08-11,510300.SS,沪深300ETF,csi_300,4.079
2025-08-12,510300.SS,沪深300ETF,csi_300,4.105
2025-08-13,510300.SS,沪深300ETF,csi_300,4.14
2025-08-14,510300.SS,沪深300ETF,csi_300,4.133
2025-08-15,510300.SS,沪深300ETF,csi_300,4.172
2025-08-18,510300.SS,沪深300ETF,csi_300,4.204
2025-08-19,510300.SS,沪深300ETF,csi_300,4.182
2025-08-20,510300.SS,沪深300ETF,csi_300,4.241
2025-08-21,510300.SS,沪深300ETF,csi_300,4.255
2025-08-22,510300.SS,沪深300ETF,csi_300,4.356
2025-08-25,510300.SS,沪深300ETF,csi_300,4.442
2025-08-26,510300.SS,沪深300ETF,csi_300,4.418
2025-08-27,510300.SS,沪深300ETF,csi_300,4.352
2025-08-28,510300.SS,沪深300ETF,csi_300,4.436
2025-08-29,510300.SS,沪深300ETF,csi_300,4.478
2025-09-01,510300.SS,沪深300ETF,csi_300,4.493
2025-09-02,510300.SS,沪深300ETF,csi_300,4.467
2025-09-03,510300.SS,沪深300ETF,csi_300,4.426
2025-09-04,510300.SS,沪深300ETF,csi_300,4.333
2025-09-05,510300.SS,沪深300ETF,csi_300,4.431
2025-09-08,510300.SS,沪深300ETF,csi_300,4.432
2025-09-09,510300.SS,沪深300ETF,csi_300,4.405
2025-09-10,510300.SS,沪深300ETF,csi_300,4.415
2025-09-11,510300.SS,沪深300ETF,csi_300,4.537
2025-09-12,510300.SS,沪深300ETF,csi_300,4.498
2025-09-15,510300.SS,沪深300ETF,csi_300,4.506
2025-09-16,510300.SS,沪深300ETF,csi_300,4.497
2025-09-17,510300.SS,沪深300ETF,csi_300,4.53
2025-09-18,510300.SS,沪深300ETF,csi_300,4.471
2025-09-19,510300.SS,沪深300ETF,csi_300,4.481
2025-09-22,510300.SS,沪深300ETF,csi_300,4.496
2025-09-23,510300.SS,沪深300ETF,csi_300,4.499
2025-09-24,510300.SS,沪深300ETF,csi_300,4.54
2025-09-25,510300.SS,沪深300ETF,csi_300,4.572
2025-09-26,510300.SS,沪深300ETF,csi_300,4.528
2025-09-29,510300.SS,沪深300ETF,csi_300,4.605
2025-09-30,510300.SS,沪深300ETF,csi_300,4.618
2025-10-09,510300.SS,沪深300ETF,csi_300,4.693
2025-10-10,510300.SS,沪深300ETF,csi_300,4.596
2025-10-13,510300.SS,沪深300ETF,csi_300,4.569
2025-10-14,510300.SS,沪深300ETF,csi_300,4.522
2025-10-15,510300.SS,沪深300ETF,csi_300,4.583
2025-10-16,510300.SS,沪深300ETF,csi_300,4.598
2025-10-17,510300.SS,沪深300ETF,csi_300,4.501
2025-10-20,510300.SS,沪深300ETF,csi_300,4.517
2025-10-21,510300.SS,沪深300ETF,csi_300,4.587
2025-10-22,510300.SS,沪深300ETF,csi_300,4.572
2025-10-23,510300.SS,沪深300ETF,csi_300,4.59
2025-10-24,510300.SS,沪深300ETF,csi_300,4.647
2025-10-27,510300.SS,沪深300ETF,csi_300,4.703
2025-10-28,510300.SS,沪深300ETF,csi_300,4.679
2025-10-29,510300.SS,沪深300ETF,csi_300,4.739
2025-10-30,510300.SS,沪深300ETF,csi_300,4.7
2025-10-31,510300.SS,沪深300ETF,csi_300,4.633
2025-11-03,510300.SS,沪深300ETF,csi_300,4.64
2025-11-04,510300.SS,沪深300ETF,csi_300,4.606
2025-11-05,510300.SS,沪深300ETF,csi_300,4.612
2025-11-06,510300.SS,沪深300ETF,csi_300,4.682
2025-11-07,510300.SS,沪深300ETF,csi_300,4.672
2025-11-10,510300.SS,沪深300ETF,csi_300,4.684
2025-11-11,510300.SS,沪深300ETF,csi_300,4.64
2025-11-12,510300.SS,沪深300ETF,csi_300,4.642
2025-11-13,510300.SS,沪深300ETF,csi_300,4.689
2025-11-14,510300.SS,沪深300ETF,csi_300,4.618
2025-11-17,510300.SS,沪深300ETF,csi_300,4.587
2025-11-18,510300.SS,沪深300ETF,csi_300,4.56
2025-11-19,510300.SS,沪深300ETF,csi_300,4.574
2025-11-20,510300.SS,沪深300ETF,csi_300,4.553
2025-11-21,510300.SS,沪深300ETF,csi_300,4.441
2025-11-24,510300.SS,沪深300ETF,csi_300,4.434
2025-11-25,510300.SS,沪深300ETF,csi_300,4.474
2025-11-26,510300.SS,沪深300ETF,csi_300,4.503
2025-11-27,510300.SS,沪深300ETF,csi_300,4.499
2025-11-28,510300.SS,沪深300ETF,csi_300,4.512
2025-12-01,510300.SS,沪深300ETF,csi_300,4.564
2025-12-02,510300.SS,沪深300ETF,csi_300,4.543
2025-12-03,510300.SS,沪深300ETF,csi_300,4.522
2025-12-04,510300.SS,沪深300ETF,csi_300,4.534
2025-12-05,510300.SS,沪深300ETF,csi_300,4.575
2025-12-08,510300.SS,沪深300ETF,csi_300,4.609
2025-12-09,510300.SS,沪深300ETF,csi_300,4.585
2025-12-10,510300.SS,沪深300ETF,csi_300,4.579
2025-12-11,510300.SS,沪深300ETF,csi_300,4.545
2025-12-12,510300.SS,沪深300ETF,csi_300,4.571
2025-12-15,510300.SS,沪深300ETF,csi_300,4.544
2025-12-16,510300.SS,沪深300ETF,csi_300,4.497
2025-12-17,510300.SS,沪深300ETF,csi_300,4.576
2025-12-18,510300.SS,沪深300ETF,csi_300,4.545
2025-12-19,510300.SS,沪深300ETF,csi_300,4.565
2025-12-22,510300.SS,沪深300ETF,csi_300,4.607
2025-12-23,510300.SS,沪深300ETF,csi_300,4.617
2025-12-24,510300.SS,沪深300ETF,csi_300,4.634
2025-12-25,510300.SS,沪深300ETF,csi_300,4.643
2025-12-26,510300.SS,沪深300ETF,csi_300,4.661
2025-12-29,510300.SS,沪深300ETF,csi_300,4.64
2025-12-30,510300.SS,沪深300ETF,csi_300,4.65
2025-12-31,510300.SS,沪深300ETF,csi_300,4.63
2026-01-05,510300.SS,沪深300ETF,csi_300,4.721
2026-01-06,510300.SS,沪深300ETF,csi_300,4.796
2026-01-07,510300.SS,沪深300ETF,csi_300,4.778
2026-01-08,510300.SS,沪深300ETF,csi_300,4.74
2026-01-09,510300.SS,沪深300ETF,csi_300,4.762
2026-01-12,510300.SS,沪深300ETF,csi_300,4.79
2026-01-13,510300.SS,沪深300ETF,csi_300,4.773
2026-01-14,510300.SS,沪深300ETF,csi_300,4.743
2026-01-15,510300.SS,沪深300ETF,csi_300,4.752
2026-01-16,510300.SS,沪深300ETF,csi_300,4.736
2026-01-19,510300.SS,沪深300ETF,csi_300,4.738
2026-01-20,510300.SS,沪深300ETF,csi_300,4.724
2026-01-21,510300.SS,沪深300ETF,csi_300,4.73
2026-01-22,510300.SS,沪深300ETF,csi_300,4.727
2026-01-23,510300.SS,沪深300ETF,csi_300,4.704
2026-01-26,510300.SS,沪深300ETF,csi_300,4.712
2026-01-27,510300.SS,沪深300ETF,csi_300,4.71
2026-01-28,510300.SS,沪深300ETF,csi_300,4.725
2026-01-29,510300.SS,沪深300ETF,csi_300,4.768
2026-01-30,510300.SS,沪深300ETF,csi_300,4.711
2026-02-02,510300.SS,沪深300ETF,csi_300,4.6
2026-02-03,510300.SS,沪深300ETF,csi_300,4.664
2026-02-04,510300.SS,沪深300ETF,csi_300,4.707
2026-02-05,510300.SS,沪深300ETF,csi_300,4.679
2026-02-06,510300.SS,沪深300ETF,csi_300,4.649
2026-02-09,510300.SS,沪深300ETF,csi_300,4.727
2026-02-10,510300.SS,沪深300ETF,csi_300,4.733
2026-02-11,510300.SS,沪深300ETF,csi_300,4.723
2026-02-12,510300.SS,沪深300ETF,csi_300,4.727
2026-02-13,510300.SS,沪深300ETF,csi_300,4.671
2026-02-24,510300.SS,沪深300ETF,csi_300,4.716
2026-02-25,510300.SS,沪深300ETF,csi_300,4.75
2026-02-26,510300.SS,沪深300ETF,csi_300,4.735
2026-02-27,510300.SS,沪深300ETF,csi_300,4.725
2026-03-02,510300.SS,沪深300ETF,csi_300,4.739
2026-03-03,510300.SS,沪深300ETF,csi_300,4.678
2026-03-04,510300.SS,沪深300ETF,csi_300,4.61
2026-03-05,510300.SS,沪深300ETF,csi_300,4.654
2026-03-06,510300.SS,沪深300ETF,csi_300,4.667
2026-03-09,510300.SS,沪深300ETF,csi_300,4.629
2026-03-10,510300.SS,沪深300ETF,csi_300,4.683
2026-03-11,510300.SS,沪深300ETF,csi_300,4.711
2026-03-12,510300.SS,沪深300ETF,csi_300,4.694
2026-03-13,510300.SS,沪深300ETF,csi_300,4.677
2026-03-16,510300.SS,沪深300ETF,csi_300,4.68
2026-03-17,510300.SS,沪深300ETF,csi_300,4.646
2026-03-18,510300.SS,沪深300ETF,csi_300,4.662
2026-03-19,510300.SS,沪深300ETF,csi_300,4.599
2026-03-20,510300.SS,沪深300ETF,csi_300,4.576
2026-03-23,510300.SS,沪深300ETF,csi_300,4.43
2026-03-24,510300.SS,沪深300ETF,csi_300,4.479
2026-03-25,510300.SS,沪深300ETF,csi_300,4.544
2026-03-26,510300.SS,沪深300ETF,csi_300,4.488
2026-03-27,510300.SS,沪深300ETF,csi_300,4.508
2026-03-30,510300.SS,沪深300ETF,csi_300,4.5
2026-03-31,510300.SS,沪深300ETF,csi_300,4.463
2026-04-01,510300.SS,沪深300ETF,csi_300,4.534
2026-04-02,510300.SS,沪深300ETF,csi_300,4.489
2026-04-03,510300.SS,沪深300ETF,csi_300,4.454
2026-04-07,510300.SS,沪深300ETF,csi_300,4.446
2026-04-08,510300.SS,沪深300ETF,csi_300,4.602
2026-04-09,510300.SS,沪深300ETF,csi_300,4.572
2026-04-10,510300.SS,沪深300ETF,csi_300,4.642
2026-04-13,510300.SS,沪深300ETF,csi_300,4.652
2026-04-14,510300.SS,沪深300ETF,csi_300,4.712
2026-04-15,510300.SS,沪深300ETF,csi_300,4.694
2026-04-16,510300.SS,沪深300ETF,csi_300,4.746
2026-04-17,510300.SS,沪深300ETF,csi_300,4.739
2026-04-20,510300.SS,沪深300ETF,csi_300,4.765
2026-04-21,510300.SS,沪深300ETF,csi_300,4.776
2026-04-22,510300.SS,沪深300ETF,csi_300,4.811
2026-04-23,510300.SS,沪深300ETF,csi_300,4.801
2026-04-24,510300.SS,沪深300ETF,csi_300,4.782
2026-04-27,510300.SS,沪深300ETF,csi_300,4.782
2026-04-28,510300.SS,沪深300ETF,csi_300,4.77
2026-04-29,510300.SS,沪深300ETF,csi_300,4.821
2026-04-30,510300.SS,沪深300ETF,csi_300,4.824
2026-05-06,510300.SS,沪深300ETF,csi_300,4.888
2026-05-07,510300.SS,沪深300ETF,csi_300,4.912
2026-05-08,510300.SS,沪深300ETF,csi_300,4.886
2026-05-11,510300.SS,沪深300ETF,csi_300,4.966
2026-05-12,510300.SS,沪深300ETF,csi_300,4.963
2026-05-13,510300.SS,沪深300ETF,csi_300,5.017
2026-05-14,510300.SS,沪深300ETF,csi_300,4.941
2026-05-15,510300.SS,沪深300ETF,csi_300,4.878
2026-05-18,510300.SS,沪深300ETF,csi_300,4.852
2026-05-19,510300.SS,沪深300ETF,csi_300,4.869
2026-05-20,510300.SS,沪深300ETF,csi_300,4.871
2026-05-21,510300.SS,沪深300ETF,csi_300,4.808
2026-05-22,510300.SS,沪深300ETF,csi_300,4.862
2026-05-25,510300.SS,沪深300ETF,csi_300,4.937
2026-05-26,510300.SS,沪深300ETF,csi_300,4.972
2026-05-27,510300.SS,沪深300ETF,csi_300,4.932
2026-05-28,510300.SS,沪深300ETF,csi_300,4.932
2026-05-29,510300.SS,沪深300ETF,csi_300,4.923
2026-06-01,510300.SS,沪深300ETF,csi_300,4.868
2026-06-02,510300.SS,沪深300ETF,csi_300,4.936
2026-06-03,510300.SS,沪深300ETF,csi_300,4.965
2026-06-04,510300.SS,沪深300ETF,csi_300,4.926
2026-06-05,510300.SS,沪深300ETF,csi_300,4.843
2026-06-08,510300.SS,沪深300ETF,csi_300,4.739
2026-06-09,510300.SS,沪深300ETF,csi_300,4.826
2026-06-10,510300.SS,沪深300ETF,csi_300,4.784
2026-06-11,510300.SS,沪深300ETF,csi_300,4.751
2026-06-12,510300.SS,沪深300ETF,csi_300,4.818
2026-06-15,510300.SS,沪深300ETF,csi_300,4.919
2026-06-16,510300.SS,沪深300ETF,csi_300,4.91
2026-06-17,510300.SS,沪深300ETF,csi_300,4.958
2026-06-18,510300.SS,沪深300ETF,csi_300,4.984
2026-06-22,510300.SS,沪深300ETF,csi_300,5.091
2026-06-23,510300.SS,沪深300ETF,csi_300,4.942
2026-06-24,510300.SS,沪深300ETF,csi_300,4.967
2026-06-25,510300.SS,沪深300ETF,csi_300,5.048
2026-06-26,510300.SS,沪深300ETF,csi_300,4.907
2026-06-29,510300.SS,沪深300ETF,csi_300,4.959
2026-06-30,510300.SS,沪深300ETF,csi_300,5.019
2026-07-01,510300.SS,沪深300ETF,csi_300,4.998
2026-07-02,510300.SS,沪深300ETF,csi_300,4.85
2026-07-03,510300.SS,沪深300ETF,csi_300,4.876
2026-07-06,510300.SS,沪深300ETF,csi_300,4.877
2026-07-07,510300.SS,沪深300ETF,csi_300,4.826
2026-07-08,510300.SS,沪深300ETF,csi_300,4.798
2026-07-09,510300.SS,沪深300ETF,csi_300,4.916
2026-07-10,510300.SS,沪深300ETF,csi_300,4.829
2026-07-13,510300.SS,沪深300ETF,csi_300,4.744
2026-07-14,510300.SS,沪深300ETF,csi_300,4.837
2026-07-15,510300.SS,沪深300ETF,csi_300,4.838
2026-07-16,510300.SS,沪深300ETF,csi_300,4.753
2026-07-17,510300.SS,沪深300ETF,csi_300,4.589
2026-07-20,510300.SS,沪深300ETF,csi_300,4.65
2026-07-21,510300.SS,沪深300ETF,csi_300,4.787
2026-07-22,510300.SS,沪深300ETF,csi_300,4.765
2026-07-23,510300.SS,沪深300ETF,csi_300,4.787
2026-07-24,510300.SS,沪深300ETF,csi_300,4.701
2026-07-27,510300.SS,沪深300ETF,csi_300,4.753
2026-07-28,510300.SS,沪深300ETF,csi_300,4.627
2026-07-29,510300.SS,沪深300ETF,csi_300,4.657
2026-07-30,510300.SS,沪深300ETF,csi_300,4.605
2026-07-31,510300.SS,沪深300ETF,csi_300,4.653
2026-08-03,510300.SS,沪深300ETF,csi_300,4.599
2026-08-04,510300.SS,沪深300ETF,csi_300,4.651
2026-08-05,510300.SS,沪深300ETF,csi_300,4.714
2026-08-06,510300.SS,沪深300ETF,csi_300,4.709
2026-08-07,510300.SS,沪深300ETF,csi_300,4.751
2026-08-10,510300.SS,沪深300ETF,csi_300,4.759
2026-08-11,510300.SS,沪深300ETF,csi_300,4.728
2026-08-12,510300.SS,沪深300ETF,csi_300,4.736
2023-08-14,510500.SS,中证500ETF,csi_500,5.632
2023-08-15,510500.SS,中证500ETF,csi_500,5.599
2023-08-16,510500.SS,中证500ETF,csi_500,5.556
2023-08-17,510500.SS,中证500ETF,csi_500,5.592
2023-08-18,510500.SS,中证500ETF,csi_500,5.499
2023-08-21,510500.SS,中证500ETF,csi_500,5.422
2023-08-22,510500.SS,中证500ETF,csi_500,5.449
2023-08-23,510500.SS,中证500ETF,csi_500,5.349
2023-08-24,510500.SS,中证500ETF,csi_500,5.365
2023-08-25,510500.SS,中证500ETF,csi_500,5.297
2023-08-28,510500.SS,中证500ETF,csi_500,5.36
2023-08-29,510500.SS,中证500ETF,csi_500,5.485
2023-08-30,510500.SS,中证500ETF,csi_500,5.486
2023-08-31,510500.SS,中证500ETF,csi_500,5.457
2023-09-01,510500.SS,中证500ETF,csi_500,5.463
2023-09-04,510500.SS,中证500ETF,csi_500,5.547
2023-09-05,510500.SS,中证500ETF,csi_500,5.504
2023-09-06,510500.SS,中证500ETF,csi_500,5.502
2023-09-07,510500.SS,中证500ETF,csi_500,5.42
2023-09-08,510500.SS,中证500ETF,csi_500,5.418
2023-09-11,510500.SS,中证500ETF,csi_500,5.485
2023-09-12,510500.SS,中证500ETF,csi_500,5.487
2023-09-13,510500.SS,中证500ETF,csi_500,5.428
2023-09-14,510500.SS,中证500ETF,csi_500,5.423
2023-09-15,510500.SS,中证500ETF,csi_500,5.424
2023-09-18,510500.SS,中证500ETF,csi_500,5.436
2023-09-19,510500.SS,中证500ETF,csi_500,5.411
2023-09-20,510500.SS,中证500ETF,csi_500,5.37
2023-09-21,510500.SS,中证500ETF,csi_500,5.324
2023-09-22,510500.SS,中证500ETF,csi_500,5.422
2023-09-25,510500.SS,中证500ETF,csi_500,5.389
2023-09-26,510500.SS,中证500ETF,csi_500,5.37
2023-09-27,510500.SS,中证500ETF,csi_500,5.395
2023-09-28,510500.SS,中证500ETF,csi_500,5.403
2023-10-09,510500.SS,中证500ETF,csi_500,5.371
2023-10-10,510500.SS,中证500ETF,csi_500,5.343
2023-10-11,510500.SS,中证500ETF,csi_500,5.338
2023-10-12,510500.SS,中证500ETF,csi_500,5.381
2023-10-13,510500.SS,中证500ETF,csi_500,5.351
2023-10-16,510500.SS,中证500ETF,csi_500,5.294
2023-10-17,510500.SS,中证500ETF,csi_500,5.305
2023-10-18,510500.SS,中证500ETF,csi_500,5.237
2023-10-19,510500.SS,中证500ETF,csi_500,5.172
2023-10-20,510500.SS,中证500ETF,csi_500,5.134
2023-10-23,510500.SS,中证500ETF,csi_500,4.987
2023-10-24,510500.SS,中证500ETF,csi_500,5.051
2023-10-25,510500.SS,中证500ETF,csi_500,5.078
2023-10-26,510500.SS,中证500ETF,csi_500,5.102
2023-10-27,510500.SS,中证500ETF,csi_500,5.206
2023-10-30,510500.SS,中证500ETF,csi_500,5.251
2023-10-31,510500.SS,中证500ETF,csi_500,5.238
2023-11-01,510500.SS,中证500ETF,csi_500,5.226
2023-11-02,510500.SS,中证500ETF,csi_500,5.175
2023-11-03,510500.SS,中证500ETF,csi_500,5.216
2023-11-06,510500.SS,中证500ETF,csi_500,5.311
2023-11-07,510500.SS,中证500ETF,csi_500,5.32
2023-11-08,510500.SS,中证500ETF,csi_500,5.316
2023-11-09,510500.SS,中证500ETF,csi_500,5.304
2023-11-10,510500.SS,中证500ETF,csi_500,5.284
2023-11-13,510500.SS,中证500ETF,csi_500,5.315
2023-11-14,510500.SS,中证500ETF,csi_500,5.339
2023-11-15,510500.SS,中证500ETF,csi_500,5.376
2023-11-16,510500.SS,中证500ETF,csi_500,5.318
2023-11-17,510500.SS,中证500ETF,csi_500,5.337
2023-11-20,510500.SS,中证500ETF,csi_500,5.369
2023-11-21,510500.SS,中证500ETF,csi_500,5.352
2023-11-22,510500.SS,中证500ETF,csi_500,5.279
2023-11-23,510500.SS,中证500ETF,csi_500,5.33
2023-11-24,510500.SS,中证500ETF,csi_500,5.284
2023-11-27,510500.SS,中证500ETF,csi_500,5.27
2023-11-28,510500.SS,中证500ETF,csi_500,5.296
2023-11-29,510500.SS,中证500ETF,csi_500,5.267
2023-11-30,510500.SS,中证500ETF,csi_500,5.248
2023-12-01,510500.SS,中证500ETF,csi_500,5.275
2023-12-04,510500.SS,中证500ETF,csi_500,5.263
2023-12-05,510500.SS,中证500ETF,csi_500,5.176
2023-12-06,510500.SS,中证500ETF,csi_500,5.188
2023-12-07,510500.SS,中证500ETF,csi_500,5.193
2023-12-08,510500.SS,中证500ETF,csi_500,5.205
2023-12-11,510500.SS,中证500ETF,csi_500,5.267
2023-12-12,510500.SS,中证500ETF,csi_500,5.277
2023-12-13,510500.SS,中证500ETF,csi_500,5.218
2023-12-14,510500.SS,中证500ETF,csi_500,5.199
2023-12-15,510500.SS,中证500ETF,csi_500,5.155
2023-12-18,510500.SS,中证500ETF,csi_500,5.094
2023-12-19,510500.SS,中证500ETF,csi_500,5.085
2023-12-20,510500.SS,中证500ETF,csi_500,5.023
2023-12-21,510500.SS,中证500ETF,csi_500,5.037
2023-12-22,510500.SS,中证500ETF,csi_500,5.021
2023-12-25,510500.SS,中证500ETF,csi_500,5.014
2023-12-26,510500.SS,中证500ETF,csi_500,4.967
2023-12-27,510500.SS,中证500ETF,csi_500,4.983
2023-12-28,510500.SS,中证500ETF,csi_500,5.086
2023-12-29,510500.SS,中证500ETF,csi_500,5.13
2024-01-02,510500.SS,中证500ETF,csi_500,5.108
2024-01-03,510500.SS,中证500ETF,csi_500,5.101
2024-01-04,510500.SS,中证500ETF,csi_500,5.057
2024-01-05,510500.SS,中证500ETF,csi_500,4.987
2024-01-08,510500.SS,中证500ETF,csi_500,4.861
2024-01-09,510500.SS,中证500ETF,csi_500,4.873
2024-01-10,510500.SS,中证500ETF,csi_500,4.86
2024-01-11,510500.SS,中证500ETF,csi_500,4.923
2024-01-12,510500.SS,中证500ETF,csi_500,4.903
2024-01-15,510500.SS,中证500ETF,csi_500,4.89
2024-01-16,510500.SS,中证500ETF,csi_500,4.885
2024-01-17,510500.SS,中证500ETF,csi_500,4.752
2024-01-18,510500.SS,中证500ETF,csi_500,4.757
2024-01-19,510500.SS,中证500ETF,csi_500,4.717
2024-01-22,510500.SS,中证500ETF,csi_500,4.481
2024-01-23,510500.SS,中证500ETF,csi_500,4.559
2024-01-24,510500.SS,中证500ETF,csi_500,4.629
2024-01-25,510500.SS,中证500ETF,csi_500,4.777
2024-01-26,510500.SS,中证500ETF,csi_500,4.72
2024-01-29,510500.SS,中证500ETF,csi_500,4.624
2024-01-30,510500.SS,中证500ETF,csi_500,4.522
2024-01-31,510500.SS,中证500ETF,csi_500,4.394
2024-02-01,510500.SS,中证500ETF,csi_500,4.376
2024-02-02,510500.SS,中证500ETF,csi_500,4.248
2024-02-05,510500.SS,中证500ETF,csi_500,4.146
2024-02-06,510500.SS,中证500ETF,csi_500,4.524
2024-02-07,510500.SS,中证500ETF,csi_500,4.836
2024-02-08,510500.SS,中证500ETF,csi_500,4.86
2024-02-19,510500.SS,中证500ETF,csi_500,4.826
2024-02-20,510500.SS,中证500ETF,csi_500,4.826
2024-02-21,510500.SS,中证500ETF,csi_500,4.823
2024-02-22,510500.SS,中证500ETF,csi_500,4.868
2024-02-23,510500.SS,中证500ETF,csi_500,4.892
2024-02-26,510500.SS,中证500ETF,csi_500,4.882
2024-02-27,510500.SS,中证500ETF,csi_500,5.009
2024-02-28,510500.SS,中证500ETF,csi_500,4.87
2024-02-29,510500.SS,中证500ETF,csi_500,5.042
2024-03-01,510500.SS,中证500ETF,csi_500,5.078
2024-03-04,510500.SS,中证500ETF,csi_500,5.076
2024-03-05,510500.SS,中证500ETF,csi_500,5.049
2024-03-06,510500.SS,中证500ETF,csi_500,5.044
2024-03-07,510500.SS,中证500ETF,csi_500,4.974
2024-03-08,510500.SS,中证500ETF,csi_500,5.045
2024-03-11,510500.SS,中证500ETF,csi_500,5.147
2024-03-12,510500.SS,中证500ETF,csi_500,5.116
2024-03-13,510500.SS,中证500ETF,csi_500,5.108
2024-03-14,510500.SS,中证500ETF,csi_500,5.085
2024-03-15,510500.SS,中证500ETF,csi_500,5.16
2024-03-18,510500.SS,中证500ETF,csi_500,5.231
2024-03-19,510500.SS,中证500ETF,csi_500,5.172
2024-03-20,510500.SS,中证500ETF,csi_500,5.186
2024-03-21,510500.SS,中证500ETF,csi_500,5.159
2024-03-22,510500.SS,中证500ETF,csi_500,5.076
2024-03-25,510500.SS,中证500ETF,csi_500,4.995
2024-03-26,510500.SS,中证500ETF,csi_500,4.971
2024-03-27,510500.SS,中证500ETF,csi_500,4.847
2024-03-28,510500.SS,中证500ETF,csi_500,4.914
2024-03-29,510500.SS,中证500ETF,csi_500,4.982
2024-04-01,510500.SS,中证500ETF,csi_500,5.095
2024-04-02,510500.SS,中证500ETF,csi_500,5.073
2024-04-03,510500.SS,中证500ETF,csi_500,5.07
2024-04-08,510500.SS,中证500ETF,csi_500,4.99
2024-04-09,510500.SS,中证500ETF,csi_500,5.035
2024-04-10,510500.SS,中证500ETF,csi_500,4.972
2024-04-11,510500.SS,中证500ETF,csi_500,4.997
2024-04-12,510500.SS,中证500ETF,csi_500,4.968
2024-04-15,510500.SS,中证500ETF,csi_500,5.039
2024-04-16,510500.SS,中证500ETF,csi_500,4.891
2024-04-17,510500.SS,中证500ETF,csi_500,5.032
2024-04-18,510500.SS,中证500ETF,csi_500,5.042
2024-04-19,510500.SS,中证500ETF,csi_500,5.005
2024-04-22,510500.SS,中证500ETF,csi_500,4.96
2024-04-23,510500.SS,中证500ETF,csi_500,4.898
2024-04-24,510500.SS,中证500ETF,csi_500,4.96
2024-04-25,510500.SS,中证500ETF,csi_500,4.952
2024-04-26,510500.SS,中证500ETF,csi_500,5.072
2024-04-29,510500.SS,中证500ETF,csi_500,5.178
2024-04-30,510500.SS,中证500ETF,csi_500,5.14
2024-05-06,510500.SS,中证500ETF,csi_500,5.225
2024-05-07,510500.SS,中证500ETF,csi_500,5.224
2024-05-08,510500.SS,中证500ETF,csi_500,5.153
2024-05-09,510500.SS,中证500ETF,csi_500,5.254
2024-05-10,510500.SS,中证500ETF,csi_500,5.234
2024-05-13,510500.SS,中证500ETF,csi_500,5.205
2024-05-14,510500.SS,中证500ETF,csi_500,5.199
2024-05-15,510500.SS,中证500ETF,csi_500,5.15
2024-05-16,510500.SS,中证500ETF,csi_500,5.124
2024-05-17,510500.SS,中证500ETF,csi_500,5.202
2024-05-20,510500.SS,中证500ETF,csi_500,5.222
2024-05-21,510500.SS,中证500ETF,csi_500,5.182
2024-05-22,510500.SS,中证500ETF,csi_500,5.176
2024-05-23,510500.SS,中证500ETF,csi_500,5.081
2024-05-24,510500.SS,中证500ETF,csi_500,5.029
2024-05-27,510500.SS,中证500ETF,csi_500,5.081
2024-05-28,510500.SS,中证500ETF,csi_500,5.034
2024-05-29,510500.SS,中证500ETF,csi_500,5.045
2024-05-30,510500.SS,中证500ETF,csi_500,5.034
2024-05-31,510500.SS,中证500ETF,csi_500,5.033
2024-06-03,510500.SS,中证500ETF,csi_500,4.992
2024-06-04,510500.SS,中证500ETF,csi_500,5.063
2024-06-05,510500.SS,中证500ETF,csi_500,5.005
2024-06-06,510500.SS,中证500ETF,csi_500,4.967
2024-06-07,510500.SS,中证500ETF,csi_500,4.942
2024-06-11,510500.SS,中证500ETF,csi_500,4.954
2024-06-12,510500.SS,中证500ETF,csi_500,4.969
2024-06-13,510500.SS,中证500ETF,csi_500,4.942
2024-06-14,510500.SS,中证500ETF,csi_500,4.967
2024-06-17,510500.SS,中证500ETF,csi_500,4.949
2024-06-18,510500.SS,中证500ETF,csi_500,4.976
2024-06-19,510500.SS,中证500ETF,csi_500,4.922
2024-06-20,510500.SS,中证500ETF,csi_500,4.844
2024-06-21,510500.SS,中证500ETF,csi_500,4.853
2024-06-24,510500.SS,中证500ETF,csi_500,4.745
2024-06-25,510500.SS,中证500ETF,csi_500,4.701
2024-06-26,510500.SS,中证500ETF,csi_500,4.77
2024-06-27,510500.SS,中证500ETF,csi_500,4.686
2024-06-28,510500.SS,中证500ETF,csi_500,4.694
2024-07-01,510500.SS,中证500ETF,csi_500,4.753
2024-07-02,510500.SS,中证500ETF,csi_500,4.707
2024-07-03,510500.SS,中证500ETF,csi_500,4.664
2024-07-04,510500.SS,中证500ETF,csi_500,4.593
2024-07-05,510500.SS,中证500ETF,csi_500,4.628
2024-07-08,510500.SS,中证500ETF,csi_500,4.546
2024-07-09,510500.SS,中证500ETF,csi_500,4.634
2024-07-10,510500.SS,中证500ETF,csi_500,4.606
2024-07-11,510500.SS,中证500ETF,csi_500,4.705
2024-07-12,510500.SS,中证500ETF,csi_500,4.683
2024-07-15,510500.SS,中证500ETF,csi_500,4.647
2024-07-16,510500.SS,中证500ETF,csi_500,4.664
2024-07-17,510500.SS,中证500ETF,csi_500,4.629
2024-07-18,510500.SS,中证500ETF,csi_500,4.652
2024-07-19,510500.SS,中证500ETF,csi_500,4.644
2024-07-22,510500.SS,中证500ETF,csi_500,4.632
2024-07-23,510500.SS,中证500ETF,csi_500,4.492
2024-07-24,510500.SS,中证500ETF,csi_500,4.435
2024-07-25,510500.SS,中证500ETF,csi_500,4.429
2024-07-26,510500.SS,中证500ETF,csi_500,4.504
2024-07-29,510500.SS,中证500ETF,csi_500,4.474
2024-07-30,510500.SS,中证500ETF,csi_500,4.47
2024-07-31,510500.SS,中证500ETF,csi_500,4.673
2024-08-01,510500.SS,中证500ETF,csi_500,4.628
2024-08-02,510500.SS,中证500ETF,csi_500,4.562
2024-08-05,510500.SS,中证500ETF,csi_500,4.468
2024-08-06,510500.SS,中证500ETF,csi_500,4.519
2024-08-07,510500.SS,中证500ETF,csi_500,4.521
2024-08-08,510500.SS,中证500ETF,csi_500,4.531
2024-08-09,510500.SS,中证500ETF,csi_500,4.49
2024-08-12,510500.SS,中证500ETF,csi_500,4.492
2024-08-13,510500.SS,中证500ETF,csi_500,4.502
2024-08-14,510500.SS,中证500ETF,csi_500,4.435
2024-08-15,510500.SS,中证500ETF,csi_500,4.472
2024-08-16,510500.SS,中证500ETF,csi_500,4.444
2024-08-19,510500.SS,中证500ETF,csi_500,4.452
2024-08-20,510500.SS,中证500ETF,csi_500,4.37
2024-08-21,510500.SS,中证500ETF,csi_500,4.361
2024-08-22,510500.SS,中证500ETF,csi_500,4.305
2024-08-23,510500.SS,中证500ETF,csi_500,4.306
2024-08-26,510500.SS,中证500ETF,csi_500,4.311
2024-08-27,510500.SS,中证500ETF,csi_500,4.265
2024-08-28,510500.SS,中证500ETF,csi_500,4.266
2024-08-29,510500.SS,中证500ETF,csi_500,4.33
2024-08-30,510500.SS,中证500ETF,csi_500,4.41
2024-09-02,510500.SS,中证500ETF,csi_500,4.315
2024-09-03,510500.SS,中证500ETF,csi_500,4.364
2024-09-04,510500.SS,中证500ETF,csi_500,4.352
2024-09-05,510500.SS,中证500ETF,csi_500,4.373
2024-09-06,510500.SS,中证500ETF,csi_500,4.309
2024-09-09,510500.SS,中证500ETF,csi_500,4.276
2024-09-10,510500.SS,中证500ETF,csi_500,4.274
2024-09-11,510500.SS,中证500ETF,csi_500,4.286
2024-09-12,510500.SS,中证500ETF,csi_500,4.268
2024-09-13,510500.SS,中证500ETF,csi_500,4.22
2024-09-18,510500.SS,中证500ETF,csi_500,4.235
2024-09-19,510500.SS,中证500ETF,csi_500,4.298
2024-09-20,510500.SS,中证500ETF,csi_500,4.266
2024-09-23,510500.SS,中证500ETF,csi_500,4.265
2024-09-24,510500.SS,中证500ETF,csi_500,4.477
2024-09-25,510500.SS,中证500ETF,csi_500,4.511
2024-09-26,510500.SS,中证500ETF,csi_500,4.759
2024-09-27,510500.SS,中证500ETF,csi_500,5.191
2024-09-30,510500.SS,中证500ETF,csi_500,5.693
2024-10-08,510500.SS,中证500ETF,csi_500,5.944
2024-10-09,510500.SS,中证500ETF,csi_500,5.561
2024-10-10,510500.SS,中证500ETF,csi_500,5.487
2024-10-11,510500.SS,中证500ETF,csi_500,5.254
2024-10-14,510500.SS,中证500ETF,csi_500,5.391
2024-10-15,510500.SS,中证500ETF,csi_500,5.249
2024-10-16,510500.SS,中证500ETF,csi_500,5.244
2024-10-17,510500.SS,中证500ETF,csi_500,5.2
2024-10-18,510500.SS,中证500ETF,csi_500,5.435
2024-10-21,510500.SS,中证500ETF,csi_500,5.491
2024-10-22,510500.SS,中证500ETF,csi_500,5.544
2024-10-23,510500.SS,中证500ETF,csi_500,5.567
2024-10-24,510500.SS,中证500ETF,csi_500,5.516
2024-10-25,510500.SS,中证500ETF,csi_500,5.605
2024-10-28,510500.SS,中证500ETF,csi_500,5.673
2024-10-29,510500.SS,中证500ETF,csi_500,5.614
2024-10-30,510500.SS,中证500ETF,csi_500,5.632
2024-10-31,510500.SS,中证500ETF,csi_500,5.698
2024-11-01,510500.SS,中证500ETF,csi_500,5.644
2024-11-04,510500.SS,中证500ETF,csi_500,5.731
2024-11-05,510500.SS,中证500ETF,csi_500,5.914
2024-11-06,510500.SS,中证500ETF,csi_500,5.921
2024-11-07,510500.SS,中证500ETF,csi_500,6.041
2024-11-08,510500.SS,中证500ETF,csi_500,6.024
2024-11-11,510500.SS,中证500ETF,csi_500,6.13
2024-11-12,510500.SS,中证500ETF,csi_500,6.07
2024-11-13,510500.SS,中证500ETF,csi_500,6.051
2024-11-14,510500.SS,中证500ETF,csi_500,5.879
2024-11-15,510500.SS,中证500ETF,csi_500,5.719
2024-11-18,510500.SS,中证500ETF,csi_500,5.629
2024-11-19,510500.SS,中证500ETF,csi_500,5.722
2024-11-20,510500.SS,中证500ETF,csi_500,5.783
2024-11-21,510500.SS,中证500ETF,csi_500,5.778
2024-11-22,510500.SS,中证500ETF,csi_500,5.538
2024-11-25,510500.SS,中证500ETF,csi_500,5.523
2024-11-26,510500.SS,中证500ETF,csi_500,5.483
2024-11-27,510500.SS,中证500ETF,csi_500,5.594
2024-11-28,510500.SS,中证500ETF,csi_500,5.556
2024-11-29,510500.SS,中证500ETF,csi_500,5.642
2024-12-02,510500.SS,中证500ETF,csi_500,5.734
2024-12-03,510500.SS,中证500ETF,csi_500,5.724
2024-12-04,510500.SS,中证500ETF,csi_500,5.679
2024-12-05,510500.SS,中证500ETF,csi_500,5.696
2024-12-06,510500.SS,中证500ETF,csi_500,5.774
2024-12-09,510500.SS,中证500ETF,csi_500,5.741
2024-12-10,510500.SS,中证500ETF,csi_500,5.793
2024-12-11,510500.SS,中证500ETF,csi_500,5.839
2024-12-12,510500.SS,中证500ETF,csi_500,5.895
2024-12-13,510500.SS,中证500ETF,csi_500,5.797
2024-12-16,510500.SS,中证500ETF,csi_500,5.703
2024-12-17,510500.SS,中证500ETF,csi_500,5.639
2024-12-18,510500.SS,中证500ETF,csi_500,5.677
2024-12-19,510500.SS,中证500ETF,csi_500,5.695
2024-12-20,510500.SS,中证500ETF,csi_500,5.707
2024-12-23,510500.SS,中证500ETF,csi_500,5.613
2024-12-24,510500.SS,中证500ETF,csi_500,5.68
2024-12-25,510500.SS,中证500ETF,csi_500,5.63
2024-12-26,510500.SS,中证500ETF,csi_500,5.675
2024-12-27,510500.SS,中证500ETF,csi_500,5.689
2024-12-30,510500.SS,中证500ETF,csi_500,5.687
2024-12-31,510500.SS,中证500ETF,csi_500,5.509
2025-01-02,510500.SS,中证500ETF,csi_500,5.335
2025-01-03,510500.SS,中证500ETF,csi_500,5.221
2025-01-06,510500.SS,中证500ETF,csi_500,5.208
2025-01-07,510500.SS,中证500ETF,csi_500,5.266
2025-01-08,510500.SS,中证500ETF,csi_500,5.243
2025-01-09,510500.SS,中证500ETF,csi_500,5.239
2025-01-10,510500.SS,中证500ETF,csi_500,5.157
2025-01-13,510500.SS,中证500ETF,csi_500,5.166
2025-01-14,510500.SS,中证500ETF,csi_500,5.353
2025-01-15,510500.SS,中证500ETF,csi_500,5.308
2025-01-16,510500.SS,中证500ETF,csi_500,5.326
2025-01-17,510500.SS,中证500ETF,csi_500,5.37
2025-01-20,510500.SS,中证500ETF,csi_500,5.397
2025-01-21,510500.SS,中证500ETF,csi_500,5.417
2025-01-22,510500.SS,中证500ETF,csi_500,5.396
2025-01-23,510500.SS,中证500ETF,csi_500,5.373
2025-01-24,510500.SS,中证500ETF,csi_500,5.441
2025-01-27,510500.SS,中证500ETF,csi_500,5.374
2025-02-05,510500.SS,中证500ETF,csi_500,5.397
2025-02-06,510500.SS,中证500ETF,csi_500,5.529
2025-02-07,510500.SS,中证500ETF,csi_500,5.62
2025-02-10,510500.SS,中证500ETF,csi_500,5.671
2025-02-11,510500.SS,中证500ETF,csi_500,5.648
2025-02-12,510500.SS,中证500ETF,csi_500,5.725
2025-02-13,510500.SS,中证500ETF,csi_500,5.696
2025-02-14,510500.SS,中证500ETF,csi_500,5.742
2025-02-17,510500.SS,中证500ETF,csi_500,5.733
2025-02-18,510500.SS,中证500ETF,csi_500,5.633
2025-02-19,510500.SS,中证500ETF,csi_500,5.726
2025-02-20,510500.SS,中证500ETF,csi_500,5.741
2025-02-21,510500.SS,中证500ETF,csi_500,5.843
2025-02-24,510500.SS,中证500ETF,csi_500,5.825
2025-02-25,510500.SS,中证500ETF,csi_500,5.762
2025-02-26,510500.SS,中证500ETF,csi_500,5.834
2025-02-27,510500.SS,中证500ETF,csi_500,5.818
2025-02-28,510500.SS,中证500ETF,csi_500,5.656
2025-03-03,510500.SS,中证500ETF,csi_500,5.666
2025-03-04,510500.SS,中证500ETF,csi_500,5.718
2025-03-05,510500.SS,中证500ETF,csi_500,5.733
2025-03-06,510500.SS,中证500ETF,csi_500,5.828
2025-03-07,510500.SS,中证500ETF,csi_500,5.802
2025-03-10,510500.SS,中证500ETF,csi_500,5.795
2025-03-11,510500.SS,中证500ETF,csi_500,5.825
2025-03-12,510500.SS,中证500ETF,csi_500,5.829
2025-03-13,510500.SS,中证500ETF,csi_500,5.778
2025-03-14,510500.SS,中证500ETF,csi_500,5.887
2025-03-17,510500.SS,中证500ETF,csi_500,5.889
2025-03-18,510500.SS,中证500ETF,csi_500,5.915
2025-03-19,510500.SS,中证500ETF,csi_500,5.891
2025-03-20,510500.SS,中证500ETF,csi_500,5.849
2025-03-21,510500.SS,中证500ETF,csi_500,5.757
2025-03-24,510500.SS,中证500ETF,csi_500,5.75
2025-03-25,510500.SS,中证500ETF,csi_500,5.73
2025-03-26,510500.SS,中证500ETF,csi_500,5.73
2025-03-27,510500.SS,中证500ETF,csi_500,5.745
2025-03-28,510500.SS,中证500ETF,csi_500,5.698
2025-03-31,510500.SS,中证500ETF,csi_500,5.643
2025-04-01,510500.SS,中证500ETF,csi_500,5.675
2025-04-02,510500.SS,中证500ETF,csi_500,5.682
2025-04-03,510500.SS,中证500ETF,csi_500,5.631
2025-04-07,510500.SS,中证500ETF,csi_500,5.069
2025-04-08,510500.SS,中证500ETF,csi_500,5.102
2025-04-09,510500.SS,中证500ETF,csi_500,5.217
2025-04-10,510500.SS,中证500ETF,csi_500,5.324
2025-04-11,510500.SS,中证500ETF,csi_500,5.362
2025-04-14,510500.SS,中证500ETF,csi_500,5.406
2025-04-15,510500.SS,中证500ETF,csi_500,5.383
2025-04-16,510500.SS,中证500ETF,csi_500,5.334
2025-04-17,510500.SS,中证500ETF,csi_500,5.337
2025-04-18,510500.SS,中证500ETF,csi_500,5.339
2025-04-21,510500.SS,中证500ETF,csi_500,5.421
2025-04-22,510500.SS,中证500ETF,csi_500,5.406
2025-04-23,510500.SS,中证500ETF,csi_500,5.417
2025-04-24,510500.SS,中证500ETF,csi_500,5.394
2025-04-25,510500.SS,中证500ETF,csi_500,5.41
2025-04-28,510500.SS,中证500ETF,csi_500,5.384
2025-04-29,510500.SS,中证500ETF,csi_500,5.387
2025-04-30,510500.SS,中证500ETF,csi_500,5.415
2025-05-06,510500.SS,中证500ETF,csi_500,5.522
2025-05-07,510500.SS,中证500ETF,csi_500,5.532
2025-05-08,510500.SS,中证500ETF,csi_500,5.556
2025-05-09,510500.SS,中证500ETF,csi_500,5.509
2025-05-12,510500.SS,中证500ETF,csi_500,5.581
2025-05-13,510500.SS,中证500ETF,csi_500,5.567
2025-05-14,510500.SS,中证500ETF,csi_500,5.587
2025-05-15,510500.SS,中证500ETF,csi_500,5.51
2025-05-16,510500.SS,中证500ETF,csi_500,5.5
2025-05-19,510500.SS,中证500ETF,csi_500,5.514
2025-05-20,510500.SS,中证500ETF,csi_500,5.538
2025-05-21,510500.SS,中证500ETF,csi_500,5.545
2025-05-22,510500.SS,中证500ETF,csi_500,5.5
2025-05-23,510500.SS,中证500ETF,csi_500,5.451
2025-05-26,510500.SS,中证500ETF,csi_500,5.46
2025-05-27,510500.SS,中证500ETF,csi_500,5.446
2025-05-28,510500.SS,中证500ETF,csi_500,5.436
2025-05-29,510500.SS,中证500ETF,csi_500,5.516
2025-05-30,510500.SS,中证500ETF,csi_500,5.483
2025-06-03,510500.SS,中证500ETF,csi_500,5.492
2025-06-04,510500.SS,中证500ETF,csi_500,5.538
2025-06-05,510500.SS,中证500ETF,csi_500,5.573
2025-06-06,510500.SS,中证500ETF,csi_500,5.574
2025-06-09,510500.SS,中证500ETF,csi_500,5.614
2025-06-10,510500.SS,中证500ETF,csi_500,5.566
2025-06-11,510500.SS,中证500ETF,csi_500,5.603
2025-06-12,510500.SS,中证500ETF,csi_500,5.614
2025-06-13,510500.SS,中证500ETF,csi_500,5.565
2025-06-16,510500.SS,中证500ETF,csi_500,5.586
2025-06-17,510500.SS,中证500ETF,csi_500,5.574
2025-06-18,510500.SS,中证500ETF,csi_500,5.565
2025-06-19,510500.SS,中证500ETF,csi_500,5.507
2025-06-20,510500.SS,中证500ETF,csi_500,5.468
2025-06-23,510500.SS,中证500ETF,csi_500,5.501
2025-06-24,510500.SS,中证500ETF,csi_500,5.593
2025-06-25,510500.SS,中证500ETF,csi_500,5.702
2025-06-26,510500.SS,中证500ETF,csi_500,5.677
2025-06-27,510500.SS,中证500ETF,csi_500,5.699
2025-06-30,510500.SS,中证500ETF,csi_500,5.752
2025-07-01,510500.SS,中证500ETF,csi_500,5.771
2025-07-02,510500.SS,中证500ETF,csi_500,5.736
2025-07-03,510500.SS,中证500ETF,csi_500,5.76
2025-07-04,510500.SS,中证500ETF,csi_500,5.752
2025-07-07,510500.SS,中证500ETF,csi_500,5.74
2025-07-08,510500.SS,中证500ETF,csi_500,5.82
2025-07-09,510500.SS,中证500ETF,csi_500,5.794
2025-07-10,510500.SS,中证500ETF,csi_500,5.827
2025-07-11,510500.SS,中证500ETF,csi_500,5.879
2025-07-14,510500.SS,中证500ETF,csi_500,5.868
2025-07-15,510500.SS,中证500ETF,csi_500,5.866
2025-07-16,510500.SS,中证500ETF,csi_500,5.865
2025-07-17,510500.SS,中证500ETF,csi_500,5.935
2025-07-18,510500.SS,中证500ETF,csi_500,5.954
2025-07-21,510500.SS,中证500ETF,csi_500,6.015
2025-07-22,510500.SS,中证500ETF,csi_500,6.081
2025-07-23,510500.SS,中证500ETF,csi_500,6.059
2025-07-24,510500.SS,中证500ETF,csi_500,6.152
2025-07-25,510500.SS,中证500ETF,csi_500,6.154
2025-07-28,510500.SS,中证500ETF,csi_500,6.18
2025-07-29,510500.SS,中证500ETF,csi_500,6.22
2025-07-30,510500.SS,中证500ETF,csi_500,6.178
2025-07-31,510500.SS,中证500ETF,csi_500,6.086
2025-08-01,510500.SS,中证500ETF,csi_500,6.076
2025-08-04,510500.SS,中证500ETF,csi_500,6.124
2025-08-05,510500.SS,中证500ETF,csi_500,6.165
2025-08-06,510500.SS,中证500ETF,csi_500,6.217
2025-08-07,510500.SS,中证500ETF,csi_500,6.197
2025-08-08,510500.SS,中证500ETF,csi_500,6.186
2025-08-11,510500.SS,中证500ETF,csi_500,6.253
2025-08-12,510500.SS,中证500ETF,csi_500,6.286
2025-08-13,510500.SS,中证500ETF,csi_500,6.371
2025-08-14,510500.SS,中证500ETF,csi_500,6.303
2025-08-15,510500.SS,中证500ETF,csi_500,6.447
2025-08-18,510500.SS,中证500ETF,csi_500,6.537
2025-08-19,510500.SS,中证500ETF,csi_500,6.522
2025-08-20,510500.SS,中证500ETF,csi_500,6.613
2025-08-21,510500.SS,中证500ETF,csi_500,6.575
2025-08-22,510500.SS,中证500ETF,csi_500,6.704
2025-08-25,510500.SS,中证500ETF,csi_500,6.826
2025-08-26,510500.SS,中证500ETF,csi_500,6.837
2025-08-27,510500.SS,中证500ETF,csi_500,6.742
2025-08-28,510500.SS,中证500ETF,csi_500,6.893
2025-08-29,510500.SS,中证500ETF,csi_500,6.93
2025-09-01,510500.SS,中证500ETF,csi_500,6.995
2025-09-02,510500.SS,中证500ETF,csi_500,6.844
2025-09-03,510500.SS,中证500ETF,csi_500,6.729
2025-09-04,510500.SS,中证500ETF,csi_500,6.568
2025-09-05,510500.SS,中证500ETF,csi_500,6.8
2025-09-08,510500.SS,中证500ETF,csi_500,6.862
2025-09-09,510500.SS,中证500ETF,csi_500,6.795
2025-09-10,510500.SS,中证500ETF,csi_500,6.792
2025-09-11,510500.SS,中证500ETF,csi_500,7.013
2025-09-12,510500.SS,中证500ETF,csi_500,7.031
2025-09-15,510500.SS,中证500ETF,csi_500,7.015
2025-09-16,510500.SS,中证500ETF,csi_500,7.071
2025-09-17,510500.SS,中证500ETF,csi_500,7.146
2025-09-18,510500.SS,中证500ETF,csi_500,7.081
2025-09-19,510500.SS,中证500ETF,csi_500,7.05
2025-09-22,510500.SS,中证500ETF,csi_500,7.107
2025-09-23,510500.SS,中证500ETF,csi_500,7.066
2025-09-24,510500.SS,中证500ETF,csi_500,7.221
2025-09-25,510500.SS,中证500ETF,csi_500,7.23
2025-09-26,510500.SS,中证500ETF,csi_500,7.125
2025-09-29,510500.SS,中证500ETF,csi_500,7.251
2025-09-30,510500.SS,中证500ETF,csi_500,7.308
2025-10-09,510500.SS,中证500ETF,csi_500,7.438
2025-10-10,510500.SS,中证500ETF,csi_500,7.294
2025-10-13,510500.SS,中证500ETF,csi_500,7.258
2025-10-14,510500.SS,中证500ETF,csi_500,7.078
2025-10-15,510500.SS,中证500ETF,csi_500,7.182
2025-10-16,510500.SS,中证500ETF,csi_500,7.125
2025-10-17,510500.SS,中证500ETF,csi_500,6.903
2025-10-20,510500.SS,中证500ETF,csi_500,6.949
2025-10-21,510500.SS,中证500ETF,csi_500,7.069
2025-10-22,510500.SS,中证500ETF,csi_500,7.013
2025-10-23,510500.SS,中证500ETF,csi_500,7.038
2025-10-24,510500.SS,中证500ETF,csi_500,7.158
2025-10-27,510500.SS,中证500ETF,csi_500,7.267
2025-10-28,510500.SS,中证500ETF,csi_500,7.23
2025-10-29,510500.SS,中证500ETF,csi_500,7.383
2025-10-30,510500.SS,中证500ETF,csi_500,7.286
2025-10-31,510500.SS,中证500ETF,csi_500,7.225
2025-11-03,510500.SS,中证500ETF,csi_500,7.228
2025-11-04,510500.SS,中证500ETF,csi_500,7.102
2025-11-05,510500.SS,中证500ETF,csi_500,7.119
2025-11-06,510500.SS,中证500ETF,csi_500,7.24
2025-11-07,510500.SS,中证500ETF,csi_500,7.229
2025-11-10,510500.SS,中证500ETF,csi_500,7.237
2025-11-11,510500.SS,中证500ETF,csi_500,7.183
2025-11-12,510500.SS,中证500ETF,csi_500,7.145
2025-11-13,510500.SS,中证500ETF,csi_500,7.254
2025-11-14,510500.SS,中证500ETF,csi_500,7.127
2025-11-17,510500.SS,中证500ETF,csi_500,7.125
2025-11-18,510500.SS,中证500ETF,csi_500,7.051
2025-11-19,510500.SS,中证500ETF,csi_500,7.016
2025-11-20,510500.SS,中证500ETF,csi_500,6.959
2025-11-21,510500.SS,中证500ETF,csi_500,6.711
2025-11-24,510500.SS,中证500ETF,csi_500,6.759
2025-11-25,510500.SS,中证500ETF,csi_500,6.843
2025-11-26,510500.SS,中证500ETF,csi_500,6.854
2025-11-27,510500.SS,中证500ETF,csi_500,6.839
2025-11-28,510500.SS,中证500ETF,csi_500,6.924
2025-12-01,510500.SS,中证500ETF,csi_500,6.991
2025-12-02,510500.SS,中证500ETF,csi_500,6.93
2025-12-03,510500.SS,中证500ETF,csi_500,6.892
2025-12-04,510500.SS,中证500ETF,csi_500,6.914
2025-12-05,510500.SS,中证500ETF,csi_500,7.005
2025-12-08,510500.SS,中证500ETF,csi_500,7.067
2025-12-09,510500.SS,中证500ETF,csi_500,7.013
2025-12-10,510500.SS,中证500ETF,csi_500,7.052
2025-12-11,510500.SS,中证500ETF,csi_500,6.99
2025-12-12,510500.SS,中证500ETF,csi_500,7.074
2025-12-15,510500.SS,中证500ETF,csi_500,7.025
2025-12-16,510500.SS,中证500ETF,csi_500,6.915
2025-12-17,510500.SS,中证500ETF,csi_500,7.048
2025-12-18,510500.SS,中证500ETF,csi_500,7.01
2025-12-19,510500.SS,中证500ETF,csi_500,7.075
2025-12-22,510500.SS,中证500ETF,csi_500,7.157
2025-12-23,510500.SS,中证500ETF,csi_500,7.163
2025-12-24,510500.SS,中证500ETF,csi_500,7.259
2025-12-25,510500.SS,中证500ETF,csi_500,7.323
2025-12-26,510500.SS,中证500ETF,csi_500,7.369
2025-12-29,510500.SS,中证500ETF,csi_500,7.337
2025-12-30,510500.SS,中证500ETF,csi_500,7.37
2025-12-31,510500.SS,中证500ETF,csi_500,7.377
2026-01-05,510500.SS,中证500ETF,csi_500,7.581
2026-01-06,510500.SS,中证500ETF,csi_500,7.75
2026-01-07,510500.SS,中证500ETF,csi_500,7.788
2026-01-08,510500.SS,中证500ETF,csi_500,7.813
2026-01-09,510500.SS,中证500ETF,csi_500,8.005
2026-01-12,510500.SS,中证500ETF,csi_500,8.205
2026-01-13,510500.SS,中证500ETF,csi_500,8.095
2026-01-14,510500.SS,中证500ETF,csi_500,8.154
2026-01-15,510500.SS,中证500ETF,csi_500,8.128
2026-01-16,510500.SS,中证500ETF,csi_500,8.146
2026-01-19,510500.SS,中证500ETF,csi_500,8.199
2026-01-20,510500.SS,中证500ETF,csi_500,8.175
2026-01-21,510500.SS,中证500ETF,csi_500,8.283
2026-01-22,510500.SS,中证500ETF,csi_500,8.32
2026-01-23,510500.SS,中证500ETF,csi_500,8.57
2026-01-26,510500.SS,中证500ETF,csi_500,8.415
2026-01-27,510500.SS,中证500ETF,csi_500,8.47
2026-01-28,510500.SS,中证500ETF,csi_500,8.542
2026-01-29,510500.SS,中证500ETF,csi_500,8.442
2026-01-30,510500.SS,中证500ETF,csi_500,8.291
2026-02-02,510500.SS,中证500ETF,csi_500,7.9
2026-02-03,510500.SS,中证500ETF,csi_500,8.217
2026-02-04,510500.SS,中证500ETF,csi_500,8.239
2026-02-05,510500.SS,中证500ETF,csi_500,8.068
2026-02-06,510500.SS,中证500ETF,csi_500,8.064
2026-02-09,510500.SS,中证500ETF,csi_500,8.246
2026-02-10,510500.SS,中证500ETF,csi_500,8.228
2026-02-11,510500.SS,中证500ETF,csi_500,8.262
2026-02-12,510500.SS,中证500ETF,csi_500,8.365
2026-02-13,510500.SS,中证500ETF,csi_500,8.224
2026-02-24,510500.SS,中证500ETF,csi_500,8.32
2026-02-25,510500.SS,中证500ETF,csi_500,8.453
2026-02-26,510500.SS,中证500ETF,csi_500,8.481
2026-02-27,510500.SS,中证500ETF,csi_500,8.588
2026-03-02,510500.SS,中证500ETF,csi_500,8.584
2026-03-03,510500.SS,中证500ETF,csi_500,8.226
2026-03-04,510500.SS,中证500ETF,csi_500,8.168
2026-03-05,510500.SS,中证500ETF,csi_500,8.222
2026-03-06,510500.SS,中证500ETF,csi_500,8.272
2026-03-09,510500.SS,中证500ETF,csi_500,8.207
2026-03-10,510500.SS,中证500ETF,csi_500,8.332
2026-03-11,510500.SS,中证500ETF,csi_500,8.319
2026-03-12,510500.SS,中证500ETF,csi_500,8.277
2026-03-13,510500.SS,中证500ETF,csi_500,8.162
2026-03-16,510500.SS,中证500ETF,csi_500,8.11
2026-03-17,510500.SS,中证500ETF,csi_500,7.929
2026-03-18,510500.SS,中证500ETF,csi_500,8.007
2026-03-19,510500.SS,中证500ETF,csi_500,7.796
2026-03-20,510500.SS,中证500ETF,csi_500,7.663
2026-03-23,510500.SS,中证500ETF,csi_500,7.363
2026-03-24,510500.SS,中证500ETF,csi_500,7.503
2026-03-25,510500.SS,中证500ETF,csi_500,7.677
2026-03-26,510500.SS,中证500ETF,csi_500,7.551
2026-03-27,510500.SS,中证500ETF,csi_500,7.654
2026-03-30,510500.SS,中证500ETF,csi_500,7.669
2026-03-31,510500.SS,中证500ETF,csi_500,7.534
2026-04-01,510500.SS,中证500ETF,csi_500,7.66
2026-04-02,510500.SS,中证500ETF,csi_500,7.523
2026-04-03,510500.SS,中证500ETF,csi_500,7.454
2026-04-07,510500.SS,中证500ETF,csi_500,7.48
2026-04-08,510500.SS,中证500ETF,csi_500,7.877
2026-04-09,510500.SS,中证500ETF,csi_500,7.815
2026-04-10,510500.SS,中证500ETF,csi_500,7.886
2026-04-13,510500.SS,中证500ETF,csi_500,7.879
2026-04-14,510500.SS,中证500ETF,csi_500,8.01
2026-04-15,510500.SS,中证500ETF,csi_500,7.962
2026-04-16,510500.SS,中证500ETF,csi_500,8.104
2026-04-17,510500.SS,中证500ETF,csi_500,8.141
2026-04-20,510500.SS,中证500ETF,csi_500,8.206
2026-04-21,510500.SS,中证500ETF,csi_500,8.182
2026-04-22,510500.SS,中证500ETF,csi_500,8.306
2026-04-23,510500.SS,中证500ETF,csi_500,8.226
2026-04-24,510500.SS,中证500ETF,csi_500,8.174
2026-04-27,510500.SS,中证500ETF,csi_500,8.219
2026-04-28,510500.SS,中证500ETF,csi_500,8.124
2026-04-29,510500.SS,中证500ETF,csi_500,8.273
2026-04-30,510500.SS,中证500ETF,csi_500,8.281
2026-05-06,510500.SS,中证500ETF,csi_500,8.509
2026-05-07,510500.SS,中证500ETF,csi_500,8.622
2026-05-08,510500.SS,中证500ETF,csi_500,8.62
2026-05-11,510500.SS,中证500ETF,csi_500,8.763
2026-05-12,510500.SS,中证500ETF,csi_500,8.713
2026-05-13,510500.SS,中证500ETF,csi_500,8.86
2026-05-14,510500.SS,中证500ETF,csi_500,8.623
2026-05-15,510500.SS,中证500ETF,csi_500,8.463
2026-05-18,510500.SS,中证500ETF,csi_500,8.482
2026-05-19,510500.SS,中证500ETF,csi_500,8.554
2026-05-20,510500.SS,中证500ETF,csi_500,8.599
2026-05-21,510500.SS,中证500ETF,csi_500,8.354
2026-05-22,510500.SS,中证500ETF,csi_500,8.509
2026-05-25,510500.SS,中证500ETF,csi_500,8.637
2026-05-26,510500.SS,中证500ETF,csi_500,8.603
2026-05-27,510500.SS,中证500ETF,csi_500,8.465
2026-05-28,510500.SS,中证500ETF,csi_500,8.5
2026-05-29,510500.SS,中证500ETF,csi_500,8.294
2026-06-01,510500.SS,中证500ETF,csi_500,8.221
2026-06-02,510500.SS,中证500ETF,csi_500,8.257
2026-06-03,510500.SS,中证500ETF,csi_500,8.306
2026-06-04,510500.SS,中证500ETF,csi_500,8.299
2026-06-05,510500.SS,中证500ETF,csi_500,8.19
2026-06-08,510500.SS,中证500ETF,csi_500,7.919
2026-06-09,510500.SS,中证500ETF,csi_500,8.121
2026-06-10,510500.SS,中证500ETF,csi_500,8.022
2026-06-11,510500.SS,中证500ETF,csi_500,7.984
2026-06-12,510500.SS,中证500ETF,csi_500,8.093
2026-06-15,510500.SS,中证500ETF,csi_500,8.395
2026-06-16,510500.SS,中证500ETF,csi_500,8.483
2026-06-17,510500.SS,中证500ETF,csi_500,8.614
2026-06-18,510500.SS,中证500ETF,csi_500,8.679
2026-06-22,510500.SS,中证500ETF,csi_500,8.858
2026-06-23,510500.SS,中证500ETF,csi_500,8.666
2026-06-24,510500.SS,中证500ETF,csi_500,8.836
2026-06-25,510500.SS,中证500ETF,csi_500,8.936
2026-06-26,510500.SS,中证500ETF,csi_500,8.712
2026-06-29,510500.SS,中证500ETF,csi_500,8.825
2026-06-30,510500.SS,中证500ETF,csi_500,9.045
2026-07-01,510500.SS,中证500ETF,csi_500,9.031
2026-07-02,510500.SS,中证500ETF,csi_500,8.7
2026-07-03,510500.SS,中证500ETF,csi_500,8.752
2026-07-06,510500.SS,中证500ETF,csi_500,8.661
2026-07-07,510500.SS,中证500ETF,csi_500,8.508
2026-07-08,510500.SS,中证500ETF,csi_500,8.402
2026-07-09,510500.SS,中证500ETF,csi_500,8.655
2026-07-10,510500.SS,中证500ETF,csi_500,8.549
2026-07-13,510500.SS,中证500ETF,csi_500,8.143
2026-07-14,510500.SS,中证500ETF,csi_500,8.264
2026-07-15,510500.SS,中证500ETF,csi_500,8.151
2026-07-16,510500.SS,中证500ETF,csi_500,7.956
2026-07-17,510500.SS,中证500ETF,csi_500,7.505
2026-07-20,510500.SS,中证500ETF,csi_500,7.426
2026-07-21,510500.SS,中证500ETF,csi_500,7.792
2026-07-22,510500.SS,中证500ETF,csi_500,7.74
2026-07-23,510500.SS,中证500ETF,csi_500,7.737
2026-07-24,510500.SS,中证500ETF,csi_500,7.545
2026-07-27,510500.SS,中证500ETF,csi_500,7.726
2026-07-28,510500.SS,中证500ETF,csi_500,7.463
2026-07-29,510500.SS,中证500ETF,csi_500,7.54
2026-07-30,510500.SS,中证500ETF,csi_500,7.336
2026-07-31,510500.SS,中证500ETF,csi_500,7.5
2026-08-03,510500.SS,中证500ETF,csi_500,7.42
2026-08-04,510500.SS,中证500ETF,csi_500,7.601
2026-08-05,510500.SS,中证500ETF,csi_500,7.815
2026-08-06,510500.SS,中证500ETF,csi_500,7.832
2026-08-07,510500.SS,中证500ETF,csi_500,7.987
2026-08-10,510500.SS,中证500ETF,csi_500,8.037
2026-08-11,510500.SS,中证500ETF,csi_500,7.989
2026-08-12,510500.SS,中证500ETF,csi_500,8.035
2023-08-14,511010.SS,国债ETF,government_bond,128.598
2023-08-15,511010.SS,国债ETF,government_bond,128.871
2023-08-16,511010.SS,国债ETF,government_bond,128.942
2023-08-17,511010.SS,国债ETF,government_bond,128.9
2023-08-18,511010.SS,国债ETF,government_bond,128.967
2023-08-21,511010.SS,国债ETF,government_bond,129.088
2023-08-22,511010.SS,国债ETF,government_bond,129.014
2023-08-23,511010.SS,国债ETF,government_bond,129.001
2023-08-24,511010.SS,国债ETF,government_bond,128.97
2023-08-25,511010.SS,国债ETF,government_bond,128.907
2023-08-28,511010.SS,国债ETF,government_bond,128.742
2023-08-29,511010.SS,国债ETF,government_bond,128.58
2023-08-30,511010.SS,国债ETF,government_bond,128.833
2023-08-31,511010.SS,国债ETF,government_bond,128.859
2023-09-01,511010.SS,国债ETF,government_bond,128.718
2023-09-04,511010.SS,国债ETF,government_bond,128.398
2023-09-05,511010.SS,国债ETF,government_bond,128.493
2023-09-06,511010.SS,国债ETF,government_bond,128.393
2023-09-07,511010.SS,国债ETF,government_bond,128.232
2023-09-08,511010.SS,国债ETF,government_bond,128.337
2023-09-11,511010.SS,国债ETF,government_bond,128.337
2023-09-12,511010.SS,国债ETF,government_bond,128.36
2023-09-13,511010.SS,国债ETF,government_bond,128.494
2023-09-14,511010.SS,国债ETF,government_bond,128.561
2023-09-15,511010.SS,国债ETF,government_bond,128.495
2023-09-18,511010.SS,国债ETF,government_bond,128.353
2023-09-19,511010.SS,国债ETF,government_bond,128.338
2023-09-20,511010.SS,国债ETF,government_bond,128.286
2023-09-21,511010.SS,国债ETF,government_bond,128.383
2023-09-22,511010.SS,国债ETF,government_bond,128.288
2023-09-25,511010.SS,国债ETF,government_bond,128.261
2023-09-26,511010.SS,国债ETF,government_bond,128.112
2023-09-27,511010.SS,国债ETF,government_bond,127.814
2023-09-28,511010.SS,国债ETF,government_bond,128.392
2023-10-09,511010.SS,国债ETF,government_bond,128.503
2023-10-10,511010.SS,国债ETF,government_bond,128.409
2023-10-11,511010.SS,国债ETF,government_bond,128.169
2023-10-12,511010.SS,国债ETF,government_bond,128.15
2023-10-13,511010.SS,国债ETF,government_bond,128.259
2023-10-16,511010.SS,国债ETF,government_bond,128.273
2023-10-17,511010.SS,国债ETF,government_bond,128.208
2023-10-18,511010.SS,国债ETF,government_bond,128.183
2023-10-19,511010.SS,国债ETF,government_bond,127.948
2023-10-20,511010.SS,国债ETF,government_bond,128.05
2023-10-23,511010.SS,国债ETF,government_bond,128.172
2023-10-24,511010.SS,国债ETF,government_bond,128.11
2023-10-25,511010.SS,国债ETF,government_bond,128.264
2023-10-26,511010.SS,国债ETF,government_bond,128.42
2023-10-27,511010.SS,国债ETF,government_bond,128.36
2023-10-30,511010.SS,国债ETF,government_bond,128.536
2023-10-31,511010.SS,国债ETF,government_bond,128.576
2023-11-01,511010.SS,国债ETF,government_bond,128.603
2023-11-02,511010.SS,国债ETF,government_bond,128.701
2023-11-03,511010.SS,国债ETF,government_bond,128.692
2023-11-06,511010.SS,国债ETF,government_bond,128.655
2023-11-07,511010.SS,国债ETF,government_bond,128.69
2023-11-08,511010.SS,国债ETF,government_bond,128.703
2023-11-09,511010.SS,国债ETF,government_bond,128.71
2023-11-10,511010.SS,国债ETF,government_bond,128.715
2023-11-13,511010.SS,国债ETF,government_bond,128.873
2023-11-14,511010.SS,国债ETF,government_bond,128.862
2023-11-15,511010.SS,国债ETF,government_bond,128.859
2023-11-16,511010.SS,国债ETF,government_bond,128.935
2023-11-17,511010.SS,国债ETF,government_bond,128.947
2023-11-20,511010.SS,国债ETF,government_bond,128.877
2023-11-21,511010.SS,国债ETF,government_bond,128.816
2023-11-22,511010.SS,国债ETF,government_bond,128.665
2023-11-23,511010.SS,国债ETF,government_bond,128.5
2023-11-24,511010.SS,国债ETF,government_bond,128.596
2023-11-27,511010.SS,国债ETF,government_bond,128.577
2023-11-28,511010.SS,国债ETF,government_bond,128.565
2023-11-29,511010.SS,国债ETF,government_bond,128.517
2023-11-30,511010.SS,国债ETF,government_bond,128.611
2023-12-01,511010.SS,国债ETF,government_bond,128.71
2023-12-04,511010.SS,国债ETF,government_bond,128.615
2023-12-05,511010.SS,国债ETF,government_bond,128.601
2023-12-06,511010.SS,国债ETF,government_bond,128.583
2023-12-07,511010.SS,国债ETF,government_bond,128.654
2023-12-08,511010.SS,国债ETF,government_bond,128.72
2023-12-11,511010.SS,国债ETF,government_bond,128.905
2023-12-12,511010.SS,国债ETF,government_bond,128.893
2023-12-13,511010.SS,国债ETF,government_bond,129.075
2023-12-14,511010.SS,国债ETF,government_bond,128.951
2023-12-15,511010.SS,国债ETF,government_bond,129.068
2023-12-18,511010.SS,国债ETF,government_bond,129.175
2023-12-19,511010.SS,国债ETF,government_bond,129.162
2023-12-20,511010.SS,国债ETF,government_bond,129.071
2023-12-21,511010.SS,国债ETF,government_bond,129.12
2023-12-22,511010.SS,国债ETF,government_bond,129.297
2023-12-25,511010.SS,国债ETF,government_bond,129.405
2023-12-26,511010.SS,国债ETF,government_bond,129.507
2023-12-27,511010.SS,国债ETF,government_bond,129.636
2023-12-28,511010.SS,国债ETF,government_bond,129.755
2023-12-29,511010.SS,国债ETF,government_bond,129.873
2024-01-02,511010.SS,国债ETF,government_bond,129.762
2024-01-03,511010.SS,国债ETF,government_bond,129.727
2024-01-04,511010.SS,国债ETF,government_bond,129.83
2024-01-05,511010.SS,国债ETF,government_bond,129.967
2024-01-08,511010.SS,国债ETF,government_bond,129.933
2024-01-09,511010.SS,国债ETF,government_bond,129.954
2024-01-10,511010.SS,国债ETF,government_bond,129.937
2024-01-11,511010.SS,国债ETF,government_bond,129.97
2024-01-12,511010.SS,国债ETF,government_bond,129.927
2024-01-15,511010.SS,国债ETF,government_bond,129.883
2024-01-16,511010.SS,国债ETF,government_bond,129.792
2024-01-17,511010.SS,国债ETF,government_bond,129.889
2024-01-18,511010.SS,国债ETF,government_bond,129.86
2024-01-19,511010.SS,国债ETF,government_bond,130.085
2024-01-22,511010.SS,国债ETF,government_bond,130.147
2024-01-23,511010.SS,国债ETF,government_bond,130.069
2024-01-24,511010.SS,国债ETF,government_bond,130.022
2024-01-25,511010.SS,国债ETF,government_bond,130.192
2024-01-26,511010.SS,国债ETF,government_bond,130.285
2024-01-29,511010.SS,国债ETF,government_bond,130.331
2024-01-30,511010.SS,国债ETF,government_bond,130.677
2024-01-31,511010.SS,国债ETF,government_bond,130.71
2024-02-01,511010.SS,国债ETF,government_bond,130.588
2024-02-02,511010.SS,国债ETF,government_bond,130.576
2024-02-05,511010.SS,国债ETF,government_bond,130.734
2024-02-06,511010.SS,国债ETF,government_bond,130.533
2024-02-07,511010.SS,国债ETF,government_bond,130.471
2024-02-08,511010.SS,国债ETF,government_bond,130.71
2024-02-19,511010.SS,国债ETF,government_bond,130.67
2024-02-20,511010.SS,国债ETF,government_bond,130.712
2024-02-21,511010.SS,国债ETF,government_bond,130.795
2024-02-22,511010.SS,国债ETF,government_bond,130.853
2024-02-23,511010.SS,国债ETF,government_bond,131.019
2024-02-26,511010.SS,国债ETF,government_bond,131.031
2024-02-27,511010.SS,国债ETF,government_bond,131.069
2024-02-28,511010.SS,国债ETF,government_bond,131.08
2024-02-29,511010.SS,国债ETF,government_bond,131.131
2024-03-01,511010.SS,国债ETF,government_bond,131.05
2024-03-04,511010.SS,国债ETF,government_bond,131.055
2024-03-05,511010.SS,国债ETF,government_bond,131.06
2024-03-06,511010.SS,国债ETF,government_bond,131.24
2024-03-07,511010.SS,国债ETF,government_bond,131.356
2024-03-08,511010.SS,国债ETF,government_bond,131.303
2024-03-11,511010.SS,国债ETF,government_bond,131.218
2024-03-12,511010.SS,国债ETF,government_bond,131.091
2024-03-13,511010.SS,国债ETF,government_bond,131.054
2024-03-14,511010.SS,国债ETF,government_bond,130.981
2024-03-15,511010.SS,国债ETF,government_bond,131.064
2024-03-18,511010.SS,国债ETF,government_bond,131.187
2024-03-19,511010.SS,国债ETF,government_bond,131.293
2024-03-20,511010.SS,国债ETF,government_bond,131.269
2024-03-21,511010.SS,国债ETF,government_bond,131.293
2024-03-22,511010.SS,国债ETF,government_bond,131.326
2024-03-25,511010.SS,国债ETF,government_bond,131.262
2024-03-26,511010.SS,国债ETF,government_bond,131.247
2024-03-27,511010.SS,国债ETF,government_bond,131.301
2024-03-28,511010.SS,国债ETF,government_bond,131.285
2024-03-29,511010.SS,国债ETF,government_bond,131.433
2024-04-01,511010.SS,国债ETF,government_bond,131.388
2024-04-02,511010.SS,国债ETF,government_bond,131.436
2024-04-03,511010.SS,国债ETF,government_bond,131.573
2024-04-08,511010.SS,国债ETF,government_bond,131.74
2024-04-09,511010.SS,国债ETF,government_bond,131.865
2024-04-10,511010.SS,国债ETF,government_bond,131.879
2024-04-11,511010.SS,国债ETF,government_bond,131.904
2024-04-12,511010.SS,国债ETF,government_bond,132.079
2024-04-15,511010.SS,国债ETF,government_bond,132.06
2024-04-16,511010.SS,国债ETF,government_bond,131.987
2024-04-17,511010.SS,国债ETF,government_bond,132.022
2024-04-18,511010.SS,国债ETF,government_bond,132.128
2024-04-19,511010.SS,国债ETF,government_bond,132.216
2024-04-22,511010.SS,国债ETF,government_bond,132.297
2024-04-23,511010.SS,国债ETF,government_bond,132.487
2024-04-24,511010.SS,国债ETF,government_bond,132.128
2024-04-25,511010.SS,国债ETF,government_bond,132.223
2024-04-26,511010.SS,国债ETF,government_bond,131.999
2024-04-29,511010.SS,国债ETF,government_bond,131.439
2024-04-30,511010.SS,国债ETF,government_bond,131.822
2024-05-06,511010.SS,国债ETF,government_bond,132.035
2024-05-07,511010.SS,国债ETF,government_bond,132.201
2024-05-08,511010.SS,国债ETF,government_bond,132.225
2024-05-09,511010.SS,国债ETF,government_bond,132.106
2024-05-10,511010.SS,国债ETF,government_bond,132.082
2024-05-13,511010.SS,国债ETF,government_bond,132.226
2024-05-14,511010.SS,国债ETF,government_bond,132.301
2024-05-15,511010.SS,国债ETF,government_bond,132.3
2024-05-16,511010.SS,国债ETF,government_bond,132.236
2024-05-17,511010.SS,国债ETF,government_bond,132.137
2024-05-20,511010.SS,国债ETF,government_bond,132.299
2024-05-21,511010.SS,国债ETF,government_bond,132.229
2024-05-22,511010.SS,国债ETF,government_bond,132.287
2024-05-23,511010.SS,国债ETF,government_bond,132.381
2024-05-24,511010.SS,国债ETF,government_bond,132.384
2024-05-27,511010.SS,国债ETF,government_bond,132.35
2024-05-28,511010.SS,国债ETF,government_bond,132.426
2024-05-29,511010.SS,国债ETF,government_bond,132.498
2024-05-30,511010.SS,国债ETF,government_bond,132.551
2024-05-31,511010.SS,国债ETF,government_bond,132.528
2024-06-03,511010.SS,国债ETF,government_bond,132.67
2024-06-04,511010.SS,国债ETF,government_bond,132.702
2024-06-05,511010.SS,国债ETF,government_bond,132.741
2024-06-06,511010.SS,国债ETF,government_bond,132.715
2024-06-07,511010.SS,国债ETF,government_bond,132.764
2024-06-11,511010.SS,国债ETF,government_bond,132.764
2024-06-12,511010.SS,国债ETF,government_bond,132.746
2024-06-13,511010.SS,国债ETF,government_bond,132.759
2024-06-14,511010.SS,国债ETF,government_bond,132.78
2024-06-17,511010.SS,国债ETF,government_bond,132.837
2024-06-18,511010.SS,国债ETF,government_bond,132.874
2024-06-19,511010.SS,国债ETF,government_bond,132.901
2024-06-20,511010.SS,国债ETF,government_bond,133.016
2024-06-21,511010.SS,国债ETF,government_bond,132.947
2024-06-24,511010.SS,国债ETF,government_bond,133.03
2024-06-25,511010.SS,国债ETF,government_bond,133.072
2024-06-26,511010.SS,国债ETF,government_bond,133.172
2024-06-27,511010.SS,国债ETF,government_bond,133.313
2024-06-28,511010.SS,国债ETF,government_bond,133.409
2024-07-01,511010.SS,国债ETF,government_bond,133.182
2024-07-02,511010.SS,国债ETF,government_bond,133.305
2024-07-03,511010.SS,国债ETF,government_bond,133.517
2024-07-04,511010.SS,国债ETF,government_bond,133.444
2024-07-05,511010.SS,国债ETF,government_bond,133.338
2024-07-08,511010.SS,国债ETF,government_bond,133.071
2024-07-09,511010.SS,国债ETF,government_bond,133.239
2024-07-10,511010.SS,国债ETF,government_bond,133.325
2024-07-11,511010.SS,国债ETF,government_bond,133.318
2024-07-12,511010.SS,国债ETF,government_bond,133.426
2024-07-15,511010.SS,国债ETF,government_bond,133.478
2024-07-16,511010.SS,国债ETF,government_bond,133.477
2024-07-17,511010.SS,国债ETF,government_bond,133.509
2024-07-18,511010.SS,国债ETF,government_bond,133.468
2024-07-19,511010.SS,国债ETF,government_bond,133.56
2024-07-22,511010.SS,国债ETF,government_bond,133.851
2024-07-23,511010.SS,国债ETF,government_bond,133.996
2024-07-24,511010.SS,国债ETF,government_bond,133.998
2024-07-25,511010.SS,国债ETF,government_bond,134.018
2024-07-26,511010.SS,国债ETF,government_bond,134.077
2024-07-29,511010.SS,国债ETF,government_bond,134.054
2024-07-30,511010.SS,国债ETF,government_bond,134.074
2024-07-31,511010.SS,国债ETF,government_bond,134.171
2024-08-01,511010.SS,国债ETF,government_bond,134.397
2024-08-02,511010.SS,国债ETF,government_bond,134.598
2024-08-05,511010.SS,国债ETF,government_bond,134.649
2024-08-06,511010.SS,国债ETF,government_bond,134.45
2024-08-07,511010.SS,国债ETF,government_bond,134.641
2024-08-08,511010.SS,国债ETF,government_bond,134.521
2024-08-09,511010.SS,国债ETF,government_bond,134.336
2024-08-12,511010.SS,国债ETF,government_bond,133.714
2024-08-13,511010.SS,国债ETF,government_bond,134.119
2024-08-14,511010.SS,国债ETF,government_bond,134.246
2024-08-15,511010.SS,国债ETF,government_bond,134.11
2024-08-16,511010.SS,国债ETF,government_bond,134.087
2024-08-19,511010.SS,国债ETF,government_bond,134.146
2024-08-20,511010.SS,国债ETF,government_bond,134.124
2024-08-21,511010.SS,国债ETF,government_bond,133.977
2024-08-22,511010.SS,国债ETF,government_bond,134.253
2024-08-23,511010.SS,国债ETF,government_bond,134.454
2024-08-26,511010.SS,国债ETF,government_bond,134.456
2024-08-27,511010.SS,国债ETF,government_bond,134.366
2024-08-28,511010.SS,国债ETF,government_bond,134.411
2024-08-29,511010.SS,国债ETF,government_bond,134.337
2024-08-30,511010.SS,国债ETF,government_bond,134.295
2024-09-02,511010.SS,国债ETF,government_bond,134.616
2024-09-03,511010.SS,国债ETF,government_bond,134.799
2024-09-04,511010.SS,国债ETF,government_bond,134.847
2024-09-05,511010.SS,国债ETF,government_bond,134.933
2024-09-06,511010.SS,国债ETF,government_bond,134.978
2024-09-09,511010.SS,国债ETF,government_bond,135.051
2024-09-10,511010.SS,国债ETF,government_bond,135.169
2024-09-11,511010.SS,国债ETF,government_bond,135.376
2024-09-12,511010.SS,国债ETF,government_bond,135.161
2024-09-13,511010.SS,国债ETF,government_bond,135.355
2024-09-18,511010.SS,国债ETF,government_bond,135.389
2024-09-19,511010.SS,国债ETF,government_bond,135.205
2024-09-20,511010.SS,国债ETF,government_bond,135.304
2024-09-23,511010.SS,国债ETF,government_bond,135.334
2024-09-24,511010.SS,国债ETF,government_bond,135.182
2024-09-25,511010.SS,国债ETF,government_bond,135.507
2024-09-26,511010.SS,国债ETF,government_bond,135.4
2024-09-27,511010.SS,国债ETF,government_bond,134.82
2024-09-30,511010.SS,国债ETF,government_bond,134.354
2024-10-08,511010.SS,国债ETF,government_bond,134.3
2024-10-09,511010.SS,国债ETF,government_bond,134.58
2024-10-10,511010.SS,国债ETF,government_bond,134.908
2024-10-11,511010.SS,国债ETF,government_bond,134.98
2024-10-14,511010.SS,国债ETF,government_bond,134.958
2024-10-15,511010.SS,国债ETF,government_bond,134.994
2024-10-16,511010.SS,国债ETF,government_bond,135.013
2024-10-17,511010.SS,国债ETF,government_bond,135.201
2024-10-18,511010.SS,国债ETF,government_bond,135.047
2024-10-21,511010.SS,国债ETF,government_bond,135.029
2024-10-22,511010.SS,国债ETF,government_bond,134.835
2024-10-23,511010.SS,国债ETF,government_bond,134.696
2024-10-24,511010.SS,国债ETF,government_bond,134.75
2024-10-25,511010.SS,国债ETF,government_bond,134.738
2024-10-28,511010.SS,国债ETF,government_bond,134.765
2024-10-29,511010.SS,国债ETF,government_bond,134.902
2024-10-30,511010.SS,国债ETF,government_bond,134.945
2024-10-31,511010.SS,国债ETF,government_bond,134.934
2024-11-01,511010.SS,国债ETF,government_bond,135.141
2024-11-04,511010.SS,国债ETF,government_bond,135.2
2024-11-05,511010.SS,国债ETF,government_bond,135.188
2024-11-06,511010.SS,国债ETF,government_bond,135.239
2024-11-07,511010.SS,国债ETF,government_bond,135.359
2024-11-08,511010.SS,国债ETF,government_bond,135.412
2024-11-11,511010.SS,国债ETF,government_bond,135.45
2024-11-12,511010.SS,国债ETF,government_bond,135.641
2024-11-13,511010.SS,国债ETF,government_bond,135.64
2024-11-14,511010.SS,国债ETF,government_bond,135.647
2024-11-15,511010.SS,国债ETF,government_bond,135.745
2024-11-18,511010.SS,国债ETF,government_bond,135.67
2024-11-19,511010.SS,国债ETF,government_bond,135.639
2024-11-20,511010.SS,国债ETF,government_bond,135.734
2024-11-21,511010.SS,国债ETF,government_bond,135.821
2024-11-22,511010.SS,国债ETF,government_bond,135.847
2024-11-25,511010.SS,国债ETF,government_bond,135.96
2024-11-26,511010.SS,国债ETF,government_bond,135.933
2024-11-27,511010.SS,国债ETF,government_bond,135.874
2024-11-28,511010.SS,国债ETF,government_bond,135.972
2024-11-29,511010.SS,国债ETF,government_bond,136.049
2024-12-02,511010.SS,国债ETF,government_bond,136.354
2024-12-03,511010.SS,国债ETF,government_bond,136.327
2024-12-04,511010.SS,国债ETF,government_bond,136.448
2024-12-05,511010.SS,国债ETF,government_bond,136.478
2024-12-06,511010.SS,国债ETF,government_bond,136.435
2024-12-09,511010.SS,国债ETF,government_bond,136.447
2024-12-10,511010.SS,国债ETF,government_bond,136.883
2024-12-11,511010.SS,国债ETF,government_bond,136.892
2024-12-12,511010.SS,国债ETF,government_bond,137.073
2024-12-13,511010.SS,国债ETF,government_bond,137.565
2024-12-16,511010.SS,国债ETF,government_bond,137.673
2024-12-17,511010.SS,国债ETF,government_bond,137.473
2024-12-18,511010.SS,国债ETF,government_bond,137.465
2024-12-19,511010.SS,国债ETF,government_bond,137.51
2024-12-20,511010.SS,国债ETF,government_bond,137.947
2024-12-23,511010.SS,国债ETF,government_bond,137.871
2024-12-24,511010.SS,国债ETF,government_bond,137.763
2024-12-25,511010.SS,国债ETF,government_bond,137.505
2024-12-26,511010.SS,国债ETF,government_bond,137.507
2024-12-27,511010.SS,国债ETF,government_bond,137.798
2024-12-30,511010.SS,国债ETF,government_bond,137.513
2024-12-31,511010.SS,国债ETF,government_bond,137.726
2025-01-02,511010.SS,国债ETF,government_bond,137.921
2025-01-03,511010.SS,国债ETF,government_bond,138.297
2025-01-06,511010.SS,国债ETF,government_bond,138.299
2025-01-07,511010.SS,国债ETF,government_bond,138.068
2025-01-08,511010.SS,国债ETF,government_bond,138.113
2025-01-09,511010.SS,国债ETF,government_bond,137.808
2025-01-10,511010.SS,国债ETF,government_bond,137.719
2025-01-13,511010.SS,国债ETF,government_bond,137.549
2025-01-14,511010.SS,国债ETF,government_bond,137.621
2025-01-15,511010.SS,国债ETF,government_bond,137.777
2025-01-16,511010.SS,国债ETF,government_bond,137.753
2025-01-17,511010.SS,国债ETF,government_bond,137.688
2025-01-20,511010.SS,国债ETF,government_bond,137.699
2025-01-21,511010.SS,国债ETF,government_bond,137.729
2025-01-22,511010.SS,国债ETF,government_bond,137.82
2025-01-23,511010.SS,国债ETF,government_bond,137.656
2025-01-24,511010.SS,国债ETF,government_bond,137.514
2025-01-27,511010.SS,国债ETF,government_bond,138.006
2025-02-05,511010.SS,国债ETF,government_bond,137.969
2025-02-06,511010.SS,国债ETF,government_bond,138.104
2025-02-07,511010.SS,国债ETF,government_bond,138.021
2025-02-10,511010.SS,国债ETF,government_bond,137.791
2025-02-11,511010.SS,国债ETF,government_bond,137.758
2025-02-12,511010.SS,国债ETF,government_bond,137.76
2025-02-13,511010.SS,国债ETF,government_bond,137.737
2025-02-14,511010.SS,国债ETF,government_bond,137.436
2025-02-17,511010.SS,国债ETF,government_bond,137.342
2025-02-18,511010.SS,国债ETF,government_bond,137.147
2025-02-19,511010.SS,国债ETF,government_bond,137.327
2025-02-20,511010.SS,国债ETF,government_bond,137.093
2025-02-21,511010.SS,国债ETF,government_bond,136.96
2025-02-24,511010.SS,国债ETF,government_bond,136.574
2025-02-25,511010.SS,国债ETF,government_bond,136.763
2025-02-26,511010.SS,国债ETF,government_bond,136.775
2025-02-27,511010.SS,国债ETF,government_bond,136.717
2025-02-28,511010.SS,国债ETF,government_bond,136.764
2025-03-03,511010.SS,国债ETF,government_bond,137.11
2025-03-04,511010.SS,国债ETF,government_bond,137.104
2025-03-05,511010.SS,国债ETF,government_bond,137.056
2025-03-06,511010.SS,国债ETF,government_bond,136.927
2025-03-07,511010.SS,国债ETF,government_bond,136.647
2025-03-10,511010.SS,国债ETF,government_bond,136.415
2025-03-11,511010.SS,国债ETF,government_bond,136.091
2025-03-12,511010.SS,国债ETF,government_bond,136.583
2025-03-13,511010.SS,国债ETF,government_bond,136.601
2025-03-14,511010.SS,国债ETF,government_bond,136.576
2025-03-17,511010.SS,国债ETF,government_bond,136.289
2025-03-18,511010.SS,国债ETF,government_bond,136.39
2025-03-19,511010.SS,国债ETF,government_bond,136.302
2025-03-20,511010.SS,国债ETF,government_bond,136.475
2025-03-21,511010.SS,国债ETF,government_bond,136.422
2025-03-24,511010.SS,国债ETF,government_bond,136.354
2025-03-25,511010.SS,国债ETF,government_bond,136.527
2025-03-26,511010.SS,国债ETF,government_bond,136.686
2025-03-27,511010.SS,国债ETF,government_bond,136.737
2025-03-28,511010.SS,国债ETF,government_bond,136.707
2025-03-31,511010.SS,国债ETF,government_bond,136.697
2025-04-01,511010.SS,国债ETF,government_bond,136.69
2025-04-02,511010.SS,国债ETF,government_bond,136.792
2025-04-03,511010.SS,国债ETF,government_bond,137.304
2025-04-07,511010.SS,国债ETF,government_bond,137.727
2025-04-08,511010.SS,国债ETF,government_bond,137.613
2025-04-09,511010.SS,国债ETF,government_bond,137.694
2025-04-10,511010.SS,国债ETF,government_bond,137.828
2025-04-11,511010.SS,国债ETF,government_bond,137.875
2025-04-14,511010.SS,国债ETF,government_bond,137.753
2025-04-15,511010.SS,国债ETF,government_bond,137.756
2025-04-16,511010.SS,国债ETF,government_bond,137.874
2025-04-17,511010.SS,国债ETF,government_bond,137.786
2025-04-18,511010.SS,国债ETF,government_bond,137.727
2025-04-21,511010.SS,国债ETF,government_bond,137.609
2025-04-22,511010.SS,国债ETF,government_bond,137.66
2025-04-23,511010.SS,国债ETF,government_bond,137.531
2025-04-24,511010.SS,国债ETF,government_bond,137.413
2025-04-25,511010.SS,国债ETF,government_bond,137.539
2025-04-28,511010.SS,国债ETF,government_bond,137.501
2025-04-29,511010.SS,国债ETF,government_bond,137.686
2025-04-30,511010.SS,国债ETF,government_bond,137.793
2025-05-06,511010.SS,国债ETF,government_bond,137.718
2025-05-07,511010.SS,国债ETF,government_bond,137.68
2025-05-08,511010.SS,国债ETF,government_bond,137.96
2025-05-09,511010.SS,国债ETF,government_bond,137.92
2025-05-12,511010.SS,国债ETF,government_bond,137.855
2025-05-13,511010.SS,国债ETF,government_bond,137.761
2025-05-14,511010.SS,国债ETF,government_bond,137.645
2025-05-15,511010.SS,国债ETF,government_bond,137.547
2025-05-16,511010.SS,国债ETF,government_bond,137.453
2025-05-19,511010.SS,国债ETF,government_bond,137.522
2025-05-20,511010.SS,国债ETF,government_bond,137.569
2025-05-21,511010.SS,国债ETF,government_bond,137.554
2025-05-22,511010.SS,国债ETF,government_bond,137.553
2025-05-23,511010.SS,国债ETF,government_bond,137.659
2025-05-26,511010.SS,国债ETF,government_bond,137.656
2025-05-27,511010.SS,国债ETF,government_bond,137.604
2025-05-28,511010.SS,国债ETF,government_bond,137.611
2025-05-29,511010.SS,国债ETF,government_bond,137.453
2025-05-30,511010.SS,国债ETF,government_bond,137.586
2025-06-03,511010.SS,国债ETF,government_bond,137.579
2025-06-04,511010.SS,国债ETF,government_bond,137.669
2025-06-05,511010.SS,国债ETF,government_bond,137.736
2025-06-06,511010.SS,国债ETF,government_bond,137.851
2025-06-09,511010.SS,国债ETF,government_bond,137.9
2025-06-10,511010.SS,国债ETF,government_bond,137.916
2025-06-11,511010.SS,国债ETF,government_bond,137.909
2025-06-12,511010.SS,国债ETF,government_bond,137.879
2025-06-13,511010.SS,国债ETF,government_bond,137.908
2025-06-16,511010.SS,国债ETF,government_bond,137.939
2025-06-17,511010.SS,国债ETF,government_bond,138.093
2025-06-18,511010.SS,国债ETF,government_bond,138.109
2025-06-19,511010.SS,国债ETF,government_bond,138.115
2025-06-20,511010.SS,国债ETF,government_bond,138.14
2025-06-23,511010.SS,国债ETF,government_bond,138.111
2025-06-24,511010.SS,国债ETF,government_bond,138.058
2025-06-25,511010.SS,国债ETF,government_bond,138.022
2025-06-26,511010.SS,国债ETF,government_bond,138.06
2025-06-27,511010.SS,国债ETF,government_bond,138.155
2025-06-30,511010.SS,国债ETF,government_bond,138.091
2025-07-01,511010.SS,国债ETF,government_bond,138.141
2025-07-02,511010.SS,国债ETF,government_bond,138.221
2025-07-03,511010.SS,国债ETF,government_bond,138.239
2025-07-04,511010.SS,国债ETF,government_bond,138.272
2025-07-07,511010.SS,国债ETF,government_bond,138.251
2025-07-08,511010.SS,国债ETF,government_bond,138.141
2025-07-09,511010.SS,国债ETF,government_bond,138.139
2025-07-10,511010.SS,国债ETF,government_bond,138.047
2025-07-11,511010.SS,国债ETF,government_bond,138.009
2025-07-14,511010.SS,国债ETF,government_bond,137.937
2025-07-15,511010.SS,国债ETF,government_bond,138.077
2025-07-16,511010.SS,国债ETF,government_bond,138.086
2025-07-17,511010.SS,国债ETF,government_bond,138.078
2025-07-18,511010.SS,国债ETF,government_bond,138.066
2025-07-21,511010.SS,国债ETF,government_bond,137.979
2025-07-22,511010.SS,国债ETF,government_bond,137.905
2025-07-23,511010.SS,国债ETF,government_bond,137.851
2025-07-24,511010.SS,国债ETF,government_bond,137.584
2025-07-25,511010.SS,国债ETF,government_bond,137.615
2025-07-28,511010.SS,国债ETF,government_bond,137.748
2025-07-29,511010.SS,国债ETF,government_bond,137.574
2025-07-30,511010.SS,国债ETF,government_bond,137.713
2025-07-31,511010.SS,国债ETF,government_bond,137.823
2025-08-01,511010.SS,国债ETF,government_bond,137.831
2025-08-04,511010.SS,国债ETF,government_bond,137.803
2025-08-05,511010.SS,国债ETF,government_bond,137.847
2025-08-06,511010.SS,国债ETF,government_bond,137.861
2025-08-07,511010.SS,国债ETF,government_bond,137.961
2025-08-08,511010.SS,国债ETF,government_bond,138.018
2025-08-11,511010.SS,国债ETF,government_bond,137.851
2025-08-12,511010.SS,国债ETF,government_bond,137.823
2025-08-13,511010.SS,国债ETF,government_bond,137.921
2025-08-14,511010.SS,国债ETF,government_bond,137.868
2025-08-15,511010.SS,国债ETF,government_bond,137.855
2025-08-18,511010.SS,国债ETF,government_bond,137.557
2025-08-19,511010.SS,国债ETF,government_bond,137.568
2025-08-20,511010.SS,国债ETF,government_bond,137.506
2025-08-21,511010.SS,国债ETF,government_bond,137.568
2025-08-22,511010.SS,国债ETF,government_bond,137.531
2025-08-25,511010.SS,国债ETF,government_bond,137.65
2025-08-26,511010.SS,国债ETF,government_bond,137.656
2025-08-27,511010.SS,国债ETF,government_bond,137.694
2025-08-28,511010.SS,国债ETF,government_bond,137.626
2025-08-29,511010.SS,国债ETF,government_bond,137.658
2025-09-01,511010.SS,国债ETF,government_bond,137.769
2025-09-02,511010.SS,国债ETF,government_bond,137.767
2025-09-03,511010.SS,国债ETF,government_bond,137.912
2025-09-04,511010.SS,国债ETF,government_bond,137.998
2025-09-05,511010.SS,国债ETF,government_bond,137.789
2025-09-08,511010.SS,国债ETF,government_bond,137.761
2025-09-09,511010.SS,国债ETF,government_bond,137.741
2025-09-10,511010.SS,国债ETF,government_bond,137.665
2025-09-11,511010.SS,国债ETF,government_bond,137.766
2025-09-12,511010.SS,国债ETF,government_bond,137.811
2025-09-15,511010.SS,国债ETF,government_bond,137.9
2025-09-16,511010.SS,国债ETF,government_bond,137.985
2025-09-17,511010.SS,国债ETF,government_bond,138.142
2025-09-18,511010.SS,国债ETF,government_bond,138.05
2025-09-19,511010.SS,国债ETF,government_bond,137.895
2025-09-22,511010.SS,国债ETF,government_bond,138.007
2025-09-23,511010.SS,国债ETF,government_bond,137.882
2025-09-24,511010.SS,国债ETF,government_bond,137.764
2025-09-25,511010.SS,国债ETF,government_bond,137.712
2025-09-26,511010.SS,国债ETF,government_bond,137.816
2025-09-29,511010.SS,国债ETF,government_bond,137.781
2025-09-30,511010.SS,国债ETF,government_bond,137.988
2025-10-09,511010.SS,国债ETF,government_bond,138.083
2025-10-10,511010.SS,国债ETF,government_bond,138.053
2025-10-13,511010.SS,国债ETF,government_bond,138.094
2025-10-14,511010.SS,国债ETF,government_bond,138.141
2025-10-15,511010.SS,国债ETF,government_bond,138.1
2025-10-16,511010.SS,国债ETF,government_bond,138.106
2025-10-17,511010.SS,国债ETF,government_bond,138.206
2025-10-20,511010.SS,国债ETF,government_bond,138.082
2025-10-21,511010.SS,国债ETF,government_bond,138.102
2025-10-22,511010.SS,国债ETF,government_bond,138.128
2025-10-23,511010.SS,国债ETF,government_bond,138.088
2025-10-24,511010.SS,国债ETF,government_bond,138.079
2025-10-27,511010.SS,国债ETF,government_bond,138.126
2025-10-28,511010.SS,国债ETF,government_bond,138.405
2025-10-29,511010.SS,国债ETF,government_bond,138.521
2025-10-30,511010.SS,国债ETF,government_bond,138.634
2025-10-31,511010.SS,国债ETF,government_bond,138.65
2025-11-03,511010.SS,国债ETF,government_bond,138.588
2025-11-04,511010.SS,国债ETF,government_bond,138.581
2025-11-05,511010.SS,国债ETF,government_bond,138.586
2025-11-06,511010.SS,国债ETF,government_bond,138.52
2025-11-07,511010.SS,国债ETF,government_bond,138.549
2025-11-10,511010.SS,国债ETF,government_bond,138.545
2025-11-11,511010.SS,国债ETF,government_bond,138.562
2025-11-12,511010.SS,国债ETF,government_bond,138.62
2025-11-13,511010.SS,国债ETF,government_bond,138.564
2025-11-14,511010.SS,国债ETF,government_bond,138.547
2025-11-17,511010.SS,国债ETF,government_bond,138.573
2025-11-18,511010.SS,国债ETF,government_bond,138.581
2025-11-19,511010.SS,国债ETF,government_bond,138.539
2025-11-20,511010.SS,国债ETF,government_bond,138.612
2025-11-21,511010.SS,国债ETF,government_bond,138.574
2025-11-24,511010.SS,国债ETF,government_bond,138.59
2025-11-25,511010.SS,国债ETF,government_bond,138.593
2025-11-26,511010.SS,国债ETF,government_bond,138.441
2025-11-27,511010.SS,国债ETF,government_bond,138.433
2025-11-28,511010.SS,国债ETF,government_bond,138.488
2025-12-01,511010.SS,国债ETF,government_bond,138.535
2025-12-02,511010.SS,国债ETF,government_bond,138.5
2025-12-03,511010.SS,国债ETF,government_bond,138.512
2025-12-04,511010.SS,国债ETF,government_bond,138.371
2025-12-05,511010.SS,国债ETF,government_bond,138.443
2025-12-08,511010.SS,国债ETF,government_bond,138.428
2025-12-09,511010.SS,国债ETF,government_bond,138.505
2025-12-10,511010.SS,国债ETF,government_bond,138.526
2025-12-11,511010.SS,国债ETF,government_bond,138.62
2025-12-12,511010.SS,国债ETF,government_bond,138.581
2025-12-15,511010.SS,国债ETF,government_bond,138.522
2025-12-16,511010.SS,国债ETF,government_bond,138.496
2025-12-17,511010.SS,国债ETF,government_bond,138.589
2025-12-18,511010.SS,国债ETF,government_bond,138.673
2025-12-19,511010.SS,国债ETF,government_bond,138.747
2025-12-22,511010.SS,国债ETF,government_bond,138.675
2025-12-23,511010.SS,国债ETF,government_bond,138.912
2025-12-24,511010.SS,国债ETF,government_bond,138.854
2025-12-25,511010.SS,国债ETF,government_bond,138.807
2025-12-26,511010.SS,国债ETF,government_bond,138.899
2025-12-29,511010.SS,国债ETF,government_bond,138.73
2025-12-30,511010.SS,国债ETF,government_bond,138.707
2025-12-31,511010.SS,国债ETF,government_bond,138.71
2026-01-05,511010.SS,国债ETF,government_bond,138.579
2026-01-06,511010.SS,国债ETF,government_bond,138.474
2026-01-07,511010.SS,国债ETF,government_bond,138.397
2026-01-08,511010.SS,国债ETF,government_bond,138.518
2026-01-09,511010.SS,国债ETF,government_bond,138.507
2026-01-12,511010.SS,国债ETF,government_bond,138.576
2026-01-13,511010.SS,国债ETF,government_bond,138.616
2026-01-14,511010.SS,国债ETF,government_bond,138.707
2026-01-15,511010.SS,国债ETF,government_bond,138.762
2026-01-16,511010.SS,国债ETF,government_bond,138.852
2026-01-19,511010.SS,国债ETF,government_bond,138.843
2026-01-20,511010.SS,国债ETF,government_bond,138.932
2026-01-21,511010.SS,国债ETF,government_bond,138.929
2026-01-22,511010.SS,国债ETF,government_bond,138.916
2026-01-23,511010.SS,国债ETF,government_bond,138.963
2026-01-26,511010.SS,国债ETF,government_bond,138.936
2026-01-27,511010.SS,国债ETF,government_bond,138.949
2026-01-28,511010.SS,国债ETF,government_bond,138.971
2026-01-29,511010.SS,国债ETF,government_bond,139.057
2026-01-30,511010.SS,国债ETF,government_bond,139.043
2026-02-02,511010.SS,国债ETF,government_bond,139.046
2026-02-03,511010.SS,国债ETF,government_bond,139.095
2026-02-04,511010.SS,国债ETF,government_bond,139.08
2026-02-05,511010.SS,国债ETF,government_bond,139.164
2026-02-06,511010.SS,国债ETF,government_bond,139.2
2026-02-09,511010.SS,国债ETF,government_bond,139.286
2026-02-10,511010.SS,国债ETF,government_bond,139.283
2026-02-11,511010.SS,国债ETF,government_bond,139.347
2026-02-12,511010.SS,国债ETF,government_bond,139.405
2026-02-13,511010.SS,国债ETF,government_bond,139.459
2026-02-24,511010.SS,国债ETF,government_bond,139.475
2026-02-25,511010.SS,国债ETF,government_bond,139.359
2026-02-26,511010.SS,国债ETF,government_bond,139.224
2026-02-27,511010.SS,国债ETF,government_bond,139.312
2026-03-02,511010.SS,国债ETF,government_bond,139.433
2026-03-03,511010.SS,国债ETF,government_bond,139.422
2026-03-04,511010.SS,国债ETF,government_bond,139.543
2026-03-05,511010.SS,国债ETF,government_bond,139.484
2026-03-06,511010.SS,国债ETF,government_bond,139.52
2026-03-09,511010.SS,国债ETF,government_bond,139.351
2026-03-10,511010.SS,国债ETF,government_bond,139.359
2026-03-11,511010.SS,国债ETF,government_bond,139.349
2026-03-12,511010.SS,国债ETF,government_bond,139.353
2026-03-13,511010.SS,国债ETF,government_bond,139.386
2026-03-16,511010.SS,国债ETF,government_bond,139.292
2026-03-17,511010.SS,国债ETF,government_bond,139.294
2026-03-18,511010.SS,国债ETF,government_bond,139.432
2026-03-19,511010.SS,国债ETF,government_bond,139.508
2026-03-20,511010.SS,国债ETF,government_bond,139.467
2026-03-23,511010.SS,国债ETF,government_bond,139.414
2026-03-24,511010.SS,国债ETF,government_bond,139.378
2026-03-25,511010.SS,国债ETF,government_bond,139.423
2026-03-26,511010.SS,国债ETF,government_bond,139.477
2026-03-27,511010.SS,国债ETF,government_bond,139.562
2026-03-30,511010.SS,国债ETF,government_bond,139.65
2026-03-31,511010.SS,国债ETF,government_bond,139.69
2026-04-01,511010.SS,国债ETF,government_bond,139.571
2026-04-02,511010.SS,国债ETF,government_bond,139.596
2026-04-03,511010.SS,国债ETF,government_bond,139.662
2026-04-07,511010.SS,国债ETF,government_bond,139.645
2026-04-08,511010.SS,国债ETF,government_bond,139.573
2026-04-09,511010.SS,国债ETF,government_bond,139.59
2026-04-10,511010.SS,国债ETF,government_bond,139.592
2026-04-13,511010.SS,国债ETF,government_bond,139.628
2026-04-14,511010.SS,国债ETF,government_bond,139.654
2026-04-15,511010.SS,国债ETF,government_bond,139.787
2026-04-16,511010.SS,国债ETF,government_bond,139.873
2026-04-17,511010.SS,国债ETF,government_bond,139.94
2026-04-20,511010.SS,国债ETF,government_bond,139.925
2026-04-21,511010.SS,国债ETF,government_bond,139.92
2026-04-22,511010.SS,国债ETF,government_bond,140.023
2026-04-23,511010.SS,国债ETF,government_bond,140.023
2026-04-24,511010.SS,国债ETF,government_bond,140.085
2026-04-27,511010.SS,国债ETF,government_bond,139.887
2026-04-28,511010.SS,国债ETF,government_bond,140.006
2026-04-29,511010.SS,国债ETF,government_bond,140.085
2026-04-30,511010.SS,国债ETF,government_bond,140.059
2026-05-06,511010.SS,国债ETF,government_bond,139.997
2026-05-07,511010.SS,国债ETF,government_bond,140.006
2026-05-08,511010.SS,国债ETF,government_bond,140.086
2026-05-11,511010.SS,国债ETF,government_bond,140.097
2026-05-12,511010.SS,国债ETF,government_bond,140.149
2026-05-13,511010.SS,国债ETF,government_bond,140.185
2026-05-14,511010.SS,国债ETF,government_bond,140.197
2026-05-15,511010.SS,国债ETF,government_bond,140.26
2026-05-18,511010.SS,国债ETF,government_bond,140.312
2026-05-19,511010.SS,国债ETF,government_bond,140.433
2026-05-20,511010.SS,国债ETF,government_bond,140.464
2026-05-21,511010.SS,国债ETF,government_bond,140.377
2026-05-22,511010.SS,国债ETF,government_bond,140.39
2026-05-25,511010.SS,国债ETF,government_bond,140.362
2026-05-26,511010.SS,国债ETF,government_bond,140.416
2026-05-27,511010.SS,国债ETF,government_bond,140.488
2026-05-28,511010.SS,国债ETF,government_bond,140.603
2026-05-29,511010.SS,国债ETF,government_bond,140.685
2026-06-01,511010.SS,国债ETF,government_bond,140.69
2026-06-02,511010.SS,国债ETF,government_bond,140.666
2026-06-03,511010.SS,国债ETF,government_bond,140.65
2026-06-04,511010.SS,国债ETF,government_bond,140.69
2026-06-05,511010.SS,国债ETF,government_bond,140.686
2026-06-08,511010.SS,国债ETF,government_bond,140.595
2026-06-09,511010.SS,国债ETF,government_bond,140.531
2026-06-10,511010.SS,国债ETF,government_bond,140.464
2026-06-11,511010.SS,国债ETF,government_bond,140.324
2026-06-12,511010.SS,国债ETF,government_bond,140.349
2026-06-15,511010.SS,国债ETF,government_bond,140.376
2026-06-16,511010.SS,国债ETF,government_bond,140.495
2026-06-17,511010.SS,国债ETF,government_bond,140.534
2026-06-18,511010.SS,国债ETF,government_bond,140.617
2026-06-22,511010.SS,国债ETF,government_bond,140.649
2026-06-23,511010.SS,国债ETF,government_bond,140.558
2026-06-24,511010.SS,国债ETF,government_bond,140.619
2026-06-25,511010.SS,国债ETF,government_bond,140.636
2026-06-26,511010.SS,国债ETF,government_bond,140.721
2026-06-29,511010.SS,国债ETF,government_bond,140.845
2026-06-30,511010.SS,国债ETF,government_bond,140.792
2026-07-01,511010.SS,国债ETF,government_bond,140.637
2026-07-02,511010.SS,国债ETF,government_bond,140.695
2026-07-03,511010.SS,国债ETF,government_bond,140.695
2026-07-06,511010.SS,国债ETF,government_bond,140.753
2026-07-07,511010.SS,国债ETF,government_bond,140.748
2026-07-08,511010.SS,国债ETF,government_bond,140.799
2026-07-09,511010.SS,国债ETF,government_bond,140.771
2026-07-10,511010.SS,国债ETF,government_bond,140.782
2026-07-13,511010.SS,国债ETF,government_bond,140.775
2026-07-14,511010.SS,国债ETF,government_bond,140.798
2026-07-15,511010.SS,国债ETF,government_bond,140.819
2026-07-16,511010.SS,国债ETF,government_bond,140.789
2026-07-17,511010.SS,国债ETF,government_bond,140.812
2026-07-20,511010.SS,国债ETF,government_bond,140.815
2026-07-21,511010.SS,国债ETF,government_bond,140.824
2026-07-22,511010.SS,国债ETF,government_bond,140.899
2026-07-23,511010.SS,国债ETF,government_bond,140.867
2026-07-24,511010.SS,国债ETF,government_bond,140.874
2026-07-27,511010.SS,国债ETF,government_bond,140.841
2026-07-28,511010.SS,国债ETF,government_bond,140.832
2026-07-29,511010.SS,国债ETF,government_bond,140.827
2026-07-30,511010.SS,国债ETF,government_bond,140.853
2026-07-31,511010.SS,国债ETF,government_bond,140.97
2026-08-03,511010.SS,国债ETF,government_bond,140.957
2026-08-04,511010.SS,国债ETF,government_bond,140.991
2026-08-05,511010.SS,国债ETF,government_bond,141.0
2026-08-06,511010.SS,国债ETF,government_bond,141.015
2026-08-07,511010.SS,国债ETF,government_bond,141.086
2026-08-10,511010.SS,国债ETF,government_bond,141.101
2026-08-11,511010.SS,国债ETF,government_bond,141.07
2026-08-12,511010.SS,国债ETF,government_bond,141.054
2023-08-14,518880.SS,黄金ETF,gold,4.421
2023-08-15,518880.SS,黄金ETF,gold,4.431
2023-08-16,518880.SS,黄金ETF,gold,4.433
2023-08-17,518880.SS,黄金ETF,gold,4.429
2023-08-18,518880.SS,黄金ETF,gold,4.421
2023-08-21,518880.SS,黄金ETF,gold,4.438
2023-08-22,518880.SS,黄金ETF,gold,4.431
2023-08-23,518880.SS,黄金ETF,gold,4.452
2023-08-24,518880.SS,黄金ETF,gold,4.464
2023-08-25,518880.SS,黄金ETF,gold,4.448
2023-08-28,518880.SS,黄金ETF,gold,4.45
2023-08-29,518880.SS,黄金ETF,gold,4.462
2023-08-30,518880.SS,黄金ETF,gold,4.477
2023-08-31,518880.SS,黄金ETF,gold,4.494
2023-09-01,518880.SS,黄金ETF,gold,4.489
2023-09-04,518880.SS,黄金ETF,gold,4.506
2023-09-05,518880.SS,黄金ETF,gold,4.508
2023-09-06,518880.SS,黄金ETF,gold,4.505
2023-09-07,518880.SS,黄金ETF,gold,4.504
2023-09-08,518880.SS,黄金ETF,gold,4.536
2023-09-11,518880.SS,黄金ETF,gold,4.545
2023-09-12,518880.SS,黄金ETF,gold,4.546
2023-09-13,518880.SS,黄金ETF,gold,4.557
2023-09-14,518880.SS,黄金ETF,gold,4.592
2023-09-15,518880.SS,黄金ETF,gold,4.548
2023-09-18,518880.SS,黄金ETF,gold,4.524
2023-09-19,518880.SS,黄金ETF,gold,4.559
2023-09-20,518880.SS,黄金ETF,gold,4.594
2023-09-21,518880.SS,黄金ETF,gold,4.58
2023-09-22,518880.SS,黄金ETF,gold,4.561
2023-09-25,518880.SS,黄金ETF,gold,4.581
2023-09-26,518880.SS,黄金ETF,gold,4.578
2023-09-27,518880.SS,黄金ETF,gold,4.511
2023-09-28,518880.SS,黄金ETF,gold,4.436
2023-10-09,518880.SS,黄金ETF,gold,4.405
2023-10-10,518880.SS,黄金ETF,gold,4.348
2023-10-11,518880.SS,黄金ETF,gold,4.355
2023-10-12,518880.SS,黄金ETF,gold,4.39
2023-10-13,518880.SS,黄金ETF,gold,4.405
2023-10-16,518880.SS,黄金ETF,gold,4.46
2023-10-17,518880.SS,黄金ETF,gold,4.48
2023-10-18,518880.SS,黄金ETF,gold,4.523
2023-10-19,518880.SS,黄金ETF,gold,4.547
2023-10-20,518880.SS,黄金ETF,gold,4.597
2023-10-23,518880.SS,黄金ETF,gold,4.572
2023-10-24,518880.SS,黄金ETF,gold,4.575
2023-10-25,518880.SS,黄金ETF,gold,4.557
2023-10-26,518880.SS,黄金ETF,gold,4.59
2023-10-27,518880.SS,黄金ETF,gold,4.599
2023-10-30,518880.SS,黄金ETF,gold,4.609
2023-10-31,518880.SS,黄金ETF,gold,4.62
2023-11-01,518880.SS,黄金ETF,gold,4.603
2023-11-02,518880.SS,黄金ETF,gold,4.613
2023-11-03,518880.SS,黄金ETF,gold,4.61
2023-11-06,518880.SS,黄金ETF,gold,4.587
2023-11-07,518880.SS,黄金ETF,gold,4.569
2023-11-08,518880.SS,黄金ETF,gold,4.551
2023-11-09,518880.SS,黄金ETF,gold,4.521
2023-11-10,518880.SS,黄金ETF,gold,4.554
2023-11-13,518880.SS,黄金ETF,gold,4.538
2023-11-14,518880.SS,黄金ETF,gold,4.558
2023-11-15,518880.SS,黄金ETF,gold,4.577
2023-11-16,518880.SS,黄金ETF,gold,4.559
2023-11-17,518880.SS,黄金ETF,gold,4.572
2023-11-20,518880.SS,黄金ETF,gold,4.522
2023-11-21,518880.SS,黄金ETF,gold,4.516
2023-11-22,518880.SS,黄金ETF,gold,4.499
2023-11-23,518880.SS,黄金ETF,gold,4.495
2023-11-24,518880.SS,黄金ETF,gold,4.499
2023-11-27,518880.SS,黄金ETF,gold,4.546
2023-11-28,518880.SS,黄金ETF,gold,4.56
2023-11-29,518880.SS,黄金ETF,gold,4.591
2023-11-30,518880.SS,黄金ETF,gold,4.589
2023-12-01,518880.SS,黄金ETF,gold,4.589
2023-12-04,518880.SS,黄金ETF,gold,4.643
2023-12-05,518880.SS,黄金ETF,gold,4.58
2023-12-06,518880.SS,黄金ETF,gold,4.578
2023-12-07,518880.SS,黄金ETF,gold,4.584
2023-12-08,518880.SS,黄金ETF,gold,4.591
2023-12-11,518880.SS,黄金ETF,gold,4.557
2023-12-12,518880.SS,黄金ETF,gold,4.539
2023-12-13,518880.SS,黄金ETF,gold,4.529
2023-12-14,518880.SS,黄金ETF,gold,4.598
2023-12-15,518880.SS,黄金ETF,gold,4.59
2023-12-18,518880.SS,黄金ETF,gold,4.576
2023-12-19,518880.SS,黄金ETF,gold,4.589
2023-12-20,518880.SS,黄金ETF,gold,4.604
2023-12-21,518880.SS,黄金ETF,gold,4.605
2023-12-22,518880.SS,黄金ETF,gold,4.627
2023-12-25,518880.SS,黄金ETF,gold,4.634
2023-12-26,518880.SS,黄金ETF,gold,4.647
2023-12-27,518880.SS,黄金ETF,gold,4.66
2023-12-28,518880.SS,黄金ETF,gold,4.662
2023-12-29,518880.SS,黄金ETF,gold,4.648
2024-01-02,518880.SS,黄金ETF,gold,4.666
2024-01-03,518880.SS,黄金ETF,gold,4.663
2024-01-04,518880.SS,黄金ETF,gold,4.651
2024-01-05,518880.SS,黄金ETF,gold,4.664
2024-01-08,518880.SS,黄金ETF,gold,4.65
2024-01-09,518880.SS,黄金ETF,gold,4.649
2024-01-10,518880.SS,黄金ETF,gold,4.631
2024-01-11,518880.SS,黄金ETF,gold,4.631
2024-01-12,518880.SS,黄金ETF,gold,4.646
2024-01-15,518880.SS,黄金ETF,gold,4.673
2024-01-16,518880.SS,黄金ETF,gold,4.677
2024-01-17,518880.SS,黄金ETF,gold,4.631
2024-01-18,518880.SS,黄金ETF,gold,4.616
2024-01-19,518880.SS,黄金ETF,gold,4.643
2024-01-22,518880.SS,黄金ETF,gold,4.625
2024-01-23,518880.SS,黄金ETF,gold,4.632
2024-01-24,518880.SS,黄金ETF,gold,4.626
2024-01-25,518880.SS,黄金ETF,gold,4.605
2024-01-26,518880.SS,黄金ETF,gold,4.625
2024-01-29,518880.SS,黄金ETF,gold,4.634
2024-01-30,518880.SS,黄金ETF,gold,4.647
2024-01-31,518880.SS,黄金ETF,gold,4.653
2024-02-01,518880.SS,黄金ETF,gold,4.668
2024-02-02,518880.SS,黄金ETF,gold,4.679
2024-02-05,518880.SS,黄金ETF,gold,4.643
2024-02-06,518880.SS,黄金ETF,gold,4.633
2024-02-07,518880.SS,黄金ETF,gold,4.642
2024-02-08,518880.SS,黄金ETF,gold,4.662
2024-02-19,518880.SS,黄金ETF,gold,4.644
2024-02-20,518880.SS,黄金ETF,gold,4.642
2024-02-21,518880.SS,黄金ETF,gold,4.642
2024-02-22,518880.SS,黄金ETF,gold,4.639
2024-02-23,518880.SS,黄金ETF,gold,4.63
2024-02-26,518880.SS,黄金ETF,gold,4.651
2024-02-27,518880.SS,黄金ETF,gold,4.646
2024-02-28,518880.SS,黄金ETF,gold,4.645
2024-02-29,518880.SS,黄金ETF,gold,4.647
2024-03-01,518880.SS,黄金ETF,gold,4.667
2024-03-04,518880.SS,黄金ETF,gold,4.725
2024-03-05,518880.SS,黄金ETF,gold,4.789
2024-03-06,518880.SS,黄金ETF,gold,4.824
2024-03-07,518880.SS,黄金ETF,gold,4.885
2024-03-08,518880.SS,黄金ETF,gold,4.881
2024-03-11,518880.SS,黄金ETF,gold,4.899
2024-03-12,518880.SS,黄金ETF,gold,4.879
2024-03-13,518880.SS,黄金ETF,gold,4.87
2024-03-14,518880.SS,黄金ETF,gold,4.877
2024-03-15,518880.SS,黄金ETF,gold,4.899
2024-03-18,518880.SS,黄金ETF,gold,4.86
2024-03-19,518880.SS,黄金ETF,gold,4.87
2024-03-20,518880.SS,黄金ETF,gold,4.88
2024-03-21,518880.SS,黄金ETF,gold,4.978
2024-03-22,518880.SS,黄金ETF,gold,4.946
2024-03-25,518880.SS,黄金ETF,gold,4.956
2024-03-26,518880.SS,黄金ETF,gold,4.966
2024-03-27,518880.SS,黄金ETF,gold,4.99
2024-03-28,518880.SS,黄金ETF,gold,5.029
2024-03-29,518880.SS,黄金ETF,gold,5.126
2024-04-01,518880.SS,黄金ETF,gold,5.155
2024-04-02,518880.SS,黄金ETF,gold,5.159
2024-04-03,518880.SS,黄金ETF,gold,5.231
2024-04-08,518880.SS,黄金ETF,gold,5.354
2024-04-09,518880.SS,黄金ETF,gold,5.369
2024-04-10,518880.SS,黄金ETF,gold,5.388
2024-04-11,518880.SS,黄金ETF,gold,5.348
2024-04-12,518880.SS,黄金ETF,gold,5.504
2024-04-15,518880.SS,黄金ETF,gold,5.417
2024-04-16,518880.SS,黄金ETF,gold,5.452
2024-04-17,518880.SS,黄金ETF,gold,5.461
2024-04-18,518880.SS,黄金ETF,gold,5.445
2024-04-19,518880.SS,黄金ETF,gold,5.471
2024-04-22,518880.SS,黄金ETF,gold,5.364
2024-04-23,518880.SS,黄金ETF,gold,5.232
2024-04-24,518880.SS,黄金ETF,gold,5.287
2024-04-25,518880.SS,黄金ETF,gold,5.288
2024-04-26,518880.SS,黄金ETF,gold,5.329
2024-04-29,518880.SS,黄金ETF,gold,5.294
2024-04-30,518880.SS,黄金ETF,gold,5.286
2024-05-06,518880.SS,黄金ETF,gold,5.254
2024-05-07,518880.SS,黄金ETF,gold,5.268
2024-05-08,518880.SS,黄金ETF,gold,5.261
2024-05-09,518880.SS,黄金ETF,gold,5.25
2024-05-10,518880.SS,黄金ETF,gold,5.369
2024-05-13,518880.SS,黄金ETF,gold,5.337
2024-05-14,518880.SS,黄金ETF,gold,5.329
2024-05-15,518880.SS,黄金ETF,gold,5.37
2024-05-16,518880.SS,黄金ETF,gold,5.417
2024-05-17,518880.SS,黄金ETF,gold,5.416
2024-05-20,518880.SS,黄金ETF,gold,5.55
2024-05-21,518880.SS,黄金ETF,gold,5.481
2024-05-22,518880.SS,黄金ETF,gold,5.492
2024-05-23,518880.SS,黄金ETF,gold,5.366
2024-05-24,518880.SS,黄金ETF,gold,5.319
2024-05-27,518880.SS,黄金ETF,gold,5.338
2024-05-28,518880.SS,黄金ETF,gold,5.334
2024-05-29,518880.SS,黄金ETF,gold,5.37
2024-05-30,518880.SS,黄金ETF,gold,5.317
2024-05-31,518880.SS,黄金ETF,gold,5.343
2024-06-03,518880.SS,黄金ETF,gold,5.296
2024-06-04,518880.SS,黄金ETF,gold,5.346
2024-06-05,518880.SS,黄金ETF,gold,5.324
2024-06-06,518880.SS,黄金ETF,gold,5.398
2024-06-07,518880.SS,黄金ETF,gold,5.399
2024-06-11,518880.SS,黄金ETF,gold,5.237
2024-06-12,518880.SS,黄金ETF,gold,5.267
2024-06-13,518880.SS,黄金ETF,gold,5.269
2024-06-14,518880.SS,黄金ETF,gold,5.271
2024-06-17,518880.SS,黄金ETF,gold,5.279
2024-06-18,518880.SS,黄金ETF,gold,5.284
2024-06-19,518880.SS,黄金ETF,gold,5.305
2024-06-20,518880.SS,黄金ETF,gold,5.351
2024-06-21,518880.SS,黄金ETF,gold,5.376
2024-06-24,518880.SS,黄金ETF,gold,5.29
2024-06-25,518880.SS,黄金ETF,gold,5.302
2024-06-26,518880.SS,黄金ETF,gold,5.271
2024-06-27,518880.SS,黄金ETF,gold,5.242
2024-06-28,518880.SS,黄金ETF,gold,5.297
2024-07-01,518880.SS,黄金ETF,gold,5.299
2024-07-02,518880.SS,黄金ETF,gold,5.306
2024-07-03,518880.SS,黄金ETF,gold,5.34
2024-07-04,518880.SS,黄金ETF,gold,5.365
2024-07-05,518880.SS,黄金ETF,gold,5.381
2024-07-08,518880.SS,黄金ETF,gold,5.384
2024-07-09,518880.SS,黄金ETF,gold,5.362
2024-07-10,518880.SS,黄金ETF,gold,5.397
2024-07-11,518880.SS,黄金ETF,gold,5.417
2024-07-12,518880.SS,黄金ETF,gold,5.446
2024-07-15,518880.SS,黄金ETF,gold,5.442
2024-07-16,518880.SS,黄金ETF,gold,5.505
2024-07-17,518880.SS,黄金ETF,gold,5.576
2024-07-18,518880.SS,黄金ETF,gold,5.573
2024-07-19,518880.SS,黄金ETF,gold,5.425
2024-07-22,518880.SS,黄金ETF,gold,5.421
2024-07-23,518880.SS,黄金ETF,gold,5.394
2024-07-24,518880.SS,黄金ETF,gold,5.465
2024-07-25,518880.SS,黄金ETF,gold,5.327
2024-07-26,518880.SS,黄金ETF,gold,5.35
2024-07-29,518880.SS,黄金ETF,gold,5.387
2024-07-30,518880.SS,黄金ETF,gold,5.394
2024-07-31,518880.SS,黄金ETF,gold,5.436
2024-08-01,518880.SS,黄金ETF,gold,5.48
2024-08-02,518880.SS,黄金ETF,gold,5.505
2024-08-05,518880.SS,黄金ETF,gold,5.366
2024-08-06,518880.SS,黄金ETF,gold,5.327
2024-08-07,518880.SS,黄金ETF,gold,5.352
2024-08-08,518880.SS,黄金ETF,gold,5.349
2024-08-09,518880.SS,黄金ETF,gold,5.396
2024-08-12,518880.SS,黄金ETF,gold,5.437
2024-08-13,518880.SS,黄金ETF,gold,5.474
2024-08-14,518880.SS,黄金ETF,gold,5.456
2024-08-15,518880.SS,黄金ETF,gold,5.443
2024-08-16,518880.SS,黄金ETF,gold,5.453
2024-08-19,518880.SS,黄金ETF,gold,5.513
2024-08-20,518880.SS,黄金ETF,gold,5.513
2024-08-21,518880.SS,黄金ETF,gold,5.537
2024-08-22,518880.SS,黄金ETF,gold,5.523
2024-08-23,518880.SS,黄金ETF,gold,5.504
2024-08-26,518880.SS,黄金ETF,gold,5.538
2024-08-27,518880.SS,黄金ETF,gold,5.534
2024-08-28,518880.SS,黄金ETF,gold,5.528
2024-08-29,518880.SS,黄金ETF,gold,5.535
2024-08-30,518880.SS,黄金ETF,gold,5.522
2024-09-02,518880.SS,黄金ETF,gold,5.491
2024-09-03,518880.SS,黄金ETF,gold,5.501
2024-09-04,518880.SS,黄金ETF,gold,5.463
2024-09-05,518880.SS,黄金ETF,gold,5.502
2024-09-06,518880.SS,黄金ETF,gold,5.517
2024-09-09,518880.SS,黄金ETF,gold,5.477
2024-09-10,518880.SS,黄金ETF,gold,5.513
2024-09-11,518880.SS,黄金ETF,gold,5.542
2024-09-12,518880.SS,黄金ETF,gold,5.531
2024-09-13,518880.SS,黄金ETF,gold,5.611
2024-09-18,518880.SS,黄金ETF,gold,5.609
2024-09-19,518880.SS,黄金ETF,gold,5.6
2024-09-20,518880.SS,黄金ETF,gold,5.663
2024-09-23,518880.SS,黄金ETF,gold,5.711
2024-09-24,518880.SS,黄金ETF,gold,5.697
2024-09-25,518880.SS,黄金ETF,gold,5.74
2024-09-26,518880.SS,黄金ETF,gold,5.751
2024-09-27,518880.SS,黄金ETF,gold,5.708
2024-09-30,518880.SS,黄金ETF,gold,5.707
2024-10-08,518880.SS,黄金ETF,gold,5.714
2024-10-09,518880.SS,黄金ETF,gold,5.64
2024-10-10,518880.SS,黄金ETF,gold,5.676
2024-10-11,518880.SS,黄金ETF,gold,5.739
2024-10-14,518880.SS,黄金ETF,gold,5.799
2024-10-15,518880.SS,黄金ETF,gold,5.799
2024-10-16,518880.SS,黄金ETF,gold,5.884
2024-10-17,518880.SS,黄金ETF,gold,5.905
2024-10-18,518880.SS,黄金ETF,gold,5.945
2024-10-21,518880.SS,黄金ETF,gold,6.02
2024-10-22,518880.SS,黄金ETF,gold,6.018
2024-10-23,518880.SS,黄金ETF,gold,6.056
2024-10-24,518880.SS,黄金ETF,gold,5.995
2024-10-25,518880.SS,黄金ETF,gold,5.998
2024-10-28,518880.SS,黄金ETF,gold,6.017
2024-10-29,518880.SS,黄金ETF,gold,6.068
2024-10-30,518880.SS,黄金ETF,gold,6.14
2024-10-31,518880.SS,黄金ETF,gold,6.103
2024-11-01,518880.SS,黄金ETF,gold,6.051
2024-11-04,518880.SS,黄金ETF,gold,6.006
2024-11-05,518880.SS,黄金ETF,gold,6.006
2024-11-06,518880.SS,黄金ETF,gold,5.994
2024-11-07,518880.SS,黄金ETF,gold,5.86
2024-11-08,518880.SS,黄金ETF,gold,5.898
2024-11-11,518880.SS,黄金ETF,gold,5.905
2024-11-12,518880.SS,黄金ETF,gold,5.807
2024-11-13,518880.SS,黄金ETF,gold,5.796
2024-11-14,518880.SS,黄金ETF,gold,5.68
2024-11-15,518880.SS,黄金ETF,gold,5.683
2024-11-18,518880.SS,黄金ETF,gold,5.758
2024-11-19,518880.SS,黄金ETF,gold,5.858
2024-11-20,518880.SS,黄金ETF,gold,5.857
2024-11-21,518880.SS,黄金ETF,gold,5.933
2024-11-22,518880.SS,黄金ETF,gold,6.01
2024-11-25,518880.SS,黄金ETF,gold,5.916
2024-11-26,518880.SS,黄金ETF,gold,5.844
2024-11-27,518880.SS,黄金ETF,gold,5.899
2024-11-28,518880.SS,黄金ETF,gold,5.869
2024-11-29,518880.SS,黄金ETF,gold,5.923
2024-12-02,518880.SS,黄金ETF,gold,5.872
2024-12-03,518880.SS,黄金ETF,gold,5.931
2024-12-04,518880.SS,黄金ETF,gold,5.929
2024-12-05,518880.SS,黄金ETF,gold,5.927
2024-12-06,518880.SS,黄金ETF,gold,5.903
2024-12-09,518880.SS,黄金ETF,gold,5.936
2024-12-10,518880.SS,黄金ETF,gold,5.961
2024-12-11,518880.SS,黄金ETF,gold,6.011
2024-12-12,518880.SS,黄金ETF,gold,6.052
2024-12-13,518880.SS,黄金ETF,gold,6.001
2024-12-16,518880.SS,黄金ETF,gold,5.947
2024-12-17,518880.SS,黄金ETF,gold,5.94
2024-12-18,518880.SS,黄金ETF,gold,5.932
2024-12-19,518880.SS,黄金ETF,gold,5.885
2024-12-20,518880.SS,黄金ETF,gold,5.892
2024-12-23,518880.SS,黄金ETF,gold,5.951
2024-12-24,518880.SS,黄金ETF,gold,5.921
2024-12-25,518880.SS,黄金ETF,gold,5.936
2024-12-26,518880.SS,黄金ETF,gold,5.94
2024-12-27,518880.SS,黄金ETF,gold,5.945
2024-12-30,518880.SS,黄金ETF,gold,5.923
2024-12-31,518880.SS,黄金ETF,gold,5.928
2025-01-02,518880.SS,黄金ETF,gold,5.977
2025-01-03,518880.SS,黄金ETF,gold,6.029
2025-01-06,518880.SS,黄金ETF,gold,5.99
2025-01-07,518880.SS,黄金ETF,gold,6.0
2025-01-08,518880.SS,黄金ETF,gold,6.03
2025-01-09,518880.SS,黄金ETF,gold,6.065
2025-01-10,518880.SS,黄金ETF,gold,6.105
2025-01-13,518880.SS,黄金ETF,gold,6.12
2025-01-14,518880.SS,黄金ETF,gold,6.068
2025-01-15,518880.SS,黄金ETF,gold,6.102
2025-01-16,518880.SS,黄金ETF,gold,6.122
2025-01-17,518880.SS,黄金ETF,gold,6.139
2025-01-20,518880.SS,黄金ETF,gold,6.127
2025-01-21,518880.SS,黄金ETF,gold,6.127
2025-01-22,518880.SS,黄金ETF,gold,6.181
2025-01-23,518880.SS,黄金ETF,gold,6.187
2025-01-24,518880.SS,黄金ETF,gold,6.218
2025-01-27,518880.SS,黄金ETF,gold,6.202
2025-02-05,518880.SS,黄金ETF,gold,6.439
2025-02-06,518880.SS,黄金ETF,gold,6.402
2025-02-07,518880.SS,黄金ETF,gold,6.42
2025-02-10,518880.SS,黄金ETF,gold,6.518
2025-02-11,518880.SS,黄金ETF,gold,6.584
2025-02-12,518880.SS,黄金ETF,gold,6.538
2025-02-13,518880.SS,黄金ETF,gold,6.57
2025-02-14,518880.SS,黄金ETF,gold,6.605
2025-02-17,518880.SS,黄金ETF,gold,6.494
2025-02-18,518880.SS,黄金ETF,gold,6.555
2025-02-19,518880.SS,黄金ETF,gold,6.598
2025-02-20,518880.SS,黄金ETF,gold,6.619
2025-02-21,518880.SS,黄金ETF,gold,6.568
2025-02-24,518880.SS,黄金ETF,gold,6.581
2025-02-25,518880.SS,黄金ETF,gold,6.582
2025-02-26,518880.SS,黄金ETF,gold,6.519
2025-02-27,518880.SS,黄金ETF,gold,6.492
2025-02-28,518880.SS,黄金ETF,gold,6.444
2025-03-03,518880.SS,黄金ETF,gold,6.451
2025-03-04,518880.SS,黄金ETF,gold,6.499
2025-03-05,518880.SS,黄金ETF,gold,6.547
2025-03-06,518880.SS,黄金ETF,gold,6.535
2025-03-07,518880.SS,黄金ETF,gold,6.526
2025-03-10,518880.SS,黄金ETF,gold,6.544
2025-03-11,518880.SS,黄金ETF,gold,6.505
2025-03-12,518880.SS,黄金ETF,gold,6.526
2025-03-13,518880.SS,黄金ETF,gold,6.575
2025-03-14,518880.SS,黄金ETF,gold,6.673
2025-03-17,518880.SS,黄金ETF,gold,6.677
2025-03-18,518880.SS,黄金ETF,gold,6.727
2025-03-19,518880.SS,黄金ETF,gold,6.8
2025-03-20,518880.SS,黄金ETF,gold,6.807
2025-03-21,518880.SS,黄金ETF,gold,6.774
2025-03-24,518880.SS,黄金ETF,gold,6.78
2025-03-25,518880.SS,黄金ETF,gold,6.774
2025-03-26,518880.SS,黄金ETF,gold,6.795
2025-03-27,518880.SS,黄金ETF,gold,6.812
2025-03-28,518880.SS,黄金ETF,gold,6.938
2025-03-31,518880.SS,黄金ETF,gold,7.012
2025-04-01,518880.SS,黄金ETF,gold,7.056
2025-04-02,518880.SS,黄金ETF,gold,7.029
2025-04-03,518880.SS,黄金ETF,gold,7.094
2025-04-07,518880.SS,黄金ETF,gold,6.877
2025-04-08,518880.SS,黄金ETF,gold,6.925
2025-04-09,518880.SS,黄金ETF,gold,7.012
2025-04-10,518880.SS,黄金ETF,gold,7.164
2025-04-11,518880.SS,黄金ETF,gold,7.273
2025-04-14,518880.SS,黄金ETF,gold,7.327
2025-04-15,518880.SS,黄金ETF,gold,7.325
2025-04-16,518880.SS,黄金ETF,gold,7.503
2025-04-17,518880.SS,黄金ETF,gold,7.565
2025-04-18,518880.SS,黄金ETF,gold,7.583
2025-04-21,518880.SS,黄金ETF,gold,7.724
2025-04-22,518880.SS,黄金ETF,gold,7.982
2025-04-23,518880.SS,黄金ETF,gold,7.5
2025-04-24,518880.SS,黄金ETF,gold,7.582
2025-04-25,518880.SS,黄金ETF,gold,7.53
2025-04-28,518880.SS,黄金ETF,gold,7.465
2025-04-29,518880.SS,黄金ETF,gold,7.517
2025-04-30,518880.SS,黄金ETF,gold,7.471
2025-05-06,518880.SS,黄金ETF,gold,7.612
2025-05-07,518880.SS,黄金ETF,gold,7.671
2025-05-08,518880.SS,黄金ETF,gold,7.557
2025-05-09,518880.SS,黄金ETF,gold,7.531
2025-05-12,518880.SS,黄金ETF,gold,7.376
2025-05-13,518880.SS,黄金ETF,gold,7.332
2025-05-14,518880.SS,黄金ETF,gold,7.277
2025-05-15,518880.SS,黄金ETF,gold,7.062
2025-05-16,518880.SS,黄金ETF,gold,7.177
2025-05-19,518880.SS,黄金ETF,gold,7.222
2025-05-20,518880.SS,黄金ETF,gold,7.209
2025-05-21,518880.SS,黄金ETF,gold,7.439
2025-05-22,518880.SS,黄金ETF,gold,7.45
2025-05-23,518880.SS,黄金ETF,gold,7.454
2025-05-26,518880.SS,黄金ETF,gold,7.425
2025-05-27,518880.SS,黄金ETF,gold,7.366
2025-05-28,518880.SS,黄金ETF,gold,7.375
2025-05-29,518880.SS,黄金ETF,gold,7.3
2025-05-30,518880.SS,黄金ETF,gold,7.369
2025-06-03,518880.SS,黄金ETF,gold,7.478
2025-06-04,518880.SS,黄金ETF,gold,7.474
2025-06-05,518880.SS,黄金ETF,gold,7.483
2025-06-06,518880.SS,黄金ETF,gold,7.481
2025-06-09,518880.SS,黄金ETF,gold,7.4
2025-06-10,518880.SS,黄金ETF,gold,7.405
2025-06-11,518880.SS,黄金ETF,gold,7.428
2025-06-12,518880.SS,黄金ETF,gold,7.497
2025-06-13,518880.SS,黄金ETF,gold,7.588
2025-06-16,518880.SS,黄金ETF,gold,7.563
2025-06-17,518880.SS,黄金ETF,gold,7.499
2025-06-18,518880.SS,黄金ETF,gold,7.503
2025-06-19,518880.SS,黄金ETF,gold,7.465
2025-06-20,518880.SS,黄金ETF,gold,7.436
2025-06-23,518880.SS,黄金ETF,gold,7.464
2025-06-24,518880.SS,黄金ETF,gold,7.372
2025-06-25,518880.SS,黄金ETF,gold,7.392
2025-06-26,518880.SS,黄金ETF,gold,7.405
2025-06-27,518880.SS,黄金ETF,gold,7.326
2025-06-30,518880.SS,黄金ETF,gold,7.314
2025-07-01,518880.SS,黄金ETF,gold,7.397
2025-07-02,518880.SS,黄金ETF,gold,7.394
2025-07-03,518880.SS,黄金ETF,gold,7.445
2025-07-04,518880.SS,黄金ETF,gold,7.407
2025-07-07,518880.SS,黄金ETF,gold,7.355
2025-07-08,518880.SS,黄金ETF,gold,7.398
2025-07-09,518880.SS,黄金ETF,gold,7.314
2025-07-10,518880.SS,黄金ETF,gold,7.371
2025-07-11,518880.SS,黄金ETF,gold,7.376
2025-07-14,518880.SS,黄金ETF,gold,7.44
2025-07-15,518880.SS,黄金ETF,gold,7.436
2025-07-16,518880.SS,黄金ETF,gold,7.402
2025-07-17,518880.SS,黄金ETF,gold,7.397
2025-07-18,518880.SS,黄金ETF,gold,7.403
2025-07-21,518880.SS,黄金ETF,gold,7.446
2025-07-22,518880.SS,黄金ETF,gold,7.474
2025-07-23,518880.SS,黄金ETF,gold,7.548
2025-07-24,518880.SS,黄金ETF,gold,7.424
2025-07-25,518880.SS,黄金ETF,gold,7.409
2025-07-28,518880.SS,黄金ETF,gold,7.388
2025-07-29,518880.SS,黄金ETF,gold,7.363
2025-07-30,518880.SS,黄金ETF,gold,7.377
2025-07-31,518880.SS,黄金ETF,gold,7.35
2025-08-01,518880.SS,黄金ETF,gold,7.352
2025-08-04,518880.SS,黄金ETF,gold,7.446
2025-08-05,518880.SS,黄金ETF,gold,7.455
2025-08-06,518880.SS,黄金ETF,gold,7.468
2025-08-07,518880.SS,黄金ETF,gold,7.484
2025-08-08,518880.SS,黄金ETF,gold,7.508
2025-08-11,518880.SS,黄金ETF,gold,7.429
2025-08-12,518880.SS,黄金ETF,gold,7.399
2025-08-13,518880.SS,黄金ETF,gold,7.415
2025-08-14,518880.SS,黄金ETF,gold,7.424
2025-08-15,518880.SS,黄金ETF,gold,7.401
2025-08-18,518880.SS,黄金ETF,gold,7.413
2025-08-19,518880.SS,黄金ETF,gold,7.391
2025-08-20,518880.SS,黄金ETF,gold,7.374
2025-08-21,518880.SS,黄金ETF,gold,7.394
2025-08-22,518880.SS,黄金ETF,gold,7.378
2025-08-25,518880.SS,黄金ETF,gold,7.427
2025-08-26,518880.SS,黄金ETF,gold,7.449
2025-08-27,518880.SS,黄金ETF,gold,7.45
2025-08-28,518880.SS,黄金ETF,gold,7.468
2025-08-29,518880.SS,黄金ETF,gold,7.486
2025-09-01,518880.SS,黄金ETF,gold,7.647
2025-09-02,518880.SS,黄金ETF,gold,7.67
2025-09-03,518880.SS,黄金ETF,gold,7.768
2025-09-04,518880.SS,黄金ETF,gold,7.75
2025-09-05,518880.SS,黄金ETF,gold,7.775
2025-09-08,518880.SS,黄金ETF,gold,7.847
2025-09-09,518880.SS,黄金ETF,gold,7.966
2025-09-10,518880.SS,黄金ETF,gold,7.947
2025-09-11,518880.SS,黄金ETF,gold,7.923
2025-09-12,518880.SS,黄金ETF,gold,7.954
2025-09-15,518880.SS,黄金ETF,gold,7.931
2025-09-16,518880.SS,黄金ETF,gold,8.032
2025-09-17,518880.SS,黄金ETF,gold,7.964
2025-09-18,518880.SS,黄金ETF,gold,7.862
2025-09-19,518880.SS,黄金ETF,gold,7.898
2025-09-22,518880.SS,黄金ETF,gold,8.048
2025-09-23,518880.SS,黄金ETF,gold,8.143
2025-09-24,518880.SS,黄金ETF,gold,8.19
2025-09-25,518880.SS,黄金ETF,gold,8.146
2025-09-26,518880.SS,黄金ETF,gold,8.16
2025-09-29,518880.SS,黄金ETF,gold,8.259
2025-09-30,518880.SS,黄金ETF,gold,8.339
2025-10-09,518880.SS,黄金ETF,gold,8.729
2025-10-10,518880.SS,黄金ETF,gold,8.602
2025-10-13,518880.SS,黄金ETF,gold,8.859
2025-10-14,518880.SS,黄金ETF,gold,8.976
2025-10-15,518880.SS,黄金ETF,gold,9.187
2025-10-16,518880.SS,黄金ETF,gold,9.244
2025-10-17,518880.SS,黄金ETF,gold,9.568
2025-10-20,518880.SS,黄金ETF,gold,9.268
2025-10-21,518880.SS,黄金ETF,gold,9.49
2025-10-22,518880.SS,黄金ETF,gold,9.101
2025-10-23,518880.SS,黄金ETF,gold,8.994
2025-10-24,518880.SS,黄金ETF,gold,8.95
2025-10-27,518880.SS,黄金ETF,gold,8.914
2025-10-28,518880.SS,黄金ETF,gold,8.597
2025-10-29,518880.SS,黄金ETF,gold,8.692
2025-10-30,518880.SS,黄金ETF,gold,8.704
2025-10-31,518880.SS,黄金ETF,gold,8.794
2025-11-03,518880.SS,黄金ETF,gold,8.797
2025-11-04,518880.SS,黄金ETF,gold,8.737
2025-11-05,518880.SS,黄金ETF,gold,8.706
2025-11-06,518880.SS,黄金ETF,gold,8.755
2025-11-07,518880.SS,黄金ETF,gold,8.793
2025-11-10,518880.SS,黄金ETF,gold,8.936
2025-11-11,518880.SS,黄金ETF,gold,9.062
2025-11-12,518880.SS,黄金ETF,gold,9.029
2025-11-13,518880.SS,黄金ETF,gold,9.175
2025-11-14,518880.SS,黄金ETF,gold,9.096
2025-11-17,518880.SS,黄金ETF,gold,8.882
2025-11-18,518880.SS,黄金ETF,gold,8.777
2025-11-19,518880.SS,黄金ETF,gold,8.954
2025-11-20,518880.SS,黄金ETF,gold,8.903
2025-11-21,518880.SS,黄金ETF,gold,8.828
2025-11-24,518880.SS,黄金ETF,gold,8.857
2025-11-25,518880.SS,黄金ETF,gold,9.01
2025-11-26,518880.SS,黄金ETF,gold,9.011
2025-11-27,518880.SS,黄金ETF,gold,9.01
2025-11-28,518880.SS,黄金ETF,gold,9.067
2025-12-01,518880.SS,黄金ETF,gold,9.161
2025-12-02,518880.SS,黄金ETF,gold,9.112
2025-12-03,518880.SS,黄金ETF,gold,9.096
2025-12-04,518880.SS,黄金ETF,gold,9.064
2025-12-05,518880.SS,黄金ETF,gold,9.136
2025-12-08,518880.SS,黄金ETF,gold,9.11
2025-12-09,518880.SS,黄金ETF,gold,9.046
2025-12-10,518880.SS,黄金ETF,gold,9.095
2025-12-11,518880.SS,黄金ETF,gold,9.11
2025-12-12,518880.SS,黄金ETF,gold,9.227
2025-12-15,518880.SS,黄金ETF,gold,9.351
2025-12-16,518880.SS,黄金ETF,gold,9.24
2025-12-17,518880.SS,黄金ETF,gold,9.31
2025-12-18,518880.SS,黄金ETF,gold,9.318
2025-12-19,518880.SS,黄金ETF,gold,9.313
2025-12-22,518880.SS,黄金ETF,gold,9.511
2025-12-23,518880.SS,黄金ETF,gold,9.639
2025-12-24,518880.SS,黄金ETF,gold,9.642
2025-12-25,518880.SS,黄金ETF,gold,9.566
2025-12-26,518880.SS,黄金ETF,gold,9.65
2025-12-29,518880.SS,黄金ETF,gold,9.563
2025-12-30,518880.SS,黄金ETF,gold,9.363
2025-12-31,518880.SS,黄金ETF,gold,9.301
2026-01-05,518880.SS,黄金ETF,gold,9.495
2026-01-06,518880.SS,黄金ETF,gold,9.577
2026-01-07,518880.SS,黄金ETF,gold,9.518
2026-01-08,518880.SS,黄金ETF,gold,9.511
2026-01-09,518880.SS,黄金ETF,gold,9.592
2026-01-12,518880.SS,黄金ETF,gold,9.777
2026-01-13,518880.SS,黄金ETF,gold,9.793
2026-01-14,518880.SS,黄金ETF,gold,9.922
2026-01-15,518880.SS,黄金ETF,gold,9.867
2026-01-16,518880.SS,黄金ETF,gold,9.857
2026-01-19,518880.SS,黄金ETF,gold,10.006
2026-01-20,518880.SS,黄金ETF,gold,10.082
2026-01-21,518880.SS,黄金ETF,gold,10.377
2026-01-22,518880.SS,黄金ETF,gold,10.341
2026-01-23,518880.SS,黄金ETF,gold,10.617
2026-01-26,518880.SS,黄金ETF,gold,10.924
2026-01-27,518880.SS,黄金ETF,gold,10.934
2026-01-28,518880.SS,黄金ETF,gold,11.28
2026-01-29,518880.SS,黄金ETF,gold,11.904
2026-01-30,518880.SS,黄金ETF,gold,11.009
2026-02-02,518880.SS,黄金ETF,gold,9.908
2026-02-03,518880.SS,黄金ETF,gold,10.422
2026-02-04,518880.SS,黄金ETF,gold,10.867
2026-02-05,518880.SS,黄金ETF,gold,10.523
2026-02-06,518880.SS,黄金ETF,gold,10.357
2026-02-09,518880.SS,黄金ETF,gold,10.719
2026-02-10,518880.SS,黄金ETF,gold,10.669
2026-02-11,518880.SS,黄金ETF,gold,10.758
2026-02-12,518880.SS,黄金ETF,gold,10.72
2026-02-13,518880.SS,黄金ETF,gold,10.575
2026-02-24,518880.SS,黄金ETF,gold,10.95
2026-02-25,518880.SS,黄金ETF,gold,10.959
2026-02-26,518880.SS,黄金ETF,gold,10.913
2026-02-27,518880.SS,黄金ETF,gold,10.933
2026-03-02,518880.SS,黄金ETF,gold,11.417
2026-03-03,518880.SS,黄金ETF,gold,11.259
2026-03-04,518880.SS,黄金ETF,gold,10.98
2026-03-05,518880.SS,黄金ETF,gold,10.964
2026-03-06,518880.SS,黄金ETF,gold,10.873
2026-03-09,518880.SS,黄金ETF,gold,10.868
2026-03-10,518880.SS,黄金ETF,gold,10.956
2026-03-11,518880.SS,黄金ETF,gold,10.974
2026-03-12,518880.SS,黄金ETF,gold,10.938
2026-03-13,518880.SS,黄金ETF,gold,10.802
2026-03-16,518880.SS,黄金ETF,gold,10.664
2026-03-17,518880.SS,黄金ETF,gold,10.637
2026-03-18,518880.SS,黄金ETF,gold,10.606
2026-03-19,518880.SS,黄金ETF,gold,10.126
2026-03-20,518880.SS,黄金ETF,gold,9.896
2026-03-23,518880.SS,黄金ETF,gold,8.941
2026-03-24,518880.SS,黄金ETF,gold,9.299
2026-03-25,518880.SS,黄金ETF,gold,9.641
2026-03-26,518880.SS,黄金ETF,gold,9.45
2026-03-27,518880.SS,黄金ETF,gold,9.494
2026-03-30,518880.SS,黄金ETF,gold,9.656
2026-03-31,518880.SS,黄金ETF,gold,9.699
2026-04-01,518880.SS,黄金ETF,gold,10.024
2026-04-02,518880.SS,黄金ETF,gold,9.738
2026-04-03,518880.SS,黄金ETF,gold,9.828
2026-04-07,518880.SS,黄金ETF,gold,9.837
2026-04-08,518880.SS,黄金ETF,gold,10.113
2026-04-09,518880.SS,黄金ETF,gold,9.908
2026-04-10,518880.SS,黄金ETF,gold,9.972
2026-04-13,518880.SS,黄金ETF,gold,9.924
2026-04-14,518880.SS,黄金ETF,gold,10.011
2026-04-15,518880.SS,黄金ETF,gold,10.064
2026-04-16,518880.SS,黄金ETF,gold,10.097
2026-04-17,518880.SS,黄金ETF,gold,10.029
2026-04-20,518880.SS,黄金ETF,gold,10.036
2026-04-21,518880.SS,黄金ETF,gold,10.01
2026-04-22,518880.SS,黄金ETF,gold,10.004
2026-04-23,518880.SS,黄金ETF,gold,9.9
2026-04-24,518880.SS,黄金ETF,gold,9.826
2026-04-27,518880.SS,黄金ETF,gold,9.897
2026-04-28,518880.SS,黄金ETF,gold,9.732
2026-04-29,518880.SS,黄金ETF,gold,9.637
2026-04-30,518880.SS,黄金ETF,gold,9.678
2026-05-06,518880.SS,黄金ETF,gold,9.791
2026-05-07,518880.SS,黄金ETF,gold,9.909
2026-05-08,518880.SS,黄金ETF,gold,9.88
2026-05-11,518880.SS,黄金ETF,gold,9.774
2026-05-12,518880.SS,黄金ETF,gold,9.806
2026-05-13,518880.SS,黄金ETF,gold,9.804
2026-05-14,518880.SS,黄金ETF,gold,9.795
2026-05-15,518880.SS,黄金ETF,gold,9.554
2026-05-18,518880.SS,黄金ETF,gold,9.513
2026-05-19,518880.SS,黄金ETF,gold,9.515
2026-05-20,518880.SS,黄金ETF,gold,9.367
2026-05-21,518880.SS,黄金ETF,gold,9.45
2026-05-22,518880.SS,黄金ETF,gold,9.461
2026-05-25,518880.SS,黄金ETF,gold,9.512
2026-05-26,518880.SS,黄金ETF,gold,9.454
2026-05-27,518880.SS,黄金ETF,gold,9.345
2026-05-28,518880.SS,黄金ETF,gold,9.132
2026-05-29,518880.SS,黄金ETF,gold,9.397
2026-06-01,518880.SS,黄金ETF,gold,9.344
2026-06-02,518880.SS,黄金ETF,gold,9.41
2026-06-03,518880.SS,黄金ETF,gold,9.281
2026-06-04,518880.SS,黄金ETF,gold,9.29
2026-06-05,518880.SS,黄金ETF,gold,9.252
2026-06-08,518880.SS,黄金ETF,gold,8.953
2026-06-09,518880.SS,黄金ETF,gold,9.005
2026-06-10,518880.SS,黄金ETF,gold,8.736
2026-06-11,518880.SS,黄金ETF,gold,8.506
2026-06-12,518880.SS,黄金ETF,gold,8.659
2026-06-15,518880.SS,黄金ETF,gold,8.928
2026-06-16,518880.SS,黄金ETF,gold,8.949
2026-06-17,518880.SS,黄金ETF,gold,8.957
2026-06-18,518880.SS,黄金ETF,gold,8.908
2026-06-22,518880.SS,黄金ETF,gold,8.716
2026-06-23,518880.SS,黄金ETF,gold,8.537
2026-06-24,518880.SS,黄金ETF,gold,8.515
2026-06-25,518880.SS,黄金ETF,gold,8.287
2026-06-26,518880.SS,黄金ETF,gold,8.39
2026-06-29,518880.SS,黄金ETF,gold,8.449
2026-06-30,518880.SS,黄金ETF,gold,8.378
2026-07-01,518880.SS,黄金ETF,gold,8.271
2026-07-02,518880.SS,黄金ETF,gold,8.475
2026-07-03,518880.SS,黄金ETF,gold,8.672
2026-07-06,518880.SS,黄金ETF,gold,8.631
2026-07-07,518880.SS,黄金ETF,gold,8.597
2026-07-08,518880.SS,黄金ETF,gold,8.589
2026-07-09,518880.SS,黄金ETF,gold,8.544
2026-07-10,518880.SS,黄金ETF,gold,8.541
2026-07-13,518880.SS,黄金ETF,gold,8.419
2026-07-14,518880.SS,黄金ETF,gold,8.373
2026-07-15,518880.SS,黄金ETF,gold,8.369
2026-07-16,518880.SS,黄金ETF,gold,8.363
2026-07-17,518880.SS,黄金ETF,gold,8.311
2026-07-20,518880.SS,黄金ETF,gold,8.318
2026-07-21,518880.SS,黄金ETF,gold,8.468
2026-07-22,518880.SS,黄金ETF,gold,8.56
2026-07-23,518880.SS,黄金ETF,gold,8.56
2026-07-24,518880.SS,黄金ETF,gold,8.385
2026-07-27,518880.SS,黄金ETF,gold,8.502
2026-07-28,518880.SS,黄金ETF,gold,8.4
2026-07-29,518880.SS,黄金ETF,gold,8.392
2026-07-30,518880.SS,黄金ETF,gold,8.36
2026-07-31,518880.SS,黄金ETF,gold,8.433
2026-08-03,518880.SS,黄金ETF,gold,8.417
2026-08-04,518880.SS,黄金ETF,gold,8.408
2026-08-05,518880.SS,黄金ETF,gold,8.64
2026-08-06,518880.SS,黄金ETF,gold,8.795
2026-08-07,518880.SS,黄金ETF,gold,8.892
2026-08-10,518880.SS,黄金ETF,gold,9.005
2026-08-11,518880.SS,黄金ETF,gold,9.009
2026-08-12,518880.SS,黄金ETF,gold,9.088
